Date,Open,High,Low,Close,Volume,AvgVol20,VolDisp20,SMA20,SMA60,SMA120,SMA480,RSI14,POC_20D_UltraShort,POC_90D_Short,POC_365D_Mid,POC_1095D_Long
2012-05-18,41.651077123294804,44.573091665988976,37.639499629057354,37.86731719970703,573576400,0,0.0,,,,,,기간 부족,기간 부족,기간 부족,기간 부족
2012-05-21,36.183447894989584,36.31221567576231,32.68693732372578,33.7071647644043,168192700,0,0.0,,,,,0.0,기간 부족,기간 부족,기간 부족,기간 부족
2012-05-22,32.30063260022378,33.271334978932565,30.64647565765711,30.70590591430664,101786600,0,0.0,,,,,0.0,37.8 - 38.5 (68.0%),37.8 - 38.4 (68.0%),37.8 - 38.4 (68.0%),37.5 - 38.0 (68.0%)
2012-05-23,31.0723982188955,32.19167724251747,31.062492860725797,31.696420669555664,73600000,0,0.0,,,,,1.83,37.8 - 38.5 (62.5%),37.8 - 38.4 (62.5%),37.8 - 38.4 (62.5%),37.5 - 38.0 (62.5%)
2012-05-24,32.63741282017015,32.89494460639016,31.468606865808372,32.716651916503906,50237200,0,0.0,,,,,3.79,37.8 - 38.5 (59.3%),37.8 - 38.4 (59.3%),37.8 - 38.4 (59.3%),37.5 - 38.0 (59.3%)
2012-05-25,32.58788470706986,32.637409609720365,30.814865231223614,31.607275009155273,37149800,0,0.0,,,,,3.71,37.8 - 38.5 (57.1%),37.8 - 38.4 (57.1%),37.8 - 38.4 (57.1%),37.5 - 38.0 (57.1%)
2012-05-29,31.181356824853374,31.38936559088805,28.378204387795954,28.566402435302734,78063400,0,0.0,,,,,3.47,37.8 - 38.7 (53.0%),37.6 - 38.4 (53.0%),37.8 - 38.5 (53.0%),37.8 - 38.4 (53.0%)
2012-05-30,28.427729321389656,29.26966402186225,27.59569809027798,27.92256736755371,57267900,0,0.0,,,,,3.42,37.0 - 38.0 (50.3%),37.6 - 38.4 (50.3%),37.6 - 38.4 (50.3%),37.8 - 38.5 (50.3%)
2012-05-31,28.279150989667365,29.388526600442212,26.57546897270477,29.319190979003906,111639200,0,0.0,,,,,6.52,37.0 - 38.0 (45.8%),37.6 - 38.4 (45.8%),37.6 - 38.4 (45.8%),37.8 - 38.5 (45.8%)
2012-06-01,28.61592606035904,28.873459721921698,27.130156243904196,27.4570255279541,41855500,0,0.0,,,,,6.23,37.0 - 38.0 (44.3%),37.8 - 38.7 (44.3%),37.6 - 38.4 (44.3%),37.8 - 38.5 (44.3%)
2012-06-04,26.94195908658573,27.387688881301667,26.189168847688787,26.644804000854492,35230300,0,0.0,,,,,6.11,37.4 - 38.5 (43.2%),37.8 - 38.7 (43.2%),37.8 - 38.7 (43.2%),37.8 - 38.5 (43.2%)
2012-06-05,26.446702425077632,27.49664585749247,25.50571415679526,25.624576568603516,42473400,0,0.0,,,,,5.94,37.2 - 38.4 (41.8%),37.0 - 38.0 (41.8%),37.8 - 38.7 (41.8%),37.6 - 38.4 (41.8%)
2012-06-06,25.822680654489826,26.91224562967274,25.277899111525432,26.555660247802734,61489200,0,0.0,,,,,8.35,37.2 - 38.4 (40.0%),37.0 - 38.0 (40.0%),37.8 - 38.7 (40.0%),37.6 - 38.4 (40.0%)
2012-06-07,26.743854600150197,27.090534574669583,25.90191805896136,26.060400009155273,26159500,0,0.0,,,,,8.23,37.2 - 38.4 (39.3%),37.0 - 38.0 (39.3%),37.8 - 38.7 (39.3%),37.6 - 38.4 (39.3%)
2012-06-08,26.298123581609165,27.496645484855325,26.189168418953273,26.842906951904297,38034000,0,0.0,,,,,10.43,33.6 - 34.4 (18.2%),37.0 - 38.0 (38.3%),37.8 - 38.7 (38.3%),37.6 - 38.4 (38.3%)
2012-06-11,26.922146688780057,27.803702753975436,26.585372079530487,26.753759384155273,28219600,0,0.0,,,,,10.39,28.7 - 29.4 (14.3%),37.0 - 38.0 (37.6%),37.8 - 38.7 (37.6%),37.6 - 38.4 (37.6%)
2012-06-12,27.219305228508,27.506554994438787,26.70423785534161,27.140064239501953,15816800,0,0.0,,,,,11.6,26.6 - 27.3 (16.8%),37.0 - 38.0 (37.2%),37.8 - 38.7 (37.2%),37.6 - 38.4 (37.2%)
2012-06-13,27.397594860629006,27.83342119602571,26.84290799964938,27.011295318603516,17102800,0,0.0,,,,,11.55,26.6 - 27.3 (21.0%),37.0 - 38.0 (36.8%),37.8 - 38.7 (36.8%),37.6 - 38.4 (36.8%)
2012-06-14,27.38768818941154,28.051332074748995,27.120249185785873,28.021617889404297,16855000,0,0.0,,,,,15.01,26.4 - 27.0 (26.8%),37.0 - 38.0 (36.4%),37.8 - 38.7 (36.4%),37.6 - 38.4 (36.4%)
2012-06-15,28.239531923367945,29.81444808284518,28.081049960461783,29.72530174255371,43563800,80915655,-46.16,29.1,,,,20.65,26.4 - 26.8 (20.4%),37.0 - 38.0 (35.4%),37.8 - 38.7 (35.4%),37.6 - 38.4 (35.4%)
2012-06-18,29.67577554922533,31.77566632338478,29.130994026861636,31.11202049255371,42978900,54385780,-20.97,28.76,,,,25.01,26.5 - 27.0 (24.8%),37.0 - 38.0 (34.5%),37.8 - 38.7 (34.5%),37.6 - 38.4 (34.5%)
2012-06-19,31.240786195332106,31.874714017677434,30.408754983876896,31.607275009155273,30849000,47518595,-35.08,28.65,,,,26.56,26.4 - 27.0 (26.7%),37.0 - 38.0 (33.9%),37.8 - 38.7 (33.9%),37.6 - 38.4 (33.9%)
2012-06-20,31.617180588189413,31.62708594663943,30.854484990823703,31.300216674804688,15553600,43206945,-64.0,28.68,,,,26.2,26.4 - 27.0 (28.7%),37.0 - 38.0 (33.6%),37.8 - 38.7 (33.6%),37.6 - 38.4 (33.6%)
2012-06-21,31.36954986222147,32.191675657283476,31.211067917818223,31.53793716430664,21875300,40620710,-46.15,28.68,,,,27.03,26.4 - 27.0 (34.1%),37.0 - 38.0 (33.2%),37.8 - 38.7 (33.2%),37.6 - 38.4 (33.2%)
2012-06-22,32.10253751481198,33.13267230541184,31.755859353796914,32.73646545410156,74834000,41850550,78.81,28.68,,,,31.23,26.6 - 27.3 (26.3%),37.0 - 38.0 (31.8%),37.8 - 38.7 (31.8%),37.6 - 38.4 (31.8%)
2012-06-25,32.54826147986882,32.70674342672149,31.250687942288565,31.75585174560547,24352900,41210705,-40.91,28.68,,,,29.72,26.6 - 27.3 (19.8%),37.0 - 38.0 (31.4%),37.8 - 38.7 (31.4%),37.6 - 38.4 (31.4%)
2012-06-26,32.379866260516465,33.122750956618766,32.19167016443305,32.78597640991211,24858700,38550470,-35.52,28.9,,,,33.36,32.2 - 32.9 (20.7%),37.0 - 38.0 (30.9%),37.8 - 38.7 (30.9%),37.6 - 38.4 (30.9%)
2012-06-27,32.152057695809475,32.5878859238256,31.5973708305466,31.924240112304688,28568000,37115475,-23.03,29.1,,,,31.87,31.5 - 32.2 (23.5%),37.0 - 38.0 (30.5%),37.8 - 38.7 (30.5%),37.6 - 38.4 (30.5%)
2012-06-28,31.656798737379244,31.884616303926116,30.606855348257863,31.06249237060547,17713300,32419180,-45.36,29.18,,,,30.41,32.4 - 33.0 (22.6%),37.0 - 38.0 (30.2%),37.8 - 38.7 (30.2%),37.6 - 38.4 (30.2%)
2012-06-29,31.61718075551479,31.6865163757779,30.468185618787448,30.804960250854492,19526900,31302750,-37.62,29.35,,,,29.97,32.4 - 33.0 (23.6%),37.0 - 38.0 (29.9%),37.8 - 38.7 (29.9%),37.6 - 38.4 (29.9%)
2012-07-02,30.953534210965774,31.428980043025298,30.26017428893862,30.47808837890625,14122000,30247335,-53.31,29.54,,,,29.39,32.4 - 33.0 (24.4%),37.0 - 38.0 (29.7%),37.8 - 38.7 (29.7%),37.6 - 38.4 (29.7%)
2012-07-03,30.616761054807732,31.14173369997156,30.50780400467372,30.904010772705078,8763600,28561845,-69.32,29.81,,,,31.26,32.4 - 33.0 (24.8%),37.0 - 38.0 (29.5%),37.8 - 38.7 (29.5%),37.6 - 38.4 (29.5%)
2012-07-05,31.02287116114674,31.329929704750242,30.725717975627724,31.17144775390625,10032100,25988990,-61.4,30.04,,,,32.48,32.7 - 33.0 (26.4%),37.0 - 38.0 (29.4%),37.8 - 38.7 (29.4%),37.6 - 38.4 (29.4%)
2012-07-06,31.14173583997191,31.59737100956291,30.963443159956647,31.428983688354492,10945600,25228295,-56.61,30.31,,,,33.69,32.6 - 32.8 (28.9%),37.0 - 38.0 (29.2%),37.8 - 38.7 (29.2%),37.6 - 38.4 (29.2%)
2012-07-09,31.795469605514736,32.5680724076475,31.686514447127568,31.864805221557617,17785200,24215855,-26.56,30.56,,,,35.8,32.6 - 32.8 (31.2%),37.0 - 38.0 (29.0%),37.8 - 38.7 (29.0%),37.6 - 38.4 (29.0%)
2012-07-10,32.12234134822408,32.17186624939263,30.864389210302747,31.17144775390625,14269500,23518350,-39.33,30.78,,,,33.95,32.6 - 32.8 (32.9%),37.0 - 38.0 (28.7%),37.8 - 38.7 (28.7%),37.6 - 38.4 (28.7%)
2012-07-11,31.181355197883185,31.260596178606047,30.260177616196163,30.676193237304688,13030300,23379025,-44.26,30.95,,,,32.66,32.6 - 32.8 (33.2%),37.0 - 38.0 (28.6%),37.8 - 38.7 (28.6%),37.6 - 38.4 (28.6%)
2012-07-12,30.408756470396177,31.102114587667415,30.309704770999137,30.517711639404297,11300700,23088920,-51.06,31.13,,,,32.23,32.6 - 32.8 (34.4%),37.0 - 38.0 (28.4%),37.8 - 38.7 (28.4%),37.6 - 38.4 (28.4%)
2012-07-13,30.745529874793036,30.775244060935925,30.270082114713368,30.428564071655273,8108300,22651585,-64.2,31.25,,,,31.98,31.8 - 32.0 (20.8%),37.0 - 38.0 (28.3%),37.8 - 38.7 (28.3%),37.6 - 38.4 (28.3%)
2012-07-16,30.210653186899368,30.210653186899368,27.942377007991873,27.981998443603516,24672100,21707000,13.66,31.16,,,,25.99,31.0 - 31.5 (23.7%),37.0 - 38.0 (27.9%),37.8 - 38.7 (27.9%),37.6 - 38.4 (27.9%)
2012-07-17,28.209816401728496,28.31877346183988,26.89243387837489,27.823516845703125,30438600,21079985,44.4,31.0,,,,25.65,30.8 - 31.2 (30.7%),37.0 - 38.0 (27.5%),37.8 - 38.7 (27.5%),37.6 - 38.4 (27.5%)
2012-07-18,28.041427735045165,29.012132092063474,27.882945776604213,28.833839416503906,16841800,20379625,-17.36,30.86,,,,31.7,30.8 - 31.2 (32.3%),37.0 - 38.0 (27.3%),37.8 - 38.7 (27.3%),37.6 - 38.4 (27.3%)
2012-07-19,29.13099044286857,29.22013677399734,28.35838953617048,28.72488021850586,13685100,20286200,-32.54,30.73,,,,31.41,27.6 - 28.0 (25.8%),37.0 - 38.0 (27.1%),37.8 - 38.7 (27.1%),37.6 - 38.4 (27.1%)
2012-07-20,28.72488074594574,29.190421236524507,28.447536389646597,28.487157821655273,11869100,19785890,-40.01,30.58,,,,30.73,27.6 - 28.0 (26.8%),37.0 - 38.0 (27.0%),37.8 - 38.7 (27.0%),37.6 - 38.4 (27.0%)
2012-07-23,27.853230509218385,28.724881246815556,27.74427345854853,28.477252960205078,12390700,16663725,-25.64,30.37,,,,30.7,27.6 - 28.0 (27.0%),37.0 - 38.0 (26.8%),37.8 - 38.7 (26.8%),37.6 - 38.4 (26.8%)
2012-07-24,28.546586357649673,29.17061064934989,27.833417627817465,28.180097579956055,11539800,16023070,-27.98,30.19,,,,29.77,27.6 - 28.0 (26.6%),37.0 - 38.0 (26.7%),37.8 - 38.7 (26.7%),37.6 - 38.4 (26.7%)
2012-07-25,28.120666826388394,29.21023163446264,27.813608288680125,29.061655044555664,17230200,15641645,10.16,30.0,,,,35.96,27.6 - 28.0 (24.6%),37.0 - 38.0 (26.5%),37.8 - 38.7 (26.5%),37.6 - 38.4 (26.5%)
2012-07-26,27.486739220976315,27.9621850675939,26.47641537997356,26.595277786254883,64597400,17443115,270.33,29.73,,,,28.42,26.5 - 27.0 (23.2%),37.0 - 38.0 (25.7%),37.8 - 38.7 (25.7%),37.6 - 38.4 (25.7%)
2012-07-27,22.970001932754723,24.307195147823332,22.068635060288972,23.48506736755371,123102300,22712565,442.0,29.35,,,,22.12,23.2 - 24.0 (31.5%),37.2 - 38.4 (24.4%),37.4 - 38.5 (24.4%),37.0 - 38.0 (24.4%)
2012-07-30,23.77231249835733,23.81193392602968,22.811515548346705,22.930376052856445,29285900,23200515,26.23,28.96,,,,21.22,23.2 - 24.0 (30.6%),37.2 - 38.4 (24.1%),37.4 - 38.5 (24.1%),37.0 - 38.0 (24.1%)
2012-07-31,23.148291292454687,23.148291292454687,21.40498806139327,21.504037857055664,56179400,25303385,122.02,28.51,,,,19.06,23.4 - 24.3 (27.7%),37.8 - 39.2 (23.5%),37.7 - 39.0 (23.5%),37.4 - 38.5 (23.5%)
2012-08-01,21.29603234929182,21.37527332432368,20.642293832965496,20.681913375854492,44604400,27095425,64.62,28.0,,,,17.93,23.0 - 24.0 (25.9%),37.8 - 39.2 (23.1%),37.7 - 39.0 (23.1%),37.4 - 38.5 (23.1%)
2012-08-02,20.57296014155235,20.642295765038156,19.631971821877464,19.849885940551758,56374500,29412545,91.67,27.44,,,,16.84,23.1 - 24.2 (23.6%),37.5 - 39.0 (22.6%),37.8 - 39.2 (22.6%),37.2 - 38.4 (22.6%)
2012-08-03,20.16685076980156,21.94977389904256,19.711213683459626,20.889925003051758,80647000,32897615,145.15,26.91,,,,23.13,20.7 - 21.6 (23.1%),37.5 - 39.0 (21.9%),37.8 - 39.2 (21.9%),37.2 - 38.4 (21.9%)
2012-08-06,21.187076806557535,21.939867067510665,21.097930467151638,21.71204948425293,27778900,33397300,-16.82,26.4,,,,27.77,20.7 - 21.6 (22.9%),37.5 - 39.0 (21.7%),37.8 - 39.2 (21.7%),37.2 - 38.4 (21.7%)
2012-08-07,21.98939267507889,22.237020962459265,20.305519565190775,20.5234317779541,36782900,34522970,6.55,25.87,,,,25.38,19.8 - 20.7 (22.8%),37.5 - 39.0 (21.4%),37.8 - 39.2 (21.4%),37.2 - 38.4 (21.4%)
2012-08-08,20.51352641974842,20.949352734528972,20.028175203193353,20.5234317779541,29537400,35348325,-16.44,25.36,,,,25.38,19.8 - 20.7 (27.2%),37.5 - 39.0 (21.1%),37.8 - 39.2 (21.1%),37.2 - 38.4 (21.1%)
2012-08-09,20.553148641284192,20.969164255617695,20.414477399591018,20.81068229675293,15610700,35563825,-56.11,24.88,,,,27.14,19.8 - 20.7 (27.1%),37.5 - 39.0 (21.0%),37.8 - 39.2 (21.0%),37.2 - 38.4 (21.0%)
2012-08-10,21.206885422193753,21.61299564401314,20.929541072724057,21.603090286254883,25794700,36448145,-29.23,24.43,,,,31.9,19.8 - 20.7 (26.5%),37.5 - 39.0 (20.8%),37.8 - 39.2 (20.8%),37.2 - 38.4 (20.8%)
2012-08-13,21.939865856966264,22.237020935008225,21.19698099574221,21.395084381103516,24973100,36463195,-31.51,24.1,28.12,,,31.32,20.7 - 21.6 (27.5%),37.5 - 39.0 (20.6%),37.8 - 39.2 (20.6%),37.2 - 38.4 (20.6%)
2012-08-14,21.206886165729085,21.39508419122672,20.057891075039947,20.186656951904297,39308800,36906705,6.51,23.72,27.83,,,28.13,19.8 - 20.7 (30.8%),37.5 - 39.0 (20.3%),37.8 - 39.2 (20.3%),37.2 - 38.4 (20.3%)
2012-08-15,20.444193496585367,21.206889175678988,20.20647053607323,20.998882293701172,47861100,38457670,24.45,23.33,27.62,,,33.07,20.3 - 21.0 (36.3%),37.5 - 39.0 (20.0%),37.8 - 39.2 (20.0%),37.2 - 38.4 (20.0%)
2012-08-16,20.24609174210419,20.28571129044178,19.50320679054672,19.681499481201172,157565300,45651680,245.15,22.88,27.43,,,29.52,19.6 - 20.0 (26.9%),37.5 - 39.0 (19.0%),37.8 - 39.2 (19.0%),37.2 - 38.4 (19.0%)
2012-08-17,19.820169718422576,19.889505341400294,18.819751141555713,18.86927604675293,129293400,51522895,150.94,22.4,27.22,,,27.56,19.6 - 20.0 (26.7%),20.4 - 21.6 (13.0%),37.5 - 39.0 (18.2%),37.7 - 39.0 (18.2%)
2012-08-20,18.8692757901158,19.93902997541088,18.572122584465948,19.82016944885254,101186600,55962690,80.81,21.97,27.0,,,33.16,19.5 - 19.8 (18.0%),19.2 - 20.4 (14.1%),19.5 - 21.0 (18.7%),37.7 - 39.0 (17.6%)
2012-08-21,19.394247020451708,19.79045189481793,18.908895813196356,18.97823143005371,70640600,58917730,19.9,21.51,26.79,,,30.89,19.5 - 19.8 (17.7%),19.2 - 20.4 (14.3%),19.5 - 21.0 (18.3%),37.7 - 39.0 (17.2%)
2012-08-22,19.176334207677105,19.34472151013412,18.78012745654026,19.25557518005371,49892200,60550830,-17.6,21.01,26.64,,,32.53,19.5 - 19.8 (17.6%),19.2 - 20.4 (16.4%),19.5 - 21.0 (18.0%),37.7 - 39.0 (17.0%)
2012-08-23,19.315005437022716,19.542822996448738,19.176334207677105,19.25557518005371,32813700,58961645,-44.35,20.65,26.49,,,32.53,19.5 - 19.8 (18.1%),19.2 - 20.4 (17.9%),19.5 - 21.0 (17.9%),37.7 - 39.0 (16.8%)
2012-08-24,19.334817649628263,19.493299606653583,19.06737863867781,19.225860595703125,29622200,54287640,-45.43,20.43,26.32,,,32.43,19.5 - 19.8 (19.2%),19.2 - 20.4 (19.2%),19.5 - 21.0 (17.7%),37.7 - 39.0 (16.7%)
2012-08-27,19.305101192944583,19.344722626045375,18.918801666481443,18.968326568603516,20704000,53858545,-61.56,20.24,26.18,,,31.56,19.5 - 19.8 (19.4%),19.2 - 20.4 (19.0%),19.5 - 21.0 (17.6%),37.7 - 39.0 (16.6%)
2012-08-28,18.918801726604645,19.196144202175912,18.770225130512337,19.156524658203125,25417000,52320425,-51.42,20.12,26.06,,,32.98,19.5 - 19.8 (19.7%),19.2 - 20.4 (19.4%),19.5 - 21.0 (17.5%),37.7 - 39.0 (16.5%)
2012-08-29,19.136714482497045,19.196144744763007,18.88908618559257,18.91880226135254,16124700,50896440,-68.32,20.03,25.95,,,32.08,19.5 - 19.8 (20.0%),19.2 - 20.4 (19.8%),19.5 - 21.0 (17.4%),37.7 - 39.0 (16.4%)
2012-08-30,19.08719200597481,19.265484704698647,18.879183227712268,18.908899307250977,30647500,49610090,-38.22,19.98,25.82,,,32.04,18.9 - 19.2 (20.4%),19.2 - 20.4 (20.5%),19.5 - 21.0 (17.3%),37.7 - 39.0 (16.2%)
2012-08-31,18.502787082347606,18.522597799987057,17.858953873097576,17.888668060302734,58764200,48515950,21.12,19.83,25.68,,,28.21,18.8 - 19.2 (35.1%),19.2 - 20.4 (20.3%),19.5 - 21.0 (17.0%),37.7 - 39.0 (16.0%)
2012-09-04,17.908481973944298,18.09668004659745,17.383509198334703,17.56180191040039,46622400,49458125,-5.73,19.63,25.53,,,27.09,18.9 - 19.2 (20.0%),19.5 - 20.8 (20.5%),19.2 - 20.8 (15.9%),19.6 - 21.0 (16.8%)
2012-09-05,18.096677535908473,18.572123442618526,18.007531192243576,18.403736114501953,60781800,50658070,19.98,19.52,25.39,,,34.31,18.8 - 19.0 (32.2%),18.2 - 19.5 (20.6%),19.2 - 20.8 (15.6%),19.6 - 21.0 (16.5%)
2012-09-06,18.562218150634713,19.07728549606314,18.542407432136518,18.78013038635254,46066500,51484525,-10.52,19.43,25.25,,,37.29,18.8 - 19.0 (37.2%),18.2 - 19.5 (22.4%),19.2 - 20.8 (15.4%),19.6 - 21.0 (16.3%)
2012-09-07,18.918802524693334,19.23576644686241,18.601838602524257,18.79994010925293,36371700,52522575,-30.75,19.33,25.11,,,37.45,18.8 - 19.0 (22.1%),18.2 - 19.5 (24.0%),19.2 - 20.8 (15.3%),19.6 - 21.0 (16.1%)
2012-09-10,18.879178096292215,19.017851207193527,18.374016216964012,18.631549835205078,24797800,52472730,-52.74,19.18,24.96,,,36.59,18.8 - 19.0 (25.1%),18.2 - 19.5 (25.1%),19.2 - 20.8 (15.2%),19.6 - 21.0 (16.0%)
2012-09-11,18.74050839820676,19.394246909484007,18.671172781746122,19.245670318603516,50508200,53749485,-6.03,19.08,24.78,,,41.84,19.2 - 19.4 (30.8%),18.2 - 19.5 (26.9%),19.2 - 20.8 (16.3%),18.2 - 19.6 (16.2%)
2012-09-12,20.56305417888624,20.959259079497404,20.087608298152848,20.731441497802734,121584000,57863245,110.12,19.1,24.61,,,52.16,20.7 - 21.0 (20.2%),18.2 - 19.5 (25.8%),19.2 - 20.8 (18.8%),19.6 - 21.0 (18.4%)
2012-09-13,20.761153279507724,21.27622053526173,20.41447521241731,20.513525009155273,65041600,58722270,10.76,19.08,24.42,,,50.74,20.7 - 21.0 (19.2%),19.5 - 20.8 (26.4%),19.2 - 20.8 (20.2%),19.6 - 21.0 (19.7%)
2012-09-14,20.929542972550156,21.87053126320825,20.70172539119217,21.791290283203125,72819800,54484995,33.65,19.19,24.26,,,57.97,20.4 - 20.8 (27.6%),19.5 - 20.8 (26.1%),19.2 - 20.8 (19.8%),19.6 - 21.0 (19.3%)
2012-09-17,22.45493132504833,22.534172294910835,21.296030960025625,21.315841674804688,50667600,50553705,0.23,19.31,24.09,,,54.75,20.4 - 20.8 (26.4%),19.5 - 20.8 (26.0%),19.2 - 20.8 (19.6%),19.6 - 21.0 (19.1%)
2012-09-18,21.395084267610393,21.771478430695563,21.167266698131108,21.66252326965332,36760500,47332400,-22.34,19.4,23.91,,,56.64,20.4 - 20.8 (26.0%),19.5 - 20.8 (26.0%),19.2 - 20.8 (19.4%),19.6 - 21.0 (18.9%)
2012-09-19,21.78138713964816,23.148296545314675,21.563474894786538,23.069055557250977,78782800,47739510,65.03,19.6,23.77,,,63.34,20.4 - 21.0 (23.9%),19.5 - 20.8 (25.3%),19.2 - 20.8 (19.0%),19.6 - 21.0 (18.6%)
2012-09-20,22.801613327340213,23.019525541746695,22.326167465405756,22.37569236755371,57248900,48107345,19.0,19.76,23.59,,,58.54,20.4 - 21.0 (23.1%),19.5 - 20.8 (25.0%),19.2 - 20.8 (18.8%),19.6 - 21.0 (18.3%)
2012-09-21,22.75208641811557,23.019525422538976,22.38559760990919,22.643131256103516,51218100,49027565,4.47,19.93,23.44,,,59.81,20.4 - 21.0 (23.3%),19.5 - 20.8 (25.2%),19.2 - 20.8 (18.6%),19.6 - 21.0 (18.1%)
2012-09-24,21.573375432010902,21.771476913260113,20.166846791350352,20.5927677154541,79106500,51501780,53.6,20.0,23.26,,,47.77,20.4 - 21.0 (30.3%),19.5 - 20.8 (27.7%),19.2 - 20.8 (20.0%),19.6 - 21.0 (19.6%)
2012-09-25,20.99888254909086,21.0087860194686,20.02817808695951,20.087610244750977,46291700,52781165,-12.3,20.05,23.08,,,45.35,20.5 - 21.0 (30.3%),20.4 - 21.6 (24.5%),19.2 - 20.8 (20.8%),19.6 - 21.0 (20.4%)
2012-09-26,19.9588426108256,20.582867047610236,19.6121625780846,20.42438507080078,38271900,53423910,-28.36,20.12,22.92,,,47.27,20.4 - 20.8 (35.5%),20.4 - 21.6 (25.9%),19.2 - 20.8 (21.5%),19.6 - 21.0 (21.1%)
2012-09-27,20.790871698206065,20.800777056848375,19.968745823434123,20.127227783203125,30215900,54128470,-44.18,20.18,22.74,,,45.74,20.4 - 20.8 (36.2%),20.4 - 21.6 (25.7%),19.2 - 20.8 (22.0%),19.6 - 21.0 (21.6%)
2012-09-28,20.37485593329647,21.74176518792898,20.305520312558613,21.45451545715332,65486000,55870395,17.21,20.31,22.57,,,53.04,20.4 - 20.8 (35.0%),20.4 - 21.6 (27.7%),19.2 - 20.8 (21.7%),19.6 - 21.0 (21.3%)
2012-10-01,21.870529847295415,22.375691770593807,21.523849873747047,21.781383514404297,51262700,55495320,-7.63,20.5,22.41,,,54.65,20.4 - 20.8 (34.0%),20.4 - 21.6 (27.3%),19.2 - 20.8 (21.5%),19.6 - 21.0 (21.1%)
2012-10-02,21.870529245782027,22.276639467003786,21.612995612207822,22.058727264404297,29341400,54631270,-46.29,20.72,22.25,,,56.04,20.4 - 20.7 (20.9%),20.4 - 21.6 (27.1%),19.2 - 20.8 (21.3%),19.6 - 21.0 (20.9%)
2012-10-03,22.088442415313175,22.276640442173896,21.593185841972037,21.622901916503906,32000100,53192185,-39.84,20.89,22.09,,,53.29,21.6 - 21.9 (24.6%),20.4 - 21.6 (26.8%),19.2 - 20.8 (21.2%),19.6 - 21.0 (20.8%)
2012-10-04,22.10825287056548,22.18749384579406,21.20688606887022,21.741764068603516,46892100,53233465,-11.91,21.03,21.94,,,53.95,21.6 - 21.9 (31.3%),20.4 - 21.6 (26.5%),19.2 - 20.8 (21.0%),19.6 - 21.0 (20.6%)
2012-10-05,21.286131340940347,21.424802603269217,20.68191760207154,20.711633682250977,40529300,53441345,-24.16,21.13,21.78,,,47.63,21.6 - 21.9 (22.7%),20.4 - 21.6 (27.6%),19.2 - 20.8 (21.6%),19.6 - 21.0 (21.2%)
2012-10-08,20.206470489501953,20.553150514586775,19.968747529537712,20.206470489501953,32236700,53813290,-40.1,21.21,21.61,,,44.86,21.6 - 21.9 (23.3%),19.8 - 20.9 (29.5%),19.2 - 20.8 (22.2%),19.6 - 21.0 (21.8%)
2012-10-09,20.196564087935062,20.355046053067394,19.780548457149184,20.038082122802734,27161800,52645970,-48.41,21.25,21.48,,,43.94,21.6 - 21.9 (18.4%),19.8 - 20.9 (30.4%),19.2 - 20.8 (22.6%),19.6 - 21.0 (22.2%)
2012-10-10,19.7409297938926,19.75083515331339,19.265483877219577,19.45368003845215,39321800,48532860,-18.98,21.18,21.34,,,40.81,21.6 - 21.9 (19.5%),19.8 - 20.9 (30.1%),19.2 - 20.8 (23.2%),19.6 - 21.0 (22.0%)
2012-10-11,19.69140130464968,19.770642283952448,19.423964180286585,19.56263542175293,21817300,46371645,-52.95,21.14,21.18,,,41.65,21.6 - 21.9 (20.6%),19.8 - 20.9 (30.0%),19.2 - 20.8 (23.5%),19.6 - 21.0 (21.9%)
2012-10-12,19.562635466208953,19.61216036991549,19.29519645198413,19.33481788635254,18809400,43671125,-56.93,21.01,21.03,,,40.37,21.6 - 21.9 (21.7%),20.0 - 21.0 (26.2%),19.2 - 20.8 (23.8%),19.6 - 21.0 (21.8%)
2012-10-15,19.493299845318216,19.691401349398326,19.305101810576232,19.33481788635254,20189700,42147230,-52.1,20.91,20.87,,,40.37,21.6 - 21.9 (24.1%),20.0 - 21.0 (26.2%),19.2 - 20.8 (24.1%),19.6 - 21.0 (21.8%)
2012-10-16,19.493298000439744,19.503203358094385,19.116901966578528,19.295194625854492,21834700,41400940,-47.26,20.8,20.72,,,40.12,21.6 - 21.9 (25.3%),20.0 - 21.0 (26.3%),19.2 - 20.8 (24.5%),19.6 - 21.0 (21.7%)
2012-10-17,19.315006363425724,20.28570879391029,19.186240485607932,19.6914005279541,44074500,39665525,11.12,20.63,20.58,,,43.84,21.6 - 21.9 (25.0%),20.0 - 21.0 (26.0%),19.2 - 20.8 (25.1%),19.6 - 21.0 (22.3%)
2012-10-18,19.513110823387354,19.60225716265416,18.710793769986125,18.79994010925293,52157400,39410950,32.34,20.45,20.41,,,38.1,21.6 - 21.9 (24.0%),20.0 - 21.0 (25.7%),19.2 - 20.8 (24.9%),19.6 - 21.0 (22.1%)
2012-10-19,18.819751739501953,18.879182005477656,18.621648333910823,18.819751739501953,34835000,38591795,-9.73,20.26,20.28,,,38.29,21.6 - 21.9 (25.4%),20.0 - 21.0 (25.5%),19.2 - 20.8 (24.7%),19.6 - 21.0 (22.0%)
2012-10-22,19.017854407958378,19.245671993080073,18.869275914896907,19.136714935302734,32447300,36258835,-10.51,20.18,20.21,,,41.45,19.2 - 19.5 (20.3%),20.0 - 21.0 (25.3%),19.2 - 20.8 (24.5%),19.6 - 21.0 (21.8%)
2012-10-23,19.067377970768856,19.612159442803556,18.918801377418838,19.315006256103516,78381200,37863310,107.01,20.15,20.15,,,43.2,19.2 - 19.5 (32.9%),19.0 - 20.0 (25.0%),19.2 - 20.8 (25.7%),19.6 - 21.0 (21.5%)
2012-10-24,23.901082148658816,24.019944561264648,22.633226490217687,23.009620666503906,228949900,47397210,383.05,20.27,20.17,,,65.99,22.8 - 23.2 (31.0%),19.2 - 20.0 (21.7%),19.2 - 20.8 (24.6%),19.6 - 21.0 (20.6%)
2012-10-25,23.069049933734643,23.088858758981157,22.256827642508526,22.34597396850586,76142000,49693515,53.22,20.39,20.2,,,61.24,22.8 - 23.2 (29.8%),20.5 - 21.0 (16.8%),19.2 - 20.8 (24.3%),19.6 - 21.0 (20.3%)
2012-10-26,22.187496300154752,22.662942204119602,21.672428959565785,21.731861114501953,73175800,50078005,46.12,20.4,20.23,,,57.14,22.8 - 23.2 (28.6%),20.5 - 21.0 (17.0%),19.2 - 20.8 (23.9%),19.6 - 21.0 (20.1%)
2012-10-31,20.622484984661924,21.29603427806269,20.533338643520405,20.90973472595215,99378200,52483780,89.35,20.36,20.23,,,52.11,22.8 - 23.2 (28.5%),20.5 - 21.0 (18.9%),19.2 - 20.8 (23.5%),19.6 - 21.0 (21.4%)
2012-11-01,20.880019355825894,21.236604732460382,20.81068373020343,21.008785247802734,37713900,52902405,-28.71,20.3,20.22,,,52.65,22.8 - 23.2 (28.0%),20.5 - 21.0 (19.0%),19.2 - 20.8 (23.4%),19.6 - 21.0 (21.3%)
2012-11-02,21.05830973229473,21.48423068779272,20.870111705370384,20.979068756103516,38344400,53219620,-27.95,20.27,20.23,,,52.46,22.8 - 23.2 (27.3%),20.5 - 21.0 (17.9%),19.2 - 20.8 (23.2%),19.6 - 21.0 (21.8%)
2012-11-05,20.89982809714651,21.276222267454518,20.721535425696537,21.048404693603516,31806700,52465350,-39.38,20.24,20.23,,,52.89,22.8 - 23.2 (27.0%),20.5 - 21.0 (17.9%),19.2 - 20.8 (23.1%),19.6 - 21.0 (21.7%)
2012-11-06,21.03849951430636,21.1672672844511,20.790871221686107,20.96916389465332,29062700,51892020,-43.99,20.25,20.24,,,52.3,20.8 - 21.2 (27.6%),20.5 - 21.0 (17.7%),19.2 - 20.8 (23.0%),19.6 - 21.0 (22.1%)
2012-11-07,20.65219865080103,20.751250339313426,20.17675281304611,20.275802612304688,33396800,51950025,-35.71,20.25,20.22,,,47.38,20.8 - 21.2 (27.9%),20.5 - 21.0 (16.7%),19.2 - 20.8 (23.4%),19.6 - 21.0 (22.5%)
2012-11-08,20.32533047292284,20.533337329438435,19.790452460304593,19.800357818603516,34254600,52304665,-34.51,20.24,20.19,24.15,,44.31,20.8 - 21.2 (28.5%),20.5 - 21.0 (16.2%),19.2 - 20.8 (23.9%),19.6 - 21.0 (23.0%)
2012-11-09,19.77064254385277,19.810263978651992,18.948516664308872,19.02775764465332,42295500,52453350,-19.37,20.22,20.17,24.0,,39.78,20.8 - 21.2 (28.3%),20.5 - 21.0 (16.1%),19.2 - 20.8 (23.7%),19.6 - 21.0 (22.8%)
2012-11-12,18.968326444014068,19.978650310401175,18.69098397114585,19.87959861755371,67349200,54729945,23.06,20.24,20.15,23.88,,46.29,20.8 - 21.2 (27.2%),20.5 - 21.0 (15.9%),19.2 - 20.8 (24.5%),19.6 - 21.0 (23.7%)
2012-11-13,19.42396441295822,19.919221011846467,19.374437619517,19.671592712402344,71775100,57378230,25.09,20.25,20.15,23.79,,45.01,20.8 - 21.2 (27.4%),20.5 - 21.0 (15.7%),19.2 - 20.8 (25.4%),19.6 - 21.0 (24.6%)
2012-11-14,19.909316581442365,22.286547989095016,19.74092925439904,22.147876739501953,229751000,67856295,238.58,20.39,20.2,23.71,,59.4,21.9 - 22.2 (26.6%),19.5 - 20.0 (14.2%),19.2 - 20.8 (24.5%),19.6 - 21.0 (23.7%)
2012-11-15,22.128064054632087,22.286546008440684,21.44460944804881,21.95967674255371,78857700,70707445,11.53,20.53,20.24,23.62,,58.15,21.9 - 22.2 (35.6%),20.5 - 21.0 (13.8%),19.2 - 20.8 (24.2%),19.6 - 21.0 (23.4%)
2012-11-16,22.03891705745321,23.702979411712317,21.96958144090139,23.336488723754883,107182200,73862830,45.11,20.71,20.31,23.55,,64.09,20.8 - 21.2 (26.2%),20.5 - 21.0 (13.9%),19.2 - 20.8 (23.8%),19.6 - 21.0 (23.0%)
2012-11-19,23.73269307080474,23.891176905597025,22.60350873652969,22.702560424804688,85021300,75506025,12.6,20.9,20.37,23.5,,59.88,20.8 - 21.2 (24.0%),20.5 - 21.0 (14.0%),19.2 - 20.8 (23.5%),19.6 - 21.0 (22.7%)
2012-11-20,22.514366717625148,23.673267347094303,22.4846525279299,22.880857467651367,46655300,76097040,-38.69,21.11,20.43,23.46,,60.66,20.8 - 21.2 (22.9%),20.5 - 21.0 (14.1%),19.2 - 20.8 (23.3%),19.6 - 21.0 (22.6%)
2012-11-21,22.999714346921273,24.2972879158593,22.831327038164254,24.089279174804688,89862400,78967795,13.8,21.35,20.51,23.42,,65.56,22.0 - 22.5 (22.5%),20.5 - 21.0 (13.9%),19.2 - 20.8 (23.0%),19.6 - 21.0 (22.3%)
2012-11-23,24.34681353959301,24.445865234022982,23.653453567837158,23.772315979003906,29520900,76524780,-61.42,21.58,20.59,23.39,,63.33,22.0 - 22.5 (23.5%),20.5 - 21.0 (14.1%),19.2 - 20.8 (22.9%),19.6 - 21.0 (22.2%)
2012-11-26,24.703399322714446,25.842489105761082,24.57463155089165,25.693912506103516,123865000,71270535,73.8,21.71,20.7,23.38,,69.99,21.7 - 22.4 (28.9%),21.7 - 22.4 (20.6%),19.2 - 20.8 (22.5%),19.6 - 21.0 (21.8%)
2012-11-27,25.79296324979833,26.248598390489484,25.218463810964252,25.901918411254883,85760600,71751465,19.52,21.89,20.82,23.38,,70.62,21.7 - 22.4 (27.4%),21.7 - 22.4 (20.3%),19.2 - 20.8 (22.2%),19.6 - 21.0 (21.5%)
2012-11-28,25.693914395270674,26.238695930488607,25.505716347598216,26.10993003845215,49205600,70552955,-30.26,22.11,20.94,23.38,,71.26,21.7 - 22.4 (27.0%),21.7 - 22.4 (20.1%),19.2 - 20.8 (22.1%),19.6 - 21.0 (21.3%)
2012-11-29,26.24859912502126,27.258923016461893,25.911824494541047,27.060819625854492,88759700,70022030,26.76,22.42,21.09,23.39,,74.05,21.6 - 22.4 (25.8%),21.6 - 22.4 (21.7%),19.2 - 20.8 (21.8%),19.6 - 21.0 (21.1%)
2012-11-30,27.00138788823564,27.73436737060547,26.50613132804626,27.73436737060547,127049600,74488815,70.56,22.75,21.26,23.39,,75.84,21.6 - 22.4 (24.1%),21.6 - 22.4 (21.3%),19.2 - 20.8 (21.4%),19.6 - 21.0 (20.7%)
2012-12-03,27.734365596397705,28.606016255298567,26.724041824822326,26.78347396850586,123526100,78747900,56.86,23.04,21.4,23.39,,68.64,21.6 - 22.4 (23.1%),21.6 - 22.4 (20.6%),19.2 - 20.8 (21.1%),19.6 - 21.0 (20.4%)
2012-12-04,26.803290358771964,27.496650450077297,26.426896122144726,27.199495315551758,72869200,80801025,-9.82,23.35,21.54,23.39,,69.98,21.6 - 22.2 (23.1%),21.6 - 22.4 (20.4%),19.2 - 20.8 (20.9%),19.6 - 21.0 (20.2%)
2012-12-05,27.486740192400617,27.635316788562807,27.001388970668696,27.447118759155273,58976300,82296705,-28.34,23.67,21.68,23.4,,70.79,27.0 - 27.6 (18.9%),21.6 - 22.4 (20.4%),19.2 - 20.8 (20.7%),19.6 - 21.0 (20.0%)
2012-12-06,27.417405282617686,27.48674090333646,26.565563338349413,26.714139938354492,46001500,82926940,-44.53,24.0,21.82,23.39,,65.23,27.0 - 27.5 (19.4%),21.6 - 22.4 (20.4%),19.2 - 20.8 (20.6%),19.6 - 21.0 (19.9%)
2012-12-07,26.81319236761684,27.51645773110123,26.58537478209889,27.22920799255371,51751900,83801805,-38.24,24.37,21.95,23.37,,67.18,27.0 - 27.5 (25.2%),21.6 - 22.4 (20.4%),19.2 - 20.8 (20.4%),19.6 - 21.0 (19.8%)
2012-12-10,26.912245620945125,27.902758890925803,26.84290999432714,27.575889587402344,50608500,84217455,-39.91,24.79,22.07,23.34,,68.46,27.0 - 27.5 (26.1%),21.7 - 22.4 (18.5%),19.2 - 20.8 (20.3%),19.6 - 21.0 (19.6%)
2012-12-11,27.803707809840894,27.972095145085472,27.39759751117824,27.714561462402344,77099100,84704950,-8.98,25.19,22.19,23.3,,68.98,25.6 - 26.0 (19.5%),21.7 - 22.4 (18.3%),19.2 - 20.8 (20.1%),19.6 - 21.0 (19.4%)
2012-12-12,27.73437120393188,27.873042455390223,27.110348683115216,27.318355560302734,46704200,83451405,-44.03,25.57,22.28,23.27,,65.64,25.6 - 26.0 (20.3%),21.7 - 22.4 (18.7%),19.2 - 20.8 (20.0%),19.6 - 21.0 (19.3%)
2012-12-13,27.328256629152136,28.477251676072495,27.16977468400821,27.972089767456055,81051600,76016435,6.62,25.86,22.39,23.24,,68.37,27.6 - 28.0 (25.6%),21.6 - 22.4 (20.4%),19.2 - 20.8 (19.8%),19.6 - 21.0 (19.1%)
2012-12-14,27.91266425938815,28.06124087208261,26.506135339989292,26.555660247802734,91631600,76655130,19.54,26.09,22.47,23.19,,57.7,27.6 - 27.8 (17.4%),21.6 - 22.4 (18.4%),19.2 - 20.8 (19.5%),19.6 - 21.0 (18.9%)
2012-12-17,26.516037981200498,26.743855556594994,26.070306299555675,26.496227264404297,57742500,74183145,-22.16,26.25,22.53,23.15,,57.3,27.6 - 27.8 (18.4%),21.6 - 22.4 (18.4%),19.2 - 20.8 (19.4%),19.6 - 21.0 (18.8%)
2012-12-18,26.704233889090393,27.645222146874143,26.6448036284763,27.447118759155273,60512900,72957725,-17.06,26.48,22.61,23.1,,61.89,27.6 - 27.8 (18.8%),21.6 - 22.4 (17.3%),19.2 - 20.8 (19.3%),19.6 - 21.0 (18.6%)
2012-12-19,27.565982821336842,27.952282372355636,26.694332019504838,27.149967193603516,61390300,73694475,-16.7,26.7,22.69,23.06,,59.73,27.7 - 27.8 (18.6%),21.6 - 22.4 (17.4%),19.2 - 20.8 (19.1%),19.6 - 21.0 (18.5%)
2012-12-20,27.229208776448903,27.3381658375525,26.872623405021926,27.10044288635254,35574800,70980095,-49.88,26.85,22.8,23.03,,59.36,27.7 - 27.8 (19.6%),21.6 - 22.4 (16.0%),19.2 - 20.8 (19.0%),19.6 - 21.0 (18.4%)
2012-12-21,26.407080586432706,26.753760568865278,25.872204464632834,26.010875701904297,54555200,72231810,-24.47,26.96,22.89,22.99,,51.72,27.4 - 27.6 (17.5%),21.6 - 22.4 (16.0%),19.2 - 20.8 (18.9%),19.6 - 21.0 (18.3%)
2012-12-24,26.248599518835366,26.704234679112865,25.951446317719956,26.67452049255371,28230100,67450065,-58.15,27.01,23.0,22.96,,55.48,27.4 - 27.6 (19.4%),21.6 - 22.4 (16.2%),19.2 - 20.8 (18.8%),19.6 - 21.0 (18.2%)
2012-12-26,26.77357023450179,26.922146824211346,26.12973519700398,26.258502960205078,33175400,64820805,-48.82,27.03,23.1,22.92,,52.71,26.4 - 26.6 (19.2%),21.6 - 22.4 (16.4%),19.2 - 20.8 (18.8%),19.6 - 21.0 (18.1%)
2012-12-27,26.298128373195674,26.54575670774273,25.27790084398453,25.802871704101562,43481700,64534610,-32.62,27.01,23.17,22.87,,49.77,26.4 - 26.6 (19.3%),21.6 - 22.4 (16.4%),19.2 - 20.8 (18.7%),19.6 - 21.0 (18.0%)
2012-12-28,25.238275050171364,25.86229940357206,24.911405780522312,25.664196014404297,56574800,62925365,-10.09,26.94,23.24,22.83,,48.88,26.4 - 26.6 (19.2%),21.6 - 22.4 (16.4%),19.2 - 20.8 (18.5%),19.6 - 21.0 (17.9%)
2012-12-31,25.95144653953337,26.733950983427675,25.862300200586,26.367462158203125,60374500,59591610,1.31,26.87,23.31,22.78,,53.44,26.4 - 26.6 (19.0%),26.4 - 27.2 (16.1%),19.2 - 20.8 (18.4%),19.6 - 21.0 (17.8%)
2013-01-02,27.179680552184436,27.91266003455426,27.159869836355938,27.73436737060547,69846400,56907625,22.74,26.92,23.41,22.75,,60.75,26.4 - 26.6 (20.3%),27.2 - 28.0 (16.5%),19.2 - 20.8 (18.3%),19.6 - 21.0 (17.7%)
2013-01-03,27.615506908772225,28.199909842072728,27.328259066054713,27.50655174255371,63140600,56421195,11.91,26.94,23.51,22.73,,59.09,26.4 - 26.6 (20.9%),27.2 - 28.0 (18.1%),19.2 - 20.8 (18.1%),19.6 - 21.0 (17.5%)
2013-01-04,27.744272974777367,28.65554512918442,27.56598030924605,28.487157821655273,72715400,57108150,27.33,26.99,23.64,22.71,,63.7,27.3 - 27.6 (17.7%),27.2 - 28.0 (17.9%),19.2 - 20.8 (18.0%),19.6 - 21.0 (17.4%)
2013-01-07,28.417821724846796,29.50738652637973,28.378200293507426,29.14089584350586,83781800,58997165,42.01,27.11,23.79,22.7,,66.42,27.3 - 27.6 (17.1%),27.0 - 27.9 (22.3%),19.2 - 20.8 (17.8%),19.6 - 21.0 (17.2%)
2013-01-08,29.230044899756724,29.31919123932721,28.58621169450078,28.784313201904297,45871300,58703135,-21.86,27.19,23.93,22.7,,63.62,25.8 - 26.1 (13.8%),27.0 - 27.9 (22.2%),19.2 - 20.8 (17.7%),19.6 - 21.0 (17.1%)
2013-01-09,29.388528595077307,30.30970623214535,29.210235905418447,30.299800872802734,104787700,61412095,70.63,27.32,24.11,22.72,,69.51,26.0 - 26.5 (19.7%),27.0 - 28.0 (23.9%),19.2 - 20.8 (17.5%),19.6 - 21.0 (16.9%)
2013-01-10,30.30970321292655,31.151639780640554,29.992739302552792,31.003061294555664,95316400,62322960,52.94,27.49,24.3,22.74,,71.79,26.0 - 26.5 (18.2%),27.0 - 28.0 (23.4%),19.2 - 20.8 (17.3%),19.6 - 21.0 (16.7%)
2013-01-11,30.983252487136834,31.656799852489733,30.804959815122796,31.419076919555664,89598000,64467650,38.98,27.69,24.5,22.77,,73.07,25.8 - 26.4 (16.2%),26.4 - 27.5 (20.1%),19.2 - 20.8 (17.1%),19.6 - 21.0 (16.6%)
2013-01-14,31.775662482874,31.904426467055302,30.329512355293122,30.656381607055664,98892800,65359710,51.31,27.83,24.69,22.78,,67.05,30.6 - 31.2 (21.2%),26.4 - 27.5 (19.7%),19.2 - 20.8 (17.0%),19.6 - 21.0 (16.4%)
2013-01-15,30.349319660117956,31.409168335748806,29.596529505171343,29.814443588256836,173242600,69440260,149.48,27.99,24.87,22.79,,61.07,30.6 - 31.2 (17.8%),26.4 - 27.5 (19.0%),19.2 - 20.8 (16.7%),19.6 - 21.0 (16.1%)
2013-01-16,29.92340169061548,30.062074817865053,29.24985432802668,29.566818237304688,75332700,70319770,7.13,28.14,25.03,22.81,,59.39,29.4 - 30.0 (21.9%),26.4 - 27.5 (18.9%),19.2 - 20.8 (16.5%),19.6 - 21.0 (16.0%)
2013-01-17,29.794634682980007,30.1314092961518,29.74510978250045,29.85406494140625,40256700,69306960,-41.92,28.26,25.22,22.81,,60.74,29.4 - 30.0 (25.6%),27.0 - 28.0 (21.7%),19.2 - 20.8 (16.4%),19.6 - 21.0 (15.9%)
2013-01-18,30.022455272416188,30.15122304944111,28.99232250248703,29.37862205505371,49631500,68719020,-27.78,28.38,25.39,22.84,,57.35,29.5 - 30.0 (25.7%),27.0 - 28.0 (21.6%),19.2 - 20.8 (16.4%),19.6 - 21.0 (15.8%)
2013-01-22,29.467768336895,30.596952804739097,29.457862977970432,30.4384708404541,55243300,69702445,-20.74,28.54,25.58,22.89,,62.39,29.6 - 30.0 (19.1%),27.0 - 28.0 (21.9%),19.2 - 20.8 (16.3%),19.6 - 21.0 (15.7%)
2013-01-23,30.804960876796375,31.201165778674778,30.507805783447075,30.527616500854492,48899800,69419675,-29.56,28.77,25.77,22.96,,62.79,29.6 - 30.0 (19.5%),27.0 - 28.0 (22.9%),19.2 - 20.8 (16.2%),19.6 - 21.0 (15.6%)
2013-01-24,30.97334856706973,31.191260793398236,30.517711507514104,30.7851505279541,43845100,70200425,-37.54,28.97,25.9,23.03,,63.97,29.7 - 30.0 (19.8%),27.0 - 28.0 (23.0%),19.2 - 20.8 (16.1%),19.6 - 21.0 (15.6%)
2013-01-25,31.112015932029287,31.62708319102957,30.834671587355185,31.24078369140625,54363600,71259835,-23.71,29.22,26.05,23.12,,66.04,29.7 - 30.0 (20.2%),27.0 - 28.0 (23.2%),19.2 - 20.8 (16.0%),19.6 - 21.0 (15.5%)
2013-01-28,31.577559595316423,32.20158207234927,31.508223974452104,32.161964416503906,59682500,72069875,-17.19,29.54,26.22,23.23,,69.81,29.7 - 30.0 (20.6%),26.4 - 27.5 (19.9%),19.2 - 20.8 (15.9%),19.6 - 21.0 (15.4%)
2013-01-29,31.69641800061303,31.76575361270877,30.418655243121524,30.49789810180664,72976500,72889960,0.12,29.78,26.38,23.31,,57.41,29.7 - 30.0 (20.1%),26.4 - 27.5 (19.5%),19.2 - 20.8 (15.8%),19.6 - 21.0 (15.3%)
2013-01-30,30.686096575798075,31.191258503118664,30.587044884102177,30.94363021850586,87682100,74255340,18.08,30.01,26.55,23.38,,59.49,29.7 - 30.0 (20.4%),26.4 - 27.5 (19.6%),19.2 - 20.8 (15.7%),19.6 - 21.0 (15.1%)
2013-01-31,28.873460835678525,31.171451271490085,28.467350554656004,30.686100006103516,190744900,80300265,137.54,30.16,26.71,23.47,,57.74,30.6 - 30.9 (29.2%),29.7 - 30.8 (19.0%),19.2 - 20.8 (15.4%),19.6 - 21.0 (14.9%)
2013-02-01,30.715813622700818,30.725718981109452,29.348904390372702,29.447956085205078,85856700,81436070,5.43,30.26,26.85,23.54,,50.11,30.6 - 30.9 (29.3%),29.7 - 30.8 (18.8%),19.2 - 20.8 (15.2%),19.6 - 21.0 (14.7%)
2013-02-04,28.784311000269586,28.922984123024722,27.74427297050232,27.843324661254883,92362200,82418410,12.07,30.22,26.96,23.6,,42.3,30.4 - 30.8 (36.4%),29.7 - 30.8 (18.6%),19.2 - 20.8 (15.1%),26.6 - 28.0 (14.8%)
2013-02-05,27.991903390405216,28.68526150011489,27.773991165511433,28.368297576904297,47948200,80626730,-40.53,30.19,27.1,23.66,,45.3,30.4 - 30.8 (41.0%),29.7 - 30.8 (18.5%),19.2 - 20.8 (15.0%),26.6 - 28.0 (14.7%)
2013-02-06,28.467349770656654,29.012133176253332,28.388108788474923,28.7744083404541,38375900,80251960,-52.18,30.19,27.25,23.72,,47.58,30.4 - 30.8 (42.5%),29.7 - 30.8 (18.5%),19.2 - 20.8 (15.0%),26.6 - 28.0 (14.6%)
2013-02-07,28.833841424898324,28.87346097264124,28.001810140501963,28.378204345703125,34540100,76739580,-54.99,30.09,27.4,23.79,,45.59,30.4 - 30.8 (42.8%),29.7 - 30.8 (18.5%),19.2 - 20.8 (14.9%),26.6 - 28.0 (14.6%)
2013-02-08,28.61592656531673,28.89327094941378,28.239532369778072,28.279151916503906,37708800,73859200,-48.95,29.95,27.54,23.85,,45.08,30.4 - 30.8 (43.3%),27.0 - 28.0 (23.1%),19.2 - 20.8 (14.9%),26.6 - 28.0 (14.5%)
2013-02-11,28.33858523444964,28.40792086100827,27.773992973324624,27.991905212402344,37361800,71247390,-47.56,29.78,27.68,23.92,,43.56,30.4 - 30.8 (41.7%),27.0 - 28.0 (24.1%),19.2 - 20.8 (14.8%),26.6 - 28.0 (14.8%)
2013-02-12,27.40750095903423,27.892852211647828,26.842908724141964,27.110347747802734,93498700,70977685,31.73,29.6,27.76,23.98,,39.21,30.5 - 31.0 (36.2%),27.0 - 27.9 (23.5%),19.2 - 20.8 (14.7%),26.6 - 28.0 (15.6%)
2013-02-13,27.100442106226236,28.051333883653253,27.050915312034817,27.64522361755371,50164000,64823755,-22.61,29.5,27.86,24.05,,42.94,30.5 - 31.0 (31.4%),27.0 - 27.9 (25.6%),19.2 - 20.8 (14.6%),26.6 - 28.0 (16.0%)
2013-02-14,27.75417982771423,28.35839158436054,27.744274469178524,28.229625701904297,35615800,62837910,-43.32,29.43,27.94,24.13,,46.78,30.5 - 31.0 (27.3%),27.2 - 28.0 (20.4%),19.2 - 20.8 (14.6%),26.6 - 28.0 (15.9%)
2013-02-15,28.249435862055574,28.477253436123622,27.823514899686838,28.051332473754883,33109300,62480540,-47.01,29.34,28.03,24.2,,45.76,30.5 - 31.0 (27.9%),27.2 - 28.0 (20.7%),19.2 - 20.8 (14.5%),26.6 - 28.0 (15.9%)
2013-02-19,27.962184355407768,28.804120868132934,27.853229199116612,28.65554428100586,49396400,62468785,-20.93,29.3,28.13,24.28,,49.73,30.4 - 30.8 (20.9%),27.3 - 28.0 (19.9%),27.2 - 28.8 (14.5%),26.6 - 28.0 (15.8%)
2013-02-20,28.64564333461385,28.77440922615241,28.061240364564956,28.190006256103516,42098200,61811530,-31.89,29.19,28.19,24.35,,46.89,28.0 - 28.4 (26.6%),27.3 - 28.0 (20.1%),27.2 - 28.8 (14.8%),26.6 - 28.0 (15.8%)
2013-02-21,28.011713358203355,28.27915048047075,26.89243240891204,27.02120018005371,49642300,61848655,-19.74,29.02,28.25,24.42,,40.6,28.2 - 28.4 (21.4%),27.3 - 28.0 (19.9%),27.2 - 28.8 (14.7%),26.6 - 28.0 (16.1%)
2013-02-22,27.35797465328004,27.36787812246068,26.565562981798394,26.872621536254883,36350200,61473910,-40.87,28.82,28.27,24.48,,39.87,28.2 - 28.4 (23.0%),27.5 - 28.0 (15.8%),25.6 - 27.2 (14.9%),26.6 - 28.0 (16.4%)
2013-02-25,26.902338262440843,27.377784143280522,26.8924329037666,27.011295318603516,34652000,60488330,-42.71,28.61,28.29,24.55,,40.94,27.0 - 27.2 (28.7%),27.0 - 27.5 (16.3%),25.6 - 27.2 (15.1%),26.6 - 28.0 (16.7%)
2013-02-26,27.100441376893336,27.199491184102484,26.44670282519231,27.130155563354492,31611700,59084790,-46.5,28.36,28.3,24.62,,41.89,27.0 - 27.2 (34.7%),27.0 - 27.5 (17.3%),25.6 - 27.2 (15.4%),26.6 - 28.0 (16.9%)
2013-02-27,27.080629921153257,27.080629921153257,26.377364595774534,26.615089416503906,44319700,57651950,-23.13,28.16,28.3,24.69,,38.96,27.0 - 27.2 (34.3%),27.0 - 27.5 (17.3%),25.6 - 27.2 (15.7%),26.6 - 28.0 (17.3%)
2013-02-28,26.585371564064975,27.041006679948392,26.090115017624502,26.99148178100586,83027800,57419235,44.6,27.96,28.28,24.77,,42.15,27.0 - 27.2 (31.8%),27.5 - 28.0 (16.4%),25.6 - 27.2 (16.3%),26.6 - 28.0 (17.9%)
2013-03-01,26.793384266915638,27.85323509507958,26.555661299340446,27.516460418701172,54064800,50585230,6.88,27.81,28.3,24.85,,46.36,27.0 - 27.2 (31.0%),27.0 - 27.5 (15.4%),25.6 - 27.2 (16.3%),26.6 - 28.0 (18.3%)
2013-03-04,27.496646963234824,27.793800170824188,27.179683038005102,27.4570255279541,32400700,47912430,-32.38,27.71,28.3,24.92,,45.95,27.0 - 27.2 (31.3%),27.0 - 27.5 (16.6%),25.6 - 27.2 (16.2%),26.6 - 28.0 (18.5%)
2013-03-05,27.61550602929208,27.912661110411477,26.951862137488863,27.258922576904297,40622200,45325430,-10.38,27.68,28.3,24.99,,44.55,26.8 - 27.0 (19.3%),27.0 - 27.5 (15.9%),25.6 - 27.2 (16.2%),26.6 - 28.0 (18.8%)
2013-03-06,27.833421759582755,27.86313594695313,27.09053684725895,27.18958854675293,33532600,44604650,-24.82,27.62,28.3,25.06,,44.04,27.0 - 27.2 (24.9%),27.5 - 28.0 (15.4%),25.6 - 27.2 (16.4%),26.6 - 28.0 (19.0%)
2013-03-07,27.308444286271673,28.407914368282732,27.20939260414617,28.308862686157227,74540200,46412865,60.6,27.6,28.32,25.14,,53.3,27.0 - 27.2 (23.4%),27.5 - 28.0 (15.3%),25.6 - 27.2 (16.3%),26.6 - 28.0 (18.9%)
2013-03-08,28.16029033388696,28.199909879131035,27.466930344202797,27.694747924804688,44198900,46895805,-5.75,27.56,28.32,25.2,,48.55,27.0 - 27.2 (23.0%),27.5 - 28.0 (16.5%),25.6 - 27.2 (16.2%),26.6 - 28.0 (19.2%)
2013-03-11,27.744279063870383,28.368301640931623,27.565986359208807,27.873044967651367,35642100,46792470,-23.83,27.54,28.33,25.26,,49.95,27.0 - 27.2 (21.8%),27.5 - 28.0 (16.2%),27.2 - 28.8 (16.5%),26.6 - 28.0 (19.5%)
2013-03-12,27.833419915392412,28.05133212843749,27.338163339991315,27.565980911254883,27569600,46302860,-40.46,27.52,28.33,25.3,,47.56,27.0 - 27.2 (22.5%),27.5 - 28.0 (15.1%),27.2 - 28.8 (16.7%),26.6 - 28.0 (19.7%)
2013-03-13,27.35797331544327,27.387687500040037,26.664613372959685,26.823095321655273,39619500,43608900,-9.15,27.51,28.31,25.35,,42.28,26.8 - 27.0 (24.0%),27.5 - 28.0 (15.1%),27.2 - 28.8 (16.6%),26.6 - 28.0 (20.0%)
2013-03-14,26.84290422293567,27.169773456180206,26.575465244120938,26.78347396850586,27646400,42483020,-34.92,27.46,28.32,25.39,,42.02,26.8 - 27.0 (24.9%),27.5 - 28.0 (13.1%),25.6 - 27.2 (16.6%),26.6 - 28.0 (20.1%)
2013-03-15,26.773574755935186,26.80328894534283,26.3080323031711,26.397178649902344,31597400,42282100,-25.27,27.37,28.31,25.42,,39.4,26.8 - 27.0 (19.3%),27.5 - 28.0 (13.3%),25.6 - 27.2 (16.9%),26.6 - 28.0 (20.1%)
2013-03-18,26.11983271674094,26.535848317221873,25.53542980441645,26.238693237304688,26653700,41959320,-36.48,27.28,28.29,25.45,,38.34,26.8 - 27.0 (19.6%),27.5 - 28.0 (13.4%),25.6 - 27.2 (17.1%),26.6 - 28.0 (20.0%)
2013-03-19,26.278313579570067,26.64480237355898,25.96134779629755,26.29812240600586,25254200,40752210,-38.03,27.16,28.28,25.48,,39.0,26.8 - 27.0 (19.8%),27.5 - 28.0 (13.6%),25.6 - 27.2 (17.2%),26.6 - 28.0 (20.0%)
2013-03-20,26.426896156622384,26.436801516711583,25.535434530391246,25.614675521850586,44006500,40847625,7.73,27.03,28.26,25.53,,34.44,26.7 - 27.0 (24.2%),27.5 - 28.0 (13.6%),25.6 - 27.2 (17.6%),26.6 - 28.0 (19.9%)
2013-03-21,25.416568574581092,25.862300270523324,25.31751687667682,25.49580955505371,24336100,39582315,-38.52,26.96,28.25,25.57,,33.7,27.3 - 27.6 (20.3%),30.6 - 31.2 (14.9%),25.6 - 27.2 (17.5%),26.6 - 28.0 (19.9%)
2013-03-22,25.555238404175476,25.76324714719115,25.386851093830938,25.485902786254883,18456300,38687620,-52.29,26.89,28.23,25.61,,33.64,26.1 - 26.4 (15.9%),30.6 - 31.2 (15.0%),25.6 - 27.2 (17.5%),26.6 - 28.0 (19.9%)
2013-03-25,25.50571094582105,25.55523584244155,24.842067129136336,24.891592025756836,39199000,38914970,0.73,26.78,28.2,25.65,,29.92,26.1 - 26.4 (15.7%),30.6 - 31.2 (15.0%),25.6 - 27.2 (17.4%),26.6 - 28.0 (19.8%)
2013-03-26,24.84207075584019,25.23827565440742,24.79254585198953,24.970836639404297,26957200,38682245,-30.31,26.67,28.19,25.68,,31.02,26.1 - 26.4 (16.1%),30.6 - 31.2 (14.9%),25.6 - 27.2 (17.4%),26.6 - 28.0 (19.7%)
2013-03-27,24.76282788814179,26.03068535614603,24.48548353566322,25.842487335205078,52297400,39081130,33.82,26.63,28.19,25.72,,41.78,26.1 - 26.4 (15.5%),30.6 - 31.2 (14.8%),25.6 - 27.2 (17.8%),26.6 - 28.0 (19.7%)
2013-03-28,25.84248603262207,25.921727002299853,25.277893887511155,25.337324142456055,28585700,36359025,-21.38,26.55,28.18,25.74,,38.07,26.1 - 26.4 (17.0%),30.6 - 31.2 (14.9%),25.6 - 27.2 (17.7%),26.6 - 28.0 (19.6%)
2013-04-01,25.386849632674256,25.64438326245244,25.04017156302457,25.287799835205078,22249300,34768250,-36.01,26.44,28.14,25.77,,37.72,25.2 - 25.5 (21.6%),30.6 - 31.2 (15.3%),25.6 - 27.2 (17.7%),26.6 - 28.0 (19.6%)
2013-04-02,25.525524433677855,25.872204415451414,25.059982042144767,25.178844451904297,35153300,34905880,0.71,26.33,28.1,25.8,,36.91,26.2 - 26.4 (18.9%),30.6 - 31.2 (15.1%),25.6 - 27.2 (17.6%),26.6 - 28.0 (19.5%)
2013-04-03,25.58495710826773,26.139643997896375,25.456191217359933,26.000972747802734,48195200,35284530,36.59,26.26,28.06,25.85,,46.3,26.2 - 26.4 (18.5%),30.6 - 31.2 (15.2%),25.6 - 27.2 (18.0%),26.6 - 28.0 (19.4%)
2013-04-04,26.36746067971535,26.97167241183528,25.862298750423882,26.813190460205078,82016800,37708740,117.5,26.25,28.02,25.9,,53.64,26.2 - 26.4 (16.5%),30.6 - 31.2 (15.1%),25.6 - 27.2 (18.5%),26.6 - 28.0 (20.0%)
2013-04-05,26.605184783831714,27.536265818524708,26.3575564873009,27.130155563354492,64566600,37210060,73.52,26.19,27.99,25.96,,56.16,26.8 - 27.0 (15.2%),30.6 - 31.2 (15.2%),25.6 - 27.2 (19.0%),26.6 - 28.0 (20.4%)
2013-04-08,26.93205239992247,26.94195775788373,26.377363689614764,26.595277786254883,27256000,36362915,-25.04,26.13,27.93,26.02,,51.11,26.8 - 27.0 (15.2%),30.6 - 31.2 (15.4%),25.6 - 27.2 (19.1%),26.6 - 28.0 (20.4%)
2013-04-09,26.327840307971183,26.634898865469832,26.169358349955495,26.337745666503906,21311100,35646365,-40.22,26.05,27.85,26.08,,48.84,26.8 - 27.0 (15.3%),30.6 - 31.2 (15.5%),25.6 - 27.2 (19.3%),26.6 - 28.0 (20.3%)
2013-04-10,26.753761925046376,27.575887810587613,26.64480486780768,27.308448791503906,45949400,36565355,25.66,26.04,27.78,26.14,,56.67,26.8 - 27.0 (15.3%),30.6 - 31.2 (15.8%),25.6 - 27.2 (19.2%),26.6 - 28.0 (20.6%)
2013-04-11,27.219300991385417,27.833419977525402,26.99148341961329,27.754179000854492,33368500,36252805,-7.96,26.09,27.73,26.21,,59.72,25.8 - 26.1 (18.4%),27.0 - 27.6 (15.9%),25.6 - 27.2 (19.2%),26.6 - 28.0 (20.8%)
2013-04-12,27.734372601674387,27.734372601674387,26.981582261489866,27.140064239501953,28697400,36305355,-20.96,26.11,27.69,26.28,,54.07,25.8 - 26.1 (18.1%),27.0 - 27.6 (17.1%),25.6 - 27.2 (19.3%),26.6 - 28.0 (21.0%)
2013-04-15,26.902339506794107,27.21930344201489,26.109929668742147,26.26841163635254,30275400,36239255,-16.46,26.1,27.63,26.33,,47.24,25.8 - 26.1 (18.4%),27.0 - 27.6 (17.5%),25.6 - 27.2 (19.5%),26.6 - 28.0 (21.0%)
2013-04-16,26.555658573677867,26.852813669587633,26.14954830959647,26.664615631103516,27365900,36274865,-24.56,26.12,27.58,26.4,,50.32,25.8 - 26.1 (18.4%),27.0 - 27.6 (18.3%),25.6 - 27.2 (19.7%),26.6 - 28.0 (21.2%)
2013-04-17,26.39717582929573,26.941959211025612,26.139642176174068,26.377365112304688,26440600,36334185,-27.23,26.12,27.53,26.46,,48.13,27.0 - 27.3 (17.9%),27.0 - 27.6 (18.6%),25.6 - 27.2 (19.9%),26.6 - 28.0 (21.1%)
2013-04-18,26.565560376907744,26.565560376907744,24.911403465608863,25.44628143310547,39059000,36086810,8.24,26.12,27.45,26.51,,41.79,27.0 - 27.3 (17.5%),27.0 - 27.6 (18.6%),25.6 - 27.2 (19.8%),26.6 - 28.0 (21.0%)
2013-04-19,25.376947624917047,25.713720356352233,25.089697905812997,25.485902786254883,20380900,35889050,-43.21,26.12,27.36,26.57,,42.14,27.0 - 27.3 (16.9%),27.0 - 27.6 (18.8%),25.6 - 27.2 (19.8%),26.6 - 28.0 (21.0%)
2013-04-22,25.565145129800285,26.109928522645024,25.456189962634536,25.7236270904541,25687600,36250615,-29.14,26.13,27.28,26.59,,44.3,27.0 - 27.3 (16.8%),27.0 - 27.6 (18.7%),25.6 - 27.2 (20.0%),26.6 - 28.0 (21.0%)
2013-04-23,25.971254888291515,26.080211942605892,25.525525091035718,25.733531951904297,25191500,35550240,-29.14,26.17,27.19,26.62,,44.39,27.0 - 27.2 (17.1%),27.0 - 27.6 (18.9%),25.6 - 27.2 (20.1%),26.6 - 28.0 (20.9%)
2013-04-24,25.684002507675213,26.14954293963552,25.55523475911465,25.862295150756836,19729900,35188875,-43.93,26.21,27.08,26.65,,45.66,27.0 - 27.2 (18.0%),27.0 - 27.6 (19.1%),25.6 - 27.2 (20.3%),26.6 - 28.0 (20.9%)
2013-04-25,25.822679832719356,26.149549125946663,25.753344208285395,25.89201545715332,17150000,33431505,-48.7,26.22,27.0,26.69,,45.97,27.0 - 27.2 (20.6%),27.0 - 27.6 (19.2%),25.6 - 27.2 (20.4%),26.6 - 28.0 (20.9%)
2013-04-26,26.347649504984826,27.35797334598758,26.347649504984826,26.595277786254883,33018000,33653120,-1.89,26.28,26.93,26.74,,52.77,26.2 - 26.4 (18.5%),27.0 - 27.6 (19.4%),25.6 - 27.2 (20.6%),26.6 - 28.0 (20.8%)
2013-04-29,26.902339392269532,27.149967701763362,26.60518617657856,26.72404670715332,29201100,34000710,-14.12,26.35,26.87,26.79,,53.92,26.2 - 26.4 (18.5%),27.0 - 27.5 (16.6%),25.6 - 27.2 (20.8%),26.6 - 28.0 (21.0%)
2013-04-30,26.87262201619572,27.585792722191712,26.753761491365708,27.50655174255371,36245700,34055330,6.43,26.47,26.83,26.84,,60.23,25.4 - 25.6 (13.6%),27.0 - 27.5 (16.8%),25.6 - 27.2 (20.7%),26.6 - 28.0 (21.2%)
2013-05-01,27.585792529003477,27.65512814954441,27.05091450325233,27.169776916503906,64567600,34873950,85.15,26.53,26.82,26.89,,56.63,27.0 - 27.2 (20.4%),27.0 - 27.5 (19.4%),25.6 - 27.2 (21.1%),26.6 - 28.0 (21.6%)
2013-05-02,27.744273905107782,28.744692425826866,27.714557830104823,28.695165634155273,104257000,35985960,189.72,26.62,26.83,26.96,,66.41,28.5 - 28.8 (19.8%),26.8 - 27.2 (24.8%),25.6 - 27.2 (20.9%),26.6 - 28.0 (21.4%)
2013-05-03,28.764505626468782,28.794219814783798,27.882947551126282,28.04142951965332,58506400,35682950,63.96,26.67,26.82,27.03,,60.15,28.5 - 28.8 (18.7%),27.0 - 27.3 (17.2%),25.6 - 27.2 (20.8%),26.6 - 28.0 (21.3%)
2013-05-06,28.061239054894703,28.190004940423517,27.219302451809337,27.308448791503906,43939400,36517120,20.33,26.7,26.8,27.1,,54.01,28.5 - 28.8 (18.3%),27.0 - 27.3 (17.5%),25.6 - 27.2 (20.8%),26.6 - 28.0 (21.6%)
2013-05-07,27.288637695256067,27.585792786532135,26.59527959411988,26.634899139404297,41259100,37514520,9.98,26.72,26.77,27.16,,49.05,28.5 - 28.8 (17.8%),27.0 - 27.3 (17.6%),25.6 - 27.2 (21.0%),26.6 - 28.0 (21.9%)
2013-05-08,26.624995644142135,27.041011289640643,26.397178047364267,26.862720489501953,34654900,36949795,-6.21,26.69,26.75,27.22,,50.7,28.5 - 28.8 (17.6%),27.0 - 27.3 (17.6%),25.6 - 27.2 (21.2%),26.6 - 28.0 (22.1%)
2013-05-09,26.82309350837449,27.288633965039825,26.595275958682116,26.78347396850586,33457200,36954230,-9.46,26.65,26.75,27.26,,50.09,28.5 - 28.8 (17.8%),27.0 - 27.3 (17.6%),25.6 - 27.2 (21.4%),26.6 - 28.0 (22.3%)
2013-05-10,26.88252841244499,27.041010377838234,26.317936174574807,26.42689323425293,30847100,37061715,-16.77,26.61,26.73,27.29,,47.34,26.4 - 26.7 (17.6%),27.0 - 27.3 (17.7%),25.6 - 27.2 (21.6%),26.6 - 28.0 (22.2%)
2013-05-13,26.347654765705716,27.07072903796643,26.278319135386774,26.565567016601562,29068800,37001385,-21.44,26.62,26.7,27.32,,48.52,26.4 - 26.7 (22.3%),27.0 - 27.3 (17.7%),25.6 - 27.2 (21.8%),26.6 - 28.0 (22.2%)
2013-05-14,26.634897792307633,27.021199202503396,26.565562174626155,26.813190460205078,24930300,36879605,-32.4,26.63,26.68,27.35,,50.66,26.4 - 26.7 (22.3%),26.7 - 27.0 (16.1%),25.6 - 27.2 (21.9%),26.6 - 28.0 (22.3%)
2013-05-15,26.6646163682997,26.73395199248603,26.149549032552596,26.347652435302734,30299800,37072565,-18.27,26.63,26.64,27.38,,46.74,26.4 - 26.7 (21.9%),26.7 - 27.0 (16.3%),25.6 - 27.2 (22.1%),26.6 - 28.0 (22.3%)
2013-05-16,26.22878868089603,26.298124301553546,25.654291109264385,25.882108688354492,35499100,36894570,-3.78,26.65,26.6,27.4,,43.14,26.4 - 26.7 (21.3%),26.7 - 27.0 (16.3%),25.6 - 27.2 (22.3%),26.6 - 28.0 (22.2%)
2013-05-17,26.14954935708222,26.347652762290924,25.951447841127603,26.000972747802734,29462700,37348660,-21.11,26.68,26.58,27.42,,44.32,26.7 - 27.0 (19.5%),26.7 - 27.0 (16.3%),25.6 - 27.2 (22.5%),26.6 - 28.0 (22.2%)
2013-05-20,25.93163681998038,25.94154217905057,25.446285561065473,25.515621185302734,42402900,38184425,11.05,26.67,26.56,27.41,,40.62,28.5 - 28.8 (16.3%),26.7 - 27.0 (16.0%),26.4 - 27.6 (20.2%),26.6 - 28.0 (22.1%)
2013-05-21,25.62457751211347,25.832584378869406,25.347233133851535,25.416568756103516,26261300,38237915,-31.32,26.65,26.53,27.41,,39.89,28.5 - 28.8 (16.6%),26.7 - 27.0 (16.2%),26.4 - 27.6 (20.2%),26.6 - 28.0 (22.0%)
2013-05-22,25.406661636179003,25.60476501967026,24.683587498167505,24.921310424804688,45314500,39517145,14.67,26.61,26.5,27.4,,36.37,26.4 - 26.8 (22.1%),26.7 - 27.0 (16.2%),26.4 - 27.6 (20.4%),26.6 - 28.0 (22.0%)
2013-05-23,24.564724360419547,25.28780036620279,24.535010176256364,24.82225799560547,37663100,40542800,-7.1,26.55,26.47,27.38,,35.69,26.4 - 26.7 (18.6%),26.7 - 27.0 (16.2%),26.4 - 27.6 (20.5%),26.6 - 28.0 (21.9%)
2013-05-24,24.733112845716775,24.733112845716775,23.851556740706346,24.079374313354492,58727900,41828295,40.4,26.43,26.42,27.35,,31.01,26.4 - 26.7 (18.6%),26.8 - 27.2 (21.5%),26.4 - 27.6 (20.5%),26.6 - 28.0 (21.8%)
2013-05-28,24.307192801385884,24.307192801385884,23.6930738374892,23.871366500854492,50079700,42872225,16.81,26.28,26.36,27.33,,29.83,26.7 - 27.0 (18.3%),26.8 - 27.2 (18.9%),26.4 - 27.6 (20.5%),26.6 - 28.0 (21.7%)
2013-05-29,23.56430871594604,23.584117543088364,23.039336066969526,23.098766326904297,64237800,44271830,45.1,26.06,26.29,27.29,,25.89,26.4 - 26.8 (17.3%),26.5 - 27.0 (21.1%),26.4 - 27.6 (20.4%),26.6 - 28.0 (21.6%)
2013-05-30,23.901084867342213,24.544920017539543,23.702983342804252,24.317100524902344,60733200,44080110,37.78,25.92,26.24,27.27,,39.46,24.0 - 24.4 (21.1%),26.5 - 27.0 (17.8%),26.4 - 27.6 (20.5%),26.6 - 28.0 (21.5%)
2013-05-31,24.396341998934254,24.713307845171528,24.039758491955403,24.118999481201172,35925000,40663510,-11.65,25.69,26.19,27.25,,38.24,24.0 - 24.4 (27.2%),26.5 - 27.0 (17.9%),26.4 - 27.6 (20.5%),26.6 - 28.0 (21.5%)
2013-06-03,24.039754845301026,24.089279747596738,23.48506611546866,23.62373924255371,35733800,39524880,-9.59,25.47,26.11,27.22,,35.29,24.0 - 24.4 (26.9%),26.5 - 27.0 (17.9%),26.4 - 27.6 (20.4%),26.6 - 28.0 (21.4%)
2013-06-04,23.66336001553461,23.702981450832123,23.098767787323222,23.296871185302734,34760800,39065950,-11.02,25.27,26.03,27.18,,33.45,24.0 - 24.3 (16.1%),26.5 - 27.0 (18.0%),26.4 - 27.6 (20.3%),26.6 - 28.0 (21.4%)
2013-06-05,23.128484318849605,23.485067797272887,22.57379743854912,22.68275260925293,53819700,39693980,35.59,25.07,25.95,27.14,,30.26,24.0 - 24.3 (15.5%),26.5 - 27.0 (17.8%),26.4 - 27.6 (20.0%),26.6 - 28.0 (21.3%)
2013-06-06,22.771897356055135,22.8709490500554,22.454933446657424,22.752086639404297,31260700,39524270,-20.91,24.87,25.87,27.1,,31.06,24.0 - 24.3 (15.6%),26.5 - 27.0 (18.1%),26.4 - 27.6 (20.0%),26.6 - 28.0 (21.2%)
2013-06-07,22.811521873730413,23.1780107350547,22.643134537938284,23.069055557250977,38699200,39786370,-2.73,24.68,25.81,27.06,,34.74,22.8 - 23.1 (16.7%),26.5 - 27.0 (18.2%),26.4 - 27.6 (19.5%),26.6 - 28.0 (21.2%)
2013-06-10,23.831748813882943,24.366626888021354,23.762413187069622,24.09918785095215,58393000,41163665,41.86,24.56,25.76,27.04,,45.01,24.0 - 24.3 (24.2%),26.5 - 27.0 (18.0%),26.4 - 27.6 (19.2%),26.6 - 28.0 (21.1%)
2013-06-11,23.802030563354492,24.118994454275352,23.77231449011048,23.802030563354492,29885900,41204520,-27.47,24.43,25.72,27.02,,42.91,24.0 - 24.2 (24.1%),26.5 - 27.0 (18.0%),26.4 - 27.6 (19.2%),26.6 - 28.0 (21.0%)
2013-06-12,23.93079603570315,24.029847722274283,23.356298520695105,23.544496536254883,26445800,41280295,-35.94,24.26,25.67,26.98,,41.12,24.0 - 24.2 (24.8%),26.5 - 27.0 (16.4%),26.4 - 27.6 (19.0%),26.6 - 28.0 (21.0%)
2013-06-13,23.49496982549045,23.60392687000185,23.049240068337422,23.50487518310547,31189300,41324770,-24.53,24.12,25.63,26.95,,40.84,24.0 - 24.2 (25.1%),26.5 - 27.0 (15.2%),26.4 - 27.6 (18.8%),26.6 - 28.0 (20.9%)
2013-06-14,23.33649094545076,23.663360232638063,23.039337735009227,23.405826568603516,30677100,41083670,-25.33,24.0,25.59,26.92,,40.1,23.0 - 23.2 (17.7%),26.5 - 27.0 (15.2%),26.4 - 27.6 (18.7%),26.6 - 28.0 (20.9%)
2013-06-17,23.683170552271104,24.019945192711294,23.52468859079972,23.79212760925293,33664500,41293760,-18.48,23.89,25.56,26.9,,44.34,23.0 - 23.2 (16.7%),26.5 - 27.0 (15.2%),26.4 - 27.6 (18.7%),26.6 - 28.0 (20.9%)
2013-06-18,23.861461366965205,24.45576962067712,23.85155600899039,23.980321884155273,36709100,41009070,-10.49,23.81,25.54,26.88,,46.33,23.0 - 23.2 (17.1%),26.5 - 27.0 (15.1%),26.4 - 27.6 (18.6%),26.6 - 28.0 (20.8%)
2013-06-19,23.970419150796722,24.951026949340147,23.87136745726373,24.079374313354492,31790600,41285535,-23.0,23.74,25.52,26.86,,47.4,24.0 - 24.2 (22.1%),26.5 - 27.0 (15.2%),26.4 - 27.6 (18.7%),26.6 - 28.0 (20.8%)
2013-06-20,24.049657661430466,24.515198117263317,23.425633378645315,23.673261642456055,42765600,41158090,3.91,23.68,25.5,26.85,,43.57,24.0 - 24.1 (16.3%),26.5 - 27.0 (15.1%),26.4 - 27.6 (18.6%),26.6 - 28.0 (20.7%)
2013-06-21,24.35671724422599,24.465674289626552,23.821839264172848,24.297286987304688,45833900,41566630,10.27,23.65,25.47,26.83,,50.22,23.6 - 23.8 (20.0%),26.5 - 27.0 (14.9%),26.4 - 27.6 (18.6%),26.6 - 28.0 (20.6%)
2013-06-24,23.72279026098201,23.88127221092082,23.158196188914403,23.7128849029541,40626000,40661535,-0.09,23.64,25.45,26.81,,44.89,23.6 - 23.8 (20.7%),26.5 - 27.0 (14.9%),26.4 - 27.6 (18.7%),26.6 - 28.0 (20.6%)
2013-06-25,23.910986189192794,24.198235901759112,23.811936388277093,24.019943237304688,24713200,39393210,-37.27,23.64,25.43,26.78,,48.01,23.6 - 23.8 (21.0%),26.5 - 27.0 (14.9%),26.4 - 27.6 (18.6%),26.6 - 28.0 (20.5%)
2013-06-26,24.277477557603405,24.41614879418149,23.76241026566495,23.930797576904297,29890300,37675835,-20.66,23.69,25.41,26.75,,47.17,23.6 - 23.8 (22.0%),26.5 - 27.0 (15.1%),26.4 - 27.6 (18.6%),26.6 - 28.0 (20.5%)
2013-06-27,24.0100346547207,24.60434282666625,23.980318584884664,24.426050186157227,34694100,36373880,-4.62,23.69,25.38,26.72,,52.16,24.0 - 24.1 (21.4%),26.5 - 27.0 (15.0%),26.4 - 27.5 (16.8%),26.6 - 28.0 (20.4%)
2013-06-28,24.445865175671543,24.743018368998225,24.18833152646992,24.643966674804688,96778900,39416575,145.53,23.72,25.34,26.68,,54.21,24.0 - 24.1 (19.3%),26.5 - 27.0 (14.4%),26.4 - 27.5 (16.7%),26.6 - 28.0 (20.3%)
2013-07-01,24.733112690259794,24.822259024953777,24.38643459895419,24.574630737304688,20582200,38658995,-46.76,23.76,25.3,26.64,,53.42,24.6 - 24.7 (17.4%),26.5 - 27.0 (14.4%),26.4 - 27.5 (16.7%),26.6 - 28.0 (20.3%)
2013-07-02,24.46567647361402,24.535012094420587,24.06946968742684,24.17842674255371,18394100,37840660,-51.39,23.81,25.26,26.59,,49.06,24.6 - 24.7 (17.8%),24.0 - 24.5 (14.8%),26.4 - 27.5 (16.7%),26.6 - 28.0 (20.2%)
2013-07-03,23.99022517265652,24.47557633603138,23.92088956206778,24.28738021850586,10404400,35669895,-70.83,23.89,25.23,26.54,,50.26,24.6 - 24.7 (18.3%),24.0 - 24.5 (15.5%),26.4 - 27.5 (16.7%),26.6 - 28.0 (20.2%)
2013-07-05,24.416145922593525,24.426051279648977,23.970416190620384,24.138803482055664,20229500,35118335,-42.4,23.96,25.17,26.48,,48.58,24.6 - 24.7 (19.9%),24.0 - 24.5 (17.2%),26.4 - 27.5 (16.7%),26.6 - 28.0 (20.2%)
2013-07-08,24.237853497000923,24.802447518831627,24.188328600521913,24.475576400756836,27064600,34536605,-21.64,24.03,25.12,26.43,,52.47,24.6 - 24.7 (20.1%),24.0 - 24.5 (18.4%),26.4 - 27.5 (16.6%),26.6 - 28.0 (20.2%)
2013-07-09,24.832165272800708,25.2481808865254,24.792545727769483,25.2382755279541,30387900,33136350,-8.29,24.09,25.09,26.39,,59.87,24.6 - 24.8 (20.4%),24.0 - 24.5 (18.3%),26.4 - 27.5 (16.6%),26.6 - 28.0 (20.1%)
2013-07-10,25.3373284001847,25.58495670819638,25.228371340098263,25.555240631103516,26721800,32978145,-18.97,24.17,25.07,26.35,,62.49,24.6 - 24.8 (20.6%),24.0 - 24.5 (18.4%),26.4 - 27.5 (16.6%),26.6 - 28.0 (20.1%)
2013-07-11,25.71372209661812,25.753343531970778,25.208562020649925,25.56514549255371,26777400,32994725,-18.84,24.27,25.06,26.32,,62.57,24.6 - 24.8 (21.4%),24.0 - 24.5 (18.5%),26.4 - 27.5 (16.6%),26.6 - 28.0 (20.0%)
2013-07-12,25.49580870038788,25.68400673117186,25.3076106696039,25.664196014404297,16537900,32262155,-48.74,24.38,25.04,26.29,,63.43,24.6 - 24.8 (22.8%),24.0 - 24.5 (18.6%),26.4 - 27.5 (16.6%),26.6 - 28.0 (20.0%)
2013-07-15,25.68400545560553,26.179262014674656,25.406661102395436,26.030685424804688,24234000,31940000,-24.13,24.51,25.05,26.25,,66.5,24.6 - 24.8 (23.8%),24.0 - 24.5 (18.6%),26.4 - 27.5 (16.6%),26.6 - 28.0 (20.0%)
2013-07-16,26.13964048633785,26.496225812108765,25.763246334110423,26.07030487060547,30817600,31797655,-3.08,24.63,25.06,26.21,,66.83,24.6 - 24.8 (23.4%),24.0 - 24.5 (18.6%),26.4 - 27.5 (16.5%),26.6 - 28.0 (19.9%)
2013-07-17,26.119836139408836,26.525946434849324,26.0504986225313,26.397178649902344,21518500,31038125,-30.67,24.75,25.08,26.18,,69.46,24.6 - 24.8 (23.9%),24.0 - 24.5 (18.6%),26.4 - 27.5 (16.5%),26.6 - 28.0 (19.9%)
2013-07-18,26.49622905231439,26.516039770447378,25.87220654515784,25.931636810302734,24806900,30688940,-19.17,24.84,25.08,26.13,,61.93,24.6 - 24.8 (24.5%),24.0 - 24.5 (18.8%),26.4 - 27.5 (16.5%),26.6 - 28.0 (19.9%)
2013-07-19,25.575051165548725,25.862300907621904,25.357138936194417,25.63448143005371,46539700,30877645,50.72,24.94,25.07,26.08,,57.63,25.6 - 25.8 (18.3%),24.0 - 24.5 (18.5%),26.4 - 27.5 (16.5%),26.6 - 28.0 (19.8%)
2013-07-22,25.74344143280146,25.88211269558645,25.476002378069616,25.802871704101562,27526300,29962265,-8.13,25.01,25.07,26.04,,59.35,25.6 - 25.8 (17.9%),24.0 - 24.5 (18.5%),26.4 - 27.5 (16.5%),26.6 - 28.0 (19.8%)
2013-07-23,25.85239450193211,26.05049600534587,25.723626729921897,25.882108688354492,28221600,29342045,-3.82,25.12,25.06,26.0,,60.17,25.8 - 26.0 (22.3%),24.0 - 24.5 (18.5%),26.4 - 27.5 (16.5%),26.6 - 28.0 (19.7%)
2013-07-24,26.070304938970924,26.278313675967375,25.80286594394142,26.258502960205078,82635600,32238165,156.33,25.23,25.05,25.96,,63.9,26.2 - 26.4 (24.0%),24.0 - 24.5 (18.0%),26.4 - 27.5 (16.4%),26.6 - 28.0 (19.6%)
2013-07-25,33.22181791728294,34.54910592751662,32.43931148157244,34.03403854370117,365457900,49016545,645.58,25.74,25.16,26.0,,88.28,34.0 - 35.0 (45.7%),23.4 - 24.3 (25.5%),26.0 - 27.3 (18.5%),26.6 - 28.0 (19.2%)
2013-07-26,33.44963775768507,34.40052970876697,33.241630851856286,33.68735885620117,136028900,54083285,151.52,26.2,25.27,26.05,,85.5,34.0 - 35.0 (39.9%),23.4 - 24.3 (24.5%),26.0 - 27.3 (18.3%),26.6 - 28.0 (19.0%)
2013-07-29,33.746784937263605,35.29198691313229,33.687352784092795,35.0938835144043,124718800,55480280,124.8,26.73,25.38,26.1,,87.25,34.0 - 35.0 (36.1%),24.0 - 25.0 (21.5%),26.0 - 27.3 (17.9%),26.6 - 28.0 (18.8%)
2013-07-30,35.31179831790464,37.5998814711326,34.98492713686743,37.273014068603516,173582800,63130310,174.96,27.36,25.53,26.17,,89.39,33.6 - 34.8 (43.4%),24.0 - 25.2 (20.5%),25.5 - 27.0 (17.8%),26.6 - 28.0 (18.6%)
2013-07-31,37.599877022843124,37.94655888097486,35.98534336229947,36.45088195800781,154828700,69952040,121.34,27.97,25.68,26.24,,83.69,33.6 - 34.8 (39.0%),24.0 - 25.2 (20.0%),25.5 - 27.0 (17.7%),26.6 - 28.0 (18.4%)
2013-08-01,36.94614605936202,37.92675590815006,36.569749939992946,37.13434600830078,106066500,74735145,41.92,28.62,25.86,26.31,,84.57,33.6 - 34.8 (36.8%),24.0 - 25.2 (19.9%),25.5 - 27.0 (17.6%),26.6 - 28.0 (18.3%)
2013-08-02,37.30272634187759,38.12485409791946,37.144244383647674,37.68902587890625,73058500,77376595,-5.58,29.29,26.04,26.4,,85.27,33.6 - 34.8 (35.3%),23.4 - 24.7 (29.5%),25.5 - 27.0 (17.6%),26.6 - 28.0 (18.2%)
2013-08-05,38.06542223905867,38.94697837464136,37.887129562366894,38.81821060180664,79994800,80023105,-0.04,30.01,26.24,26.49,,86.59,36.4 - 37.7 (34.4%),23.4 - 24.7 (29.2%),25.6 - 27.2 (21.8%),26.6 - 28.0 (18.1%)
2013-08-06,38.73897297853305,38.877644225988014,37.58007053614435,38.18428421020508,63950800,81701250,-21.73,30.66,26.44,26.58,,82.13,36.4 - 37.7 (33.6%),23.4 - 24.7 (29.0%),25.6 - 27.2 (21.7%),26.6 - 28.0 (18.1%)
2013-08-07,38.243711844826606,38.570579206842496,37.342345064378165,38.501243591308594,68854800,83807900,-17.84,31.31,26.63,26.67,,82.61,36.4 - 37.7 (32.6%),23.4 - 24.7 (28.6%),25.6 - 27.2 (21.7%),26.6 - 28.0 (18.0%)
2013-08-08,38.75878034696776,38.81820871730799,38.06542039110546,38.17437744140625,41301000,84534080,-51.14,31.94,26.82,26.75,,80.2,36.4 - 37.7 (32.3%),23.4 - 24.7 (28.6%),25.6 - 27.2 (21.7%),26.6 - 28.0 (18.0%)
2013-08-09,38.22390051065323,38.37247898639747,37.649401101516936,38.1347541809082,43532300,85883800,-49.31,32.56,27.02,26.83,,79.9,36.4 - 37.7 (32.3%),23.4 - 24.7 (28.5%),25.6 - 27.2 (21.6%),26.6 - 28.0 (17.9%)
2013-08-12,37.8376073416535,38.13476056437556,37.73855374840733,37.857418060302734,31161000,86230150,-63.86,33.15,27.22,26.91,,77.68,36.4 - 37.7 (32.3%),23.4 - 24.7 (28.4%),25.6 - 27.2 (21.7%),26.6 - 28.0 (17.9%)
2013-08-13,37.87722770787829,37.95646680172632,36.42117204565313,36.668800354003906,65379200,87958230,-25.67,33.68,27.4,26.99,,68.86,36.4 - 37.7 (35.6%),23.4 - 24.7 (28.1%),25.6 - 27.2 (21.5%),26.6 - 28.0 (17.8%)
2013-08-14,36.480603625087326,37.19377057251451,36.27259297768417,36.302310943603516,48423900,89303500,-45.78,34.18,27.58,27.07,,66.36,34.0 - 34.5 (23.2%),23.4 - 24.7 (27.9%),25.6 - 27.2 (21.5%),26.6 - 28.0 (17.7%)
2013-08-15,36.015058086391605,36.71832150331486,35.67828347034969,36.21316146850586,56521100,90889210,-37.81,34.69,27.76,27.15,,65.73,37.0 - 37.5 (22.1%),23.4 - 24.7 (27.8%),25.6 - 27.2 (21.5%),26.6 - 28.0 (17.7%)
2013-08-16,36.6192800780877,37.134347478002155,36.549944445263506,36.72823715209961,45840800,90854265,-49.54,35.24,27.95,27.23,,67.63,36.4 - 36.8 (22.6%),23.4 - 24.7 (27.6%),25.6 - 27.2 (21.5%),26.6 - 28.0 (17.6%)
2013-08-19,37.074909316053805,37.916844023237495,36.78765958169401,37.4513053894043,57609600,92358430,-37.62,35.83,28.17,27.32,,70.13,37.2 - 37.5 (20.8%),23.4 - 24.7 (27.5%),25.6 - 27.2 (21.9%),26.6 - 28.0 (17.6%)
2013-08-20,37.98618399093943,38.214005377709725,37.33244535638104,38.045616149902344,57995200,93847110,-38.2,36.44,28.4,27.41,,72.05,36.3 - 36.6 (20.4%),23.4 - 24.7 (27.3%),25.6 - 27.2 (21.8%),26.6 - 28.0 (17.5%)
2013-08-21,38.015895008202754,38.481433610172466,37.78807744159891,37.95646286010742,46116900,92021175,-49.88,37.02,28.63,27.5,,71.31,38.1 - 38.4 (16.8%),23.4 - 24.7 (27.3%),25.6 - 27.2 (21.8%),26.6 - 28.0 (17.5%)
2013-08-22,38.00599152676067,38.38238761164422,37.97627733902263,38.18428421020508,21931200,74844840,-70.7,37.23,28.88,27.58,,72.1,38.1 - 38.4 (21.3%),23.4 - 24.7 (27.4%),25.6 - 27.2 (21.9%),26.6 - 28.0 (17.4%)
2013-08-23,38.63001518635243,40.24455277648223,38.56067956393962,40.16530990600586,86442300,72365510,19.45,37.55,29.15,27.69,,77.79,38.0 - 38.4 (28.1%),36.0 - 37.5 (20.6%),25.5 - 27.2 (22.6%),25.5 - 27.0 (15.9%)
2013-08-26,40.511990503224084,41.542121336973565,40.23464424391914,40.94781494140625,94162400,70837690,32.93,37.84,29.43,27.81,,79.57,38.0 - 38.5 (27.6%),36.0 - 37.5 (20.1%),27.0 - 28.8 (19.3%),25.6 - 27.2 (19.3%)
2013-08-27,40.29407344053702,40.80914070890123,39.04602481144091,39.263938903808594,72695100,65793305,10.49,37.94,29.69,27.9,,67.13,38.0 - 38.5 (19.7%),36.0 - 37.5 (20.0%),27.0 - 28.8 (19.2%),25.6 - 27.2 (19.2%)
2013-08-28,39.580906961020716,40.46246311327619,39.501667869052376,40.16530990600586,57918200,60947780,-4.97,38.13,29.97,28.0,,69.85,38.0 - 38.5 (19.9%),36.0 - 37.5 (20.0%),27.0 - 28.8 (19.2%),25.6 - 27.2 (19.2%)
2013-08-29,40.50208243090287,41.38363853706705,40.41293609553189,40.88838195800781,58303400,58559625,-0.44,38.32,30.27,28.11,,71.86,40.5 - 41.0 (18.1%),36.0 - 37.5 (20.0%),27.0 - 28.8 (19.1%),25.6 - 27.2 (19.1%)
2013-08-30,41.62136287034803,41.85908390954936,40.67047115652712,40.89828872680664,67735100,58293455,16.2,38.48,30.58,28.22,,71.89,40.5 - 41.0 (25.4%),36.0 - 37.5 (19.8%),27.0 - 28.8 (19.0%),25.6 - 27.2 (19.0%)
2013-09-03,41.443071763314144,41.76003567986467,41.11620059896071,41.47278594970703,48774900,56732460,-14.03,38.61,30.88,28.34,,73.51,40.5 - 41.0 (26.8%),36.8 - 38.4 (20.2%),27.0 - 28.8 (19.1%),25.6 - 27.2 (19.0%)
2013-09-04,41.611461707596284,41.76994368307396,41.04686943380031,41.383644104003906,42581900,55664015,-23.5,38.77,31.17,28.47,,72.81,40.5 - 41.0 (27.0%),36.8 - 38.4 (20.2%),27.0 - 28.8 (19.0%),25.6 - 27.2 (18.9%)
2013-09-05,41.39354559938273,42.36424803657414,41.37373488288807,42.25529098510742,50035400,54723045,-8.57,38.96,31.48,28.6,,75.3,40.8 - 41.4 (32.5%),36.8 - 38.4 (20.1%),27.0 - 28.8 (19.0%),25.6 - 27.2 (18.9%)
2013-09-06,42.68121242545584,44.18679288948156,41.99775970195729,43.53305435180664,117535700,58534780,100.8,39.23,31.81,28.74,,78.42,40.8 - 41.4 (29.9%),35.7 - 37.4 (17.9%),26.6 - 28.5 (22.4%),25.5 - 27.2 (19.3%)
2013-09-09,43.939167760191765,44.36508875401707,43.28542917547284,43.6222038269043,75794700,60147900,26.01,39.5,32.15,28.89,,78.62,40.8 - 41.4 (29.3%),35.7 - 37.4 (17.8%),26.6 - 28.5 (22.4%),25.5 - 27.2 (19.2%)
2013-09-10,43.820302425185396,43.84010936264953,42.81988205039946,43.186370849609375,54540300,61316865,-11.05,39.77,32.48,29.03,,74.91,40.8 - 41.4 (29.4%),35.7 - 37.4 (17.7%),26.6 - 28.5 (22.3%),25.5 - 27.2 (19.2%)
2013-09-11,42.97836833797653,44.66224158047958,42.701025843390646,44.61271667480469,72328300,61664320,17.29,40.16,32.82,29.19,,78.49,40.8 - 41.4 (28.5%),36.0 - 37.8 (21.0%),26.0 - 28.0 (25.5%),27.0 - 28.8 (16.6%)
2013-09-12,45.098061369643574,45.18720770202897,44.22641254021713,44.325462341308594,68072300,62646740,8.66,40.56,33.16,29.35,,76.13,40.5 - 41.0 (22.8%),36.0 - 37.8 (20.8%),26.0 - 28.0 (25.5%),27.0 - 28.8 (16.6%)
2013-09-13,44.61271498336709,44.652336417808044,43.513244737932304,43.88964080810547,52765300,62458950,-15.52,40.95,33.49,29.51,,72.58,43.5 - 44.0 (26.4%),35.7 - 37.4 (17.2%),26.0 - 28.0 (25.6%),27.0 - 28.8 (16.5%)
2013-09-16,44.42451326330315,44.51365959793785,42.02747325413764,42.106712341308594,70424200,63688120,10.58,41.22,33.8,29.65,,60.2,43.5 - 44.0 (27.1%),35.7 - 37.4 (17.0%),26.0 - 28.0 (25.7%),27.0 - 28.8 (16.5%)
2013-09-17,42.09680714830429,45.00891432959482,42.02747153292887,44.642425537109375,91934600,65404370,40.56,41.58,34.14,29.81,,68.44,44.4 - 44.8 (17.7%),35.7 - 37.4 (16.8%),26.0 - 28.0 (25.6%),27.0 - 28.8 (16.4%)
2013-09-18,44.414615193530025,45.03863961183138,43.978790714840024,44.8009147644043,79317000,66470460,19.33,41.92,34.49,29.97,,68.88,44.4 - 44.8 (17.3%),36.0 - 37.8 (19.9%),26.0 - 28.0 (25.5%),27.0 - 28.8 (16.3%)
2013-09-19,45.07825790130818,45.6131359816171,44.800915390855394,45.543800354003906,63972400,67363235,-5.03,42.29,34.85,30.14,,70.9,43.5 - 44.0 (25.7%),36.0 - 37.8 (19.8%),25.2 - 27.3 (24.1%),26.6 - 28.5 (18.9%)
2013-09-20,45.88056461347838,47.14842012050822,45.30606900379577,47.039466857910156,115508400,72042095,60.33,42.74,35.23,30.32,,74.49,44.4 - 45.0 (24.3%),36.1 - 38.0 (21.4%),26.4 - 28.6 (24.0%),26.0 - 28.0 (21.8%)
2013-09-23,46.83145971811817,47.09889871744339,45.85085383243343,46.742313385009766,75177000,71478830,5.17,43.07,35.61,30.49,,72.57,44.4 - 45.0 (22.6%),36.1 - 38.0 (21.2%),26.4 - 28.6 (24.1%),26.0 - 28.0 (21.7%)
2013-09-24,48.04979244694991,49.18888410937177,47.70311434717346,47.99036407470703,136716100,73606515,85.74,43.42,36.0,30.67,,75.43,43.4 - 44.1 (21.1%),36.0 - 38.0 (20.6%),26.4 - 28.6 (23.9%),26.0 - 28.0 (21.6%)
2013-09-25,48.76296610079979,49.0700265638823,48.000270456504346,48.99078369140625,87879700,74365745,18.17,43.9,36.4,30.85,,77.46,43.4 - 44.1 (20.3%),35.7 - 37.8 (18.5%),25.3 - 27.6 (27.2%),25.2 - 27.3 (19.8%)
2013-09-26,49.535560733913165,50.11996364078052,49.03040069235356,49.911956787109375,98220100,76380840,28.59,44.39,36.83,31.05,,79.16,43.2 - 44.0 (19.5%),35.7 - 37.8 (18.2%),26.4 - 28.8 (25.5%),26.4 - 28.6 (20.9%)
2013-09-27,49.81290282602009,50.79350864205007,49.386981906812736,50.75389099121094,81410500,77536195,5.0,44.89,37.27,31.25,,80.61,44.1 - 45.0 (25.5%),37.4 - 39.6 (15.4%),25.0 - 27.5 (26.0%),26.4 - 28.6 (20.8%)
2013-09-30,49.66432885435702,51.110477149948736,49.327554231417096,49.753475189208984,100095000,79154190,26.46,45.33,37.7,31.44,,74.04,44.1 - 45.0 (25.0%),37.4 - 39.6 (15.1%),25.0 - 27.5 (26.0%),26.4 - 28.6 (20.7%)
2013-10-01,49.49594536564468,50.54588692990736,48.98087805288029,49.941673278808594,98114000,81621145,20.21,45.75,38.12,31.62,,74.46,44.1 - 45.0 (24.1%),37.4 - 39.6 (14.9%),25.0 - 27.5 (25.8%),26.4 - 28.6 (20.6%)
2013-10-02,49.65442289082738,50.61521803095466,49.476130230080535,49.80299758911133,62834000,82633750,-23.96,46.17,38.53,31.81,,73.52,49.5 - 50.4 (28.0%),37.4 - 39.6 (14.7%),25.0 - 27.5 (25.8%),26.4 - 28.6 (20.5%)
2013-10-03,49.99119505888102,50.23882332245224,48.59457180347962,48.71343231201172,82045000,84234230,-2.6,46.5,38.92,32.0,,66.37,49.5 - 50.4 (27.7%),37.4 - 39.6 (14.4%),25.0 - 27.5 (25.7%),26.4 - 28.6 (20.4%)
2013-10-04,49.29783784672113,50.67465046250725,49.09973446938689,50.555789947509766,74447000,82079795,-9.3,46.85,39.34,32.2,,71.43,49.5 - 50.4 (27.3%),37.4 - 39.6 (14.3%),25.0 - 27.5 (25.6%),26.4 - 28.6 (20.4%)
2013-10-07,50.248732566475965,50.80342130089891,49.921865185812855,50.04072570800781,57204000,81150260,-29.51,47.17,39.74,32.39,,68.34,49.8 - 50.4 (24.2%),35.7 - 37.8 (16.8%),25.0 - 27.5 (25.7%),26.4 - 28.6 (20.3%)
2013-10-08,50.119965701945056,50.119965701945056,46.63336261219043,46.69279098510742,136081000,85227295,59.67,47.34,40.09,32.57,,52.44,49.8 - 50.4 (23.5%),35.7 - 37.8 (16.4%),25.0 - 27.5 (25.4%),26.4 - 28.6 (20.2%)
2013-10-09,46.93051135060945,47.38614646602615,44.83062087532734,46.326297760009766,147297000,88975730,65.55,47.43,40.42,32.74,,51.04,49.5 - 50.0 (25.4%),35.7 - 37.8 (16.0%),25.0 - 27.5 (25.2%),26.4 - 28.6 (20.0%)
2013-10-10,47.415865158677185,49.20869538570741,47.37624750290085,48.58467102050781,99774000,90560815,10.17,47.64,40.79,32.93,,58.41,49.6 - 50.0 (24.7%),35.7 - 37.8 (15.8%),25.0 - 27.5 (25.1%),26.4 - 28.6 (19.9%)
2013-10-11,48.713435805701025,49.39688850191162,48.32713629138601,48.644100189208984,58428000,90843950,-35.68,47.88,41.17,33.13,,58.58,49.6 - 50.0 (25.7%),35.7 - 37.8 (15.7%),25.0 - 27.5 (25.1%),26.4 - 28.6 (19.8%)
2013-10-14,47.85168584849799,49.15916274606155,47.45547912502107,49.04029846191406,68781000,90761790,-24.22,48.23,41.56,33.32,,59.81,49.6 - 50.0 (25.9%),48.3 - 50.4 (16.2%),25.0 - 27.5 (25.0%),26.4 - 28.6 (19.8%)
2013-10-15,49.51575241269011,50.51616899894945,48.71343542714991,49.030399322509766,81167000,90223410,-10.04,48.45,41.95,33.51,,59.76,49.6 - 50.0 (26.9%),48.3 - 50.4 (17.6%),25.0 - 27.5 (24.9%),26.4 - 28.6 (19.7%)
2013-10-16,49.56528314521145,50.753899781929135,49.426611896987545,50.65484619140625,64678000,89491460,-27.73,48.74,42.36,33.71,,64.72,49.6 - 50.0 (27.4%),48.3 - 50.4 (17.5%),25.0 - 27.5 (24.8%),26.4 - 28.6 (19.6%)
2013-10-17,50.63503166687488,51.72459840967096,50.466646243406345,51.714691162109375,71522000,89868940,-20.42,49.05,42.79,33.92,,67.53,49.5 - 50.0 (20.3%),48.4 - 50.6 (18.7%),25.0 - 27.5 (24.7%),25.3 - 27.6 (21.0%)
2013-10-18,53.66601362994052,54.309848819139795,53.091514072992425,53.70563507080078,88260000,88506520,-0.28,49.38,43.11,34.14,,72.04,49.7 - 50.4 (24.7%),48.3 - 50.6 (18.6%),24.3 - 27.0 (20.2%),26.4 - 28.8 (20.7%)
2013-10-21,54.161265858064006,54.290033641032636,53.00236336836286,53.33913803100586,58235000,87659420,-33.57,49.71,43.44,34.36,,70.11,46.2 - 46.9 (22.7%),48.3 - 50.6 (18.5%),24.3 - 27.0 (20.3%),26.4 - 28.8 (20.7%)
2013-10-22,53.814589077635134,54.240506317834814,51.70479470339629,52.180240631103516,83204000,84983815,-2.09,49.92,43.73,34.55,,64.25,46.2 - 46.9 (23.0%),48.3 - 50.6 (18.3%),24.3 - 27.0 (20.2%),26.4 - 28.8 (20.6%)
2013-10-23,51.25906385641333,51.75432051203085,50.64494666142996,51.40764236450195,57207000,83450180,-31.45,50.04,43.96,34.75,,60.61,46.2 - 46.9 (23.1%),35.7 - 37.4 (12.3%),24.3 - 27.0 (20.1%),26.4 - 28.8 (20.5%)
2013-10-24,51.883087467310766,52.33872267632006,51.10058105715892,51.952423095703125,46775000,80877925,-42.17,50.14,44.22,34.95,,62.24,46.2 - 46.9 (23.8%),35.7 - 37.4 (13.1%),24.3 - 27.0 (20.2%),26.4 - 28.8 (20.5%)
2013-10-25,52.675491719358774,52.73492387099104,51.38782532872337,51.45716094970703,45085000,79061650,-42.97,50.18,44.46,35.16,,59.82,46.2 - 46.9 (24.4%),36.8 - 38.4 (14.7%),24.3 - 27.0 (20.4%),26.4 - 28.8 (20.4%)
2013-10-28,51.05104877905263,51.209530732288606,49.13935809273307,49.753475189208984,73472000,77730500,-5.48,50.18,44.66,35.35,,52.31,46.2 - 46.9 (24.0%),49.5 - 51.0 (14.8%),24.3 - 27.0 (20.5%),26.4 - 28.8 (20.4%)
2013-10-29,50.248735138954395,50.308167292348436,48.78277602847401,48.93135452270508,102143000,77931950,31.07,50.13,44.83,35.53,,49.1,48.3 - 49.0 (22.7%),49.5 - 51.0 (15.0%),24.3 - 27.0 (20.4%),26.4 - 28.8 (20.3%)
2013-10-30,49.525661331616604,49.733668202367454,48.28751979832619,48.54505157470703,127073000,81143900,56.6,50.06,45.0,35.72,,47.62,48.5 - 49.0 (34.4%),49.5 - 51.0 (15.1%),24.3 - 27.0 (20.2%),26.4 - 28.8 (20.1%)
2013-10-31,46.7126010469831,51.50668495128112,46.058862504511005,49.733665466308594,248809000,89482100,178.05,50.11,45.19,35.91,,52.37,49.5 - 50.0 (25.3%),49.5 - 51.0 (19.8%),24.3 - 27.0 (19.9%),26.4 - 28.8 (19.9%)
2013-11-01,50.36758947621939,51.595827379168874,49.24831239701993,49.27802658081055,95033000,90511400,5.0,50.05,45.37,36.1,,50.48,49.5 - 50.0 (24.6%),49.5 - 51.0 (19.7%),24.3 - 27.0 (19.9%),26.4 - 28.8 (19.8%)
2013-11-04,48.901630518533636,49.27802655320355,47.564439349598494,47.762542724609375,80371000,91669750,-12.33,49.94,45.53,36.28,,44.71,49.2 - 49.8 (31.5%),49.5 - 51.0 (19.7%),24.3 - 27.0 (19.9%),26.4 - 28.8 (19.7%)
2013-11-05,47.336622901483146,49.70394865321388,47.05927665855744,49.634613037109375,76835000,88707450,-13.38,50.08,45.73,36.48,,52.01,49.2 - 49.8 (37.5%),49.5 - 51.0 (21.2%),24.3 - 27.0 (19.8%),26.4 - 28.8 (19.7%)
2013-11-06,49.783191392905586,49.971391317727196,48.247896700219876,48.65400695800781,67889000,84737050,-19.88,50.2,45.93,36.66,,48.4,49.2 - 49.8 (37.4%),49.5 - 51.0 (21.2%),24.3 - 27.0 (19.7%),26.4 - 28.8 (19.6%)
2013-11-07,48.77287689748324,49.396897560344925,46.85127866372644,47.10881423950195,97128000,84604750,14.8,50.13,46.11,36.84,,43.31,49.7 - 50.4 (23.9%),49.5 - 51.0 (21.0%),24.3 - 27.0 (19.6%),26.4 - 28.8 (19.5%)
2013-11-08,47.356436377499215,48.18846759775642,46.8017476378251,47.0790901184082,70731000,85219900,-17.0,50.05,46.29,37.02,,43.21,49.2 - 49.8 (37.2%),49.5 - 51.0 (20.8%),24.3 - 27.0 (19.6%),26.4 - 28.8 (19.4%)
2013-11-11,46.593746253344904,47.0790956514063,45.2961724780326,45.761714935302734,80910000,85826350,-5.73,49.88,46.44,37.2,,39.15,49.2 - 49.8 (36.5%),49.5 - 51.0 (20.6%),26.0 - 28.6 (25.8%),26.4 - 28.8 (19.4%)
2013-11-12,45.5635988022129,46.92060057812285,45.3952134029317,46.16781234741211,68196000,85177800,-19.94,49.74,46.59,37.38,,40.99,49.2 - 49.8 (36.9%),49.5 - 51.0 (20.6%),26.0 - 28.6 (25.7%),26.4 - 28.8 (19.3%)
2013-11-13,45.79142214597069,48.27761225078369,45.623036725349934,48.247894287109375,79245000,85906150,-7.75,49.62,46.76,37.58,,49.44,49.2 - 49.8 (36.3%),49.5 - 51.0 (20.5%),26.0 - 28.6 (25.7%),26.4 - 28.8 (19.2%)
2013-11-14,48.23798833360244,49.099733665615666,47.57434259717287,48.525238037109375,75117000,86085900,-12.74,49.46,46.93,37.78,,50.46,49.2 - 49.8 (35.6%),49.0 - 50.4 (20.9%),26.4 - 28.8 (23.2%),26.4 - 28.8 (19.2%)
2013-11-15,48.64410516447513,49.01059400034682,48.24789836241895,48.54505157470703,42453000,83795550,-49.34,49.2,47.11,38.0,,50.53,49.6 - 50.0 (28.8%),49.0 - 50.4 (20.9%),26.4 - 28.8 (23.5%),26.4 - 28.8 (19.1%)
2013-11-18,48.01017595021757,48.376664775755145,45.36550374485858,45.39522171020508,85910000,85179300,0.86,48.81,47.19,38.17,,39.95,49.6 - 50.0 (23.3%),48.1 - 49.4 (20.9%),26.4 - 28.8 (23.6%),26.4 - 28.8 (19.0%)
2013-11-19,45.82113913105174,46.554120564180224,45.286264872831495,45.92019271850586,75602000,84799200,-10.85,48.49,47.28,38.35,,42.13,49.6 - 50.0 (23.7%),48.1 - 49.4 (20.9%),26.4 - 28.8 (23.5%),26.4 - 28.8 (19.0%)
2013-11-20,46.16781367716631,47.0988945801143,45.87066051907715,45.98952102661133,53933000,84635500,-36.28,48.22,47.39,38.54,,42.42,49.6 - 50.0 (25.1%),48.1 - 49.4 (20.8%),26.4 - 28.8 (23.5%),26.4 - 28.8 (18.9%)
2013-11-21,46.5442153623709,47.00975398130049,46.24705838957635,46.25696563720703,34886000,84041050,-58.49,47.94,47.49,38.73,,43.62,45.6 - 46.0 (19.4%),48.0 - 49.2 (18.9%),26.4 - 28.8 (23.6%),26.4 - 28.8 (18.9%)
2013-11-22,46.5937408326125,46.82155841029119,45.523984785939064,45.79142379760742,40545000,83814050,-51.63,47.65,47.57,38.92,,41.98,45.6 - 46.0 (24.4%),48.0 - 49.2 (19.1%),26.4 - 28.8 (23.6%),26.4 - 28.8 (18.9%)
2013-11-25,45.920193354866115,46.207443094701766,43.622202993197085,44.39480209350586,82565000,84268700,-2.02,47.39,47.63,39.1,,37.43,45.5 - 46.0 (24.3%),48.0 - 49.2 (19.1%),26.4 - 28.8 (23.5%),26.4 - 28.8 (18.8%)
2013-11-26,44.2363163641632,45.73198953229844,43.136846182083225,45.454647064208984,82016000,83262350,-1.5,47.21,47.7,39.29,,42.52,45.6 - 46.0 (24.2%),48.4 - 49.5 (19.4%),26.4 - 28.8 (23.4%),26.4 - 28.8 (18.7%)
2013-11-27,45.533890535314384,46.22724671477776,45.09806233278564,46.04895782470703,44993000,79158350,-43.16,47.09,47.77,39.47,,45.21,45.6 - 46.0 (24.7%),48.4 - 49.5 (19.5%),26.4 - 28.8 (23.5%),26.4 - 28.8 (18.7%)
2013-11-29,46.30648271753817,46.762117790377026,46.05885446771176,46.56401443481445,22953900,67865595,-66.18,46.93,47.85,39.66,,47.51,45.6 - 46.0 (28.9%),49.0 - 50.0 (20.2%),26.4 - 28.8 (23.7%),26.4 - 28.8 (18.7%)
2013-12-02,46.45506253075065,47.08899026419337,45.82113101880059,46.61354446411133,50774000,65652645,-22.66,46.8,47.9,39.85,,47.74,45.6 - 46.0 (20.3%),49.0 - 50.0 (20.0%),26.4 - 28.8 (22.5%),26.4 - 28.8 (18.6%)
2013-12-03,46.306489030316676,46.752220696470474,45.85085389536291,46.286678314208984,32086000,63238395,-49.26,46.72,47.94,40.04,,46.31,45.6 - 46.0 (21.2%),49.0 - 50.0 (20.0%),26.4 - 28.8 (22.5%),26.4 - 28.8 (18.6%)
2013-12-04,46.01924035911353,48.30732711163544,45.82113697204755,48.158748626708984,60890000,62441145,-2.48,46.65,48.02,40.25,,54.64,45.6 - 46.0 (21.7%),49.0 - 50.0 (20.0%),26.4 - 28.8 (21.7%),26.4 - 28.8 (18.5%)
2013-12-05,47.69320114278031,48.237982522016736,47.415854941063465,47.88139724731445,43855000,61239445,-28.39,46.61,48.08,40.45,,53.32,45.6 - 46.0 (22.6%),49.0 - 50.0 (20.0%),26.4 - 28.8 (21.3%),26.4 - 28.8 (18.5%)
2013-12-06,48.51533745325231,48.921447725585566,47.25738520029122,47.48520278930664,42938000,58529945,-26.64,46.63,48.13,40.65,,51.41,45.6 - 46.0 (22.6%),49.0 - 50.0 (20.3%),26.4 - 28.8 (20.9%),26.4 - 28.8 (18.5%)
2013-12-09,47.63377457693815,48.50542715279721,47.287096507367394,48.37665939331055,36056000,56796195,-36.52,46.69,48.21,40.85,,55.29,45.6 - 46.0 (24.2%),49.0 - 50.0 (20.5%),26.4 - 28.8 (20.3%),26.4 - 28.8 (18.4%)
2013-12-10,48.17856185657056,50.28835604864431,48.0795120471244,49.77328872680664,68479000,56174645,21.9,46.89,48.33,41.07,,60.6,46.0 - 46.5 (16.1%),49.0 - 50.0 (21.8%),26.4 - 28.8 (20.3%),26.4 - 28.8 (18.4%)
2013-12-11,50.07043566558722,50.288349753298824,48.54504460862108,48.911537170410156,65776000,56053645,17.34,47.03,48.41,41.27,,56.17,46.0 - 46.5 (15.8%),49.0 - 50.0 (21.8%),26.4 - 28.8 (19.9%),26.4 - 28.8 (18.3%)
2013-12-12,50.565695964910105,51.576019839585186,50.17939643781536,51.33829879760742,92723000,56727545,63.45,47.19,48.51,41.5,,64.13,46.2 - 46.9 (13.8%),49.0 - 50.0 (21.7%),26.4 - 28.8 (19.3%),26.4 - 28.8 (18.3%)
2013-12-13,51.169904065044584,52.99244823007919,50.85294019099573,52.81415557861328,82641000,57103745,44.72,47.4,48.64,41.74,,67.94,48.0 - 48.8 (12.0%),49.0 - 50.0 (21.6%),26.4 - 28.8 (19.0%),26.4 - 28.8 (18.2%)
2013-12-16,52.74482981282605,53.98297135772807,52.40805516147237,53.29951858520508,85119000,59237045,43.69,47.64,48.74,41.99,,69.1,52.8 - 53.6 (20.7%),49.6 - 50.4 (17.7%),26.4 - 28.8 (17.9%),26.4 - 28.8 (18.1%)
2013-12-17,54.240500247586525,54.65651774934006,53.72543671742757,54.33955383300781,78751000,58879095,33.75,48.08,48.87,42.24,,71.49,52.8 - 53.6 (20.8%),49.6 - 50.4 (17.8%),26.4 - 28.8 (17.8%),25.0 - 27.5 (17.6%)
2013-12-18,54.33955272326623,55.35978007196847,53.24008250784529,55.042816162109375,76003000,58899145,29.04,48.54,48.98,42.49,,73.01,47.7 - 48.6 (16.8%),49.5 - 50.4 (17.8%),25.0 - 27.5 (18.5%),25.0 - 27.5 (17.6%)
2013-12-19,53.81457744506453,54.66641551983875,53.438181416717526,54.52774429321289,89753200,60690155,47.89,48.97,49.08,42.74,,70.07,54.0 - 54.9 (18.1%),49.5 - 50.4 (17.7%),25.0 - 27.5 (18.1%),25.0 - 27.5 (17.5%)
2013-12-20,54.40888790622369,54.62680200944536,53.715527942024764,54.597084045410156,239824000,70937055,238.08,49.39,49.15,42.99,,70.24,54.0 - 54.9 (35.6%),49.5 - 50.4 (17.3%),25.0 - 27.5 (17.5%),25.0 - 27.5 (17.3%)
2013-12-23,54.97347768520976,57.76672435720467,54.92395278533903,57.22194290161133,98297000,73824655,33.15,49.96,49.26,43.27,,75.94,53.9 - 55.0 (34.2%),48.4 - 49.5 (20.5%),24.3 - 27.0 (15.7%),26.0 - 28.6 (19.4%)
2013-12-24,57.71719759139751,58.02425800628134,56.37009919882106,57.41013717651367,46617800,72027295,-35.28,50.61,49.39,43.54,,76.29,54.0 - 55.0 (33.8%),48.4 - 49.5 (20.9%),24.3 - 27.0 (15.6%),27.0 - 29.7 (14.4%)
2013-12-26,57.766726362995314,57.826158512008405,56.8257381187476,57.18232345581055,55101000,70681545,-22.04,51.19,49.51,43.82,,74.87,54.0 - 55.0 (35.3%),48.4 - 49.5 (19.6%),24.3 - 27.0 (15.4%),27.0 - 29.7 (14.4%)
2013-12-27,56.93469891312872,57.13280231102431,54.725854906086816,54.9140510559082,60466000,71455195,-15.38,51.64,49.6,44.06,,62.4,54.0 - 54.9 (34.7%),48.4 - 49.5 (19.7%),24.3 - 27.0 (15.2%),27.0 - 29.7 (14.3%)
2013-12-30,54.4088896379892,54.65651793461995,52.92311985820469,53.200462341308594,68307000,73722850,-7.35,51.97,49.67,44.3,,54.95,54.4 - 55.2 (38.6%),48.4 - 49.5 (19.9%),24.3 - 27.0 (14.6%),27.0 - 29.7 (14.3%)
2013-12-31,53.606567695564706,54.33954904912107,53.398560852254185,54.13154220581055,43076200,73337960,-41.26,52.34,49.73,44.53,,57.89,54.4 - 55.2 (39.4%),48.4 - 49.5 (20.1%),24.3 - 27.0 (14.5%),27.0 - 29.7 (14.3%)
2014-01-02,54.30983949137472,54.69613902714355,53.67590788201457,54.190975189208984,43195500,73893435,-41.54,52.74,49.8,44.77,,58.08,54.5 - 55.0 (36.5%),48.4 - 49.5 (18.8%),24.3 - 27.0 (14.1%),27.0 - 29.7 (14.2%)
2014-01-03,54.498035515214355,55.12205987543085,54.01268239537755,54.04240036010742,38246200,72761245,-47.44,53.03,49.92,45.0,,57.39,54.4 - 54.8 (32.2%),48.4 - 49.5 (18.9%),24.3 - 27.0 (14.2%),27.0 - 29.7 (14.2%)
2014-01-06,53.90372697414875,56.71678463645123,53.5372381451134,56.65735626220703,68852600,74011125,-6.97,53.47,50.09,45.26,,65.22,54.4 - 54.8 (32.7%),48.4 - 49.5 (18.9%),24.3 - 27.0 (14.2%),27.0 - 29.7 (14.2%)
2014-01-07,57.15260741508831,57.99454205031399,56.677161573942406,57.37051773071289,77207400,75724595,1.96,53.97,50.24,45.52,,67.0,54.4 - 54.8 (32.8%),48.4 - 49.5 (19.1%),24.3 - 27.0 (14.1%),27.0 - 29.7 (14.1%)
2014-01-08,57.05356120165033,57.85587828756558,56.68707236026057,57.67758560180664,56682400,76755915,-26.15,54.43,50.39,45.78,,67.77,54.4 - 54.8 (33.4%),48.4 - 49.5 (19.5%),24.3 - 27.0 (14.2%),27.0 - 29.7 (14.1%)
2014-01-09,58.093604060223676,58.400660751784635,56.11257754534489,56.67716979980469,92253300,77944630,18.36,54.78,50.52,46.04,,62.67,54.4 - 54.8 (24.3%),48.4 - 49.5 (17.3%),24.3 - 27.0 (14.1%),27.0 - 29.7 (14.0%)
2014-01-10,56.588018025023906,57.74691661133031,56.518682405937604,57.39033126831055,42449500,76778305,-44.71,55.2,50.66,46.3,,64.71,57.2 - 57.6 (33.5%),48.4 - 49.5 (16.1%),24.3 - 27.0 (14.2%),27.0 - 29.7 (14.0%)
2014-01-13,57.360623247903,57.697397910451976,54.85462588683777,55.37959671020508,63010900,75292700,-16.31,55.4,50.74,46.55,,55.5,57.2 - 57.6 (22.0%),48.4 - 49.5 (14.6%),24.3 - 27.0 (14.3%),27.0 - 29.7 (14.0%)
2014-01-14,55.92436710903009,57.23184406110568,55.567781798735375,57.19222640991211,37503600,73035830,-48.65,55.62,50.83,46.81,,60.9,56.4 - 56.8 (21.6%),53.9 - 55.0 (13.3%),24.3 - 27.0 (14.3%),27.0 - 29.7 (13.9%)
2014-01-15,57.42995442056356,58.014357355002446,56.72669096106313,57.053558349609375,33663400,70463050,-52.23,55.81,50.88,47.0,,60.3,56.4 - 56.8 (20.7%),53.9 - 55.0 (13.4%),24.3 - 27.0 (14.3%),27.0 - 29.7 (13.9%)
2014-01-16,56.716781296918654,57.469573406756425,56.29086411871746,56.64744567871094,34541800,68252590,-49.39,55.93,50.94,47.19,,58.47,56.4 - 56.8 (25.8%),53.9 - 55.0 (13.5%),24.3 - 27.0 (14.5%),27.0 - 29.7 (13.9%)
2014-01-17,56.75640522213915,57.27147253609199,55.53807444776353,55.765892028808594,40849200,66494900,-38.57,55.96,51.0,47.36,,54.61,56.4 - 56.8 (26.4%),53.9 - 55.0 (13.7%),24.3 - 27.0 (14.5%),27.0 - 29.7 (13.9%)
2014-01-21,56.06304179039971,58.02426111791708,55.963991988548734,57.95492172241211,48669200,64440700,-24.47,56.13,51.11,47.54,,61.43,56.4 - 56.8 (28.9%),53.9 - 55.0 (14.0%),24.3 - 27.0 (14.5%),27.0 - 29.7 (13.9%)
2014-01-22,58.29169662988875,58.74733554480009,56.55829863928109,56.96440887451172,61352900,55517145,10.51,56.25,51.19,47.71,,57.24,56.4 - 56.8 (26.5%),53.9 - 55.0 (13.9%),24.3 - 27.0 (14.5%),27.0 - 29.7 (13.8%)
2014-01-23,55.835226452700525,56.1422868963111,55.161677193399065,56.0927619934082,47951800,52999885,-9.52,56.19,51.27,47.86,,53.76,56.4 - 56.8 (26.3%),53.9 - 55.0 (13.9%),24.3 - 27.0 (14.5%),27.0 - 29.7 (13.8%)
2014-01-24,55.61731031993469,55.88474552340203,53.883912449677695,53.93343734741211,55200700,53429030,3.32,56.02,51.34,48.0,,46.27,56.4 - 56.8 (25.7%),53.9 - 55.0 (15.2%),24.3 - 27.0 (14.5%),27.0 - 29.7 (13.8%)
2014-01-27,54.21079051249243,54.41879739119479,51.35811125275915,53.04198455810547,73924100,54370185,35.96,55.81,51.41,48.12,,43.57,57.0 - 57.5 (24.9%),53.9 - 55.0 (15.2%),24.3 - 27.0 (14.5%),27.0 - 29.7 (13.7%)
2014-01-28,53.50752385009275,54.75556882730869,53.48771313254862,54.61689758300781,48191200,53756445,-10.35,55.8,51.51,48.25,,49.21,56.5 - 57.0 (25.6%),53.9 - 55.0 (16.5%),24.3 - 27.0 (14.5%),27.0 - 29.7 (13.7%)
2014-01-29,54.091919319653115,54.42869391435927,52.685388796407125,53.02216339111328,92995600,54990875,69.11,55.79,51.56,48.38,,44.37,56.5 - 57.0 (24.4%),53.9 - 55.0 (16.7%),24.3 - 27.0 (14.4%),27.0 - 29.7 (13.6%)
2014-01-30,61.53068019396787,61.90707627570642,59.88642839922542,60.50054931640625,150178900,60346010,148.86,56.11,51.75,48.56,,62.82,56.7 - 57.4 (21.1%),53.3 - 54.6 (14.4%),26.1 - 29.0 (16.4%),26.1 - 29.0 (18.5%)
2014-01-31,59.896337413995695,62.76882357080565,59.59918041630141,61.97641372680664,87794600,62575965,40.3,56.5,51.99,48.76,,65.27,52.2 - 53.1 (19.1%),54.0 - 55.5 (19.2%),24.0 - 27.0 (16.4%),24.0 - 27.0 (14.8%)
2014-02-03,62.432046116205655,63.16502755061564,60.124152312855706,60.896751403808594,74866600,64406985,16.24,56.84,52.17,48.95,,62.05,60.3 - 61.2 (25.4%),54.0 - 55.5 (19.2%),24.0 - 27.0 (16.6%),24.0 - 27.0 (14.8%)
2014-02-04,61.46134126026775,62.54100076350164,61.233523685265276,62.154701232910156,45985500,63263630,-27.31,57.12,52.4,49.17,,64.26,60.3 - 61.2 (25.1%),54.0 - 55.5 (19.3%),24.0 - 27.0 (16.6%),24.0 - 27.0 (14.7%)
2014-02-05,62.14479516007617,62.560808859126986,60.68873965638288,61.60000991821289,51685100,61987515,-16.62,57.33,52.64,49.38,,62.53,60.3 - 61.2 (24.6%),54.0 - 55.5 (19.4%),24.0 - 27.0 (16.6%),24.0 - 27.0 (14.7%)
2014-02-06,60.87694105237947,62.184418188858544,60.87694105237947,61.5703010559082,42086500,61257720,-31.3,57.52,52.88,49.59,,62.43,60.3 - 61.2 (24.4%),54.0 - 55.5 (19.7%),24.0 - 27.0 (16.6%),24.0 - 27.0 (14.7%)
2014-02-07,61.67926075028652,63.95744047768735,61.62973584331202,63.70981216430664,60704300,59680270,1.72,57.87,53.18,49.81,,66.47,60.5 - 61.6 (28.4%),56.0 - 57.6 (17.6%),25.6 - 28.8 (18.7%),24.8 - 27.9 (19.7%)
2014-02-10,63.69000171482442,63.87819408385267,62.867873946018115,62.947113037109375,43666100,59741100,-26.91,58.15,53.46,50.02,,63.84,60.5 - 61.6 (27.1%),56.0 - 57.6 (17.8%),25.6 - 28.8 (18.3%),24.8 - 27.9 (19.7%)
2014-02-11,63.145208851886096,64.38335020192308,62.749002108471245,64.23477172851562,45675600,58874335,-22.42,58.59,53.73,50.24,,66.26,60.5 - 61.6 (27.2%),56.1 - 57.8 (18.1%),25.6 - 28.8 (18.2%),24.8 - 27.9 (19.6%)
2014-02-12,64.30411203180354,64.44278326856035,63.442370425817046,63.83856964111328,47282100,59363260,-20.35,58.93,53.98,50.46,,64.82,60.5 - 61.6 (27.6%),56.1 - 57.8 (18.2%),25.6 - 28.8 (18.0%),24.8 - 27.9 (19.6%)
2014-02-13,63.571135659951125,66.69125366210938,63.44237166815993,66.69125366210938,61911700,60775675,1.87,59.41,54.29,50.7,,69.9,60.2 - 61.6 (27.2%),53.2 - 55.1 (24.0%),23.8 - 27.2 (19.7%),26.4 - 29.7 (18.0%)
2014-02-14,66.85964341192819,66.93888628447068,66.08704429717963,66.45352935791016,36694900,60883330,-39.73,59.9,54.64,50.92,,69.01,60.2 - 61.6 (27.7%),53.2 - 55.1 (24.1%),23.8 - 27.2 (19.7%),26.4 - 29.7 (18.0%)
2014-02-18,66.30495942496523,66.89926586402554,65.44321017626714,66.66154479980469,43809900,61031365,-28.22,60.44,54.98,51.13,,69.38,60.2 - 61.6 (30.2%),53.2 - 55.1 (24.8%),23.8 - 27.2 (19.7%),26.4 - 29.7 (17.9%)
2014-02-19,66.41391658510393,68.42465727801657,66.36438789968568,67.4143295288086,62087100,61702260,0.62,60.92,55.34,51.36,,70.74,60.2 - 60.9 (26.3%),53.2 - 55.1 (24.8%),23.8 - 27.2 (19.6%),26.4 - 29.7 (17.9%)
2014-02-20,67.0874600466517,69.44487866079788,65.1064337149947,68.96942901611328,130928900,65181060,100.87,61.52,55.72,51.6,,73.36,61.6 - 62.4 (22.2%),54.0 - 56.0 (21.4%),25.2 - 28.8 (18.2%),23.8 - 27.2 (17.7%)
2014-02-21,69.02887116328709,69.29630641706572,67.80062928596247,67.93930053710938,70932400,66330090,6.94,62.11,56.09,51.83,,68.95,66.4 - 67.2 (17.4%),54.0 - 56.0 (21.3%),46.8 - 50.4 (18.1%),23.8 - 27.2 (17.6%)
2014-02-24,68.08787274730365,70.76226282313112,67.8897731373975,70.1085205078125,76620300,67401070,13.68,62.92,56.52,52.07,,72.68,66.6 - 67.5 (20.5%),52.5 - 54.6 (25.7%),46.8 - 50.4 (18.1%),24.5 - 28.0 (20.5%)
2014-02-25,70.27691045068272,70.32643913485177,68.79114060980557,69.18734741210938,52077000,66308715,-21.46,63.72,56.91,52.3,,68.89,68.4 - 69.3 (22.2%),54.0 - 56.0 (21.5%),46.8 - 50.4 (18.1%),24.5 - 28.0 (20.4%)
2014-02-26,69.52412095938057,70.54434830272095,68.19682939837294,68.60294342041016,55322700,66665290,-17.01,64.42,57.29,52.53,,66.52,68.4 - 69.3 (28.7%),54.0 - 56.0 (21.4%),46.8 - 50.4 (18.0%),24.5 - 28.0 (20.4%)
2014-02-27,68.68217944622256,69.34582901215772,68.2166446051255,68.28598022460938,41653700,64098195,-35.02,65.19,57.65,52.75,,65.22,68.6 - 69.3 (28.7%),54.0 - 56.0 (21.2%),46.8 - 50.4 (18.0%),24.5 - 28.0 (20.3%)
2014-02-28,68.8109443052725,69.2170507350521,66.74076805561673,67.8105239868164,66783700,59928435,11.44,65.55,58.0,52.95,,63.21,68.6 - 69.3 (28.5%),54.0 - 56.0 (20.9%),46.8 - 50.4 (18.0%),24.5 - 28.0 (20.3%)
2014-03-03,66.32476469725532,67.40442804309946,65.87903676842136,66.77050018310547,56824100,58379910,-2.66,65.79,58.34,53.14,,58.93,68.4 - 69.0 (21.9%),54.0 - 56.0 (20.9%),46.8 - 50.4 (18.1%),24.5 - 28.0 (20.3%)
2014-03-04,68.0086523396752,68.24637343505542,66.97851751700439,68.14732360839844,42013500,56737255,-25.95,66.15,58.68,53.35,,62.54,67.8 - 68.4 (26.2%),53.2 - 55.1 (23.5%),46.8 - 50.4 (18.1%),24.5 - 28.0 (20.2%)
2014-03-05,69.02886726411205,71.28723614895672,68.95953164245509,70.89102935791016,74567700,58166365,28.2,66.59,59.06,53.57,,68.49,66.4 - 66.8 (22.8%),54.0 - 56.0 (20.8%),48.1 - 51.8 (17.3%),25.2 - 28.8 (22.1%)
2014-03-06,71.1980804144622,71.20798766163615,69.58354674781425,70.1679458618164,46026500,57883435,-20.48,67.02,59.44,53.79,,65.54,68.8 - 69.2 (21.4%),54.0 - 56.0 (20.8%),48.1 - 51.8 (17.3%),25.2 - 28.8 (22.1%)
2014-03-07,70.40568071062647,70.50473052012498,68.8109538395475,69.13782501220703,38927000,57725460,-32.57,67.4,59.78,54.0,,61.47,68.8 - 69.2 (25.8%),53.2 - 55.1 (23.4%),48.1 - 51.8 (17.3%),25.2 - 28.8 (22.1%)
2014-03-10,70.09861568351323,71.46552873297318,69.84108769313565,71.34666442871094,59871600,57683825,3.79,67.78,60.14,54.24,,66.3,68.5 - 69.0 (20.3%),53.2 - 55.1 (23.3%),48.1 - 51.8 (17.4%),25.2 - 28.8 (22.0%)
2014-03-11,71.81220000071832,71.90134255266223,69.2962958110927,69.43496704101562,59408300,58470935,1.6,68.1,60.49,54.45,,59.36,68.5 - 69.0 (19.9%),53.2 - 55.1 (23.4%),48.1 - 51.8 (17.3%),25.2 - 28.8 (22.0%)
2014-03-12,69.19726031710495,70.67312303039432,68.34541826747078,70.20758056640625,46340500,58504180,-20.79,68.4,60.8,54.66,,61.13,68.5 - 69.0 (20.3%),56.1 - 57.8 (17.9%),48.1 - 51.8 (17.3%),25.2 - 28.8 (21.9%)
2014-03-13,70.6136784855117,70.67310685215563,67.50346801422744,68.17701721191406,57091000,58994625,-3.23,68.62,61.06,54.85,,54.43,70.0 - 70.5 (20.0%),54.0 - 55.5 (20.0%),48.1 - 51.8 (17.3%),25.2 - 28.8 (21.9%)
2014-03-14,67.84023689182702,68.77132157999911,66.82000965624178,67.07754516601562,48227000,58310390,-17.29,68.64,61.29,55.01,,51.15,70.0 - 70.5 (20.6%),54.0 - 55.5 (20.1%),48.1 - 51.8 (17.3%),25.2 - 28.8 (21.8%)
2014-03-17,67.53319039152592,68.29588223171783,65.98799221517991,68.08787536621094,52197000,59085495,-11.66,68.72,61.51,55.19,,53.9,68.0 - 68.5 (24.2%),54.0 - 55.5 (20.3%),48.1 - 51.8 (17.3%),25.2 - 28.8 (21.8%)
2014-03-18,68.10769410676568,68.93972162064665,67.65205891244756,68.53361511230469,40827000,58936350,-30.73,68.81,61.74,55.36,,55.09,68.0 - 68.5 (24.5%),54.0 - 55.5 (18.4%),48.1 - 51.8 (17.2%),25.2 - 28.8 (21.8%)
2014-03-19,68.51379072446859,68.63265501944228,66.82992144259268,67.59261322021484,43981000,58031045,-24.21,68.82,61.96,55.52,,52.02,68.0 - 68.5 (24.9%),54.0 - 55.5 (16.6%),48.1 - 51.8 (17.2%),25.2 - 28.8 (21.7%)
2014-03-20,67.3647979200138,67.58271201072557,66.18608491499023,66.33466339111328,44439000,53706550,-17.26,68.69,62.15,55.65,,48.15,68.0 - 68.5 (19.5%),67.5 - 69.0 (16.1%),48.1 - 51.8 (17.2%),25.2 - 28.8 (21.7%)
2014-03-21,66.8893615786972,67.27566115904999,65.55217014232095,66.60211181640625,59999900,53159925,12.87,68.63,62.31,55.79,,49.02,68.0 - 68.5 (19.6%),67.5 - 69.0 (17.0%),48.1 - 51.8 (17.2%),25.2 - 28.8 (21.6%)
2014-03-24,66.55258344545203,66.72096887353969,62.75891612597565,63.49189376831055,85696000,53613710,59.84,68.29,62.41,55.9,,40.52,68.0 - 68.8 (24.0%),67.5 - 69.0 (17.0%),48.1 - 51.8 (17.1%),25.2 - 28.8 (21.6%)
2014-03-25,64.27440643310547,65.56207672589159,63.17493608263861,64.27440643310547,68786000,54449160,26.33,68.05,62.53,56.02,,43.19,68.0 - 68.8 (18.2%),67.5 - 69.0 (16.9%),48.1 - 51.8 (17.0%),25.2 - 28.8 (21.5%)
2014-03-26,64.12581572254324,64.33382256587265,59.7972745507713,59.81708526611328,97503900,56558220,72.4,67.61,62.61,56.1,,33.87,67.2 - 68.4 (18.0%),67.5 - 69.0 (16.5%),48.1 - 51.8 (17.0%),25.2 - 28.8 (21.4%)
2014-03-27,59.93594739557616,61.312763810157,57.4299504041195,60.39158630371094,112650000,60108035,87.41,67.21,62.73,56.2,,35.8,67.2 - 68.4 (16.7%),67.5 - 69.0 (16.2%),48.1 - 51.8 (16.9%),25.2 - 28.8 (21.4%)
2014-03-28,60.75808111362642,61.36229478286193,58.77705467207161,59.440696716308594,67052000,60121450,11.53,66.8,62.82,56.27,,34.03,58.8 - 60.0 (17.4%),67.5 - 69.0 (16.2%),48.1 - 51.8 (16.9%),25.2 - 28.8 (21.3%)
2014-03-31,60.20339233381856,60.9363737795437,59.30202545428965,59.66851806640625,53011000,59930795,-11.55,66.44,62.91,56.35,,34.86,59.4 - 60.5 (35.2%),67.5 - 69.0 (16.2%),48.1 - 51.8 (16.8%),25.2 - 28.8 (21.3%)
2014-04-01,59.886427745129204,62.06555756193462,59.668517408404284,62.025936126708984,59291000,60794670,-2.47,66.14,63.04,56.48,,42.85,59.4 - 60.5 (35.2%),67.5 - 69.0 (16.2%),48.1 - 51.8 (16.8%),25.2 - 28.8 (21.2%)
2014-04-02,62.61033405909105,63.30369400599894,61.61982092879627,62.12498474121094,66277000,60380135,9.77,65.7,63.13,56.61,,43.17,59.4 - 60.3 (22.7%),67.5 - 69.0 (15.9%),48.1 - 51.8 (16.7%),25.2 - 28.8 (21.2%)
2014-04-03,61.95660047865975,62.570717610370615,58.56904711693968,58.92563247680664,83859000,62271760,34.67,65.13,63.16,56.7,,36.21,59.0 - 60.0 (22.1%),67.5 - 69.0 (15.7%),48.1 - 51.8 (16.7%),25.2 - 28.8 (21.1%)
2014-04-04,59.371363924929845,59.62889949057999,55.785706952675284,56.21162796020508,125214400,66586130,88.05,64.49,63.14,56.76,,31.57,58.8 - 60.0 (28.4%),67.5 - 69.0 (15.4%),48.1 - 51.8 (16.6%),25.2 - 28.8 (21.0%)
2014-04-07,55.36969087180076,57.44976713601174,54.91405191595244,56.40972900390625,108488000,69016950,57.19,63.74,63.13,56.83,,32.25,58.8 - 60.0 (27.0%),67.5 - 69.0 (15.2%),48.1 - 51.8 (16.6%),25.2 - 28.8 (20.9%)
2014-04-08,57.13280226664984,58.15302966403386,56.62763841348304,57.637962341308594,78836000,69988335,12.64,63.15,63.14,56.9,,36.48,59.4 - 60.5 (28.6%),67.5 - 69.0 (15.2%),48.1 - 51.8 (16.6%),25.2 - 28.8 (20.9%)
2014-04-09,59.064299197997876,61.86744940047629,58.62847100109106,61.81792449951172,100215000,72682060,37.88,62.73,63.24,56.99,,48.32,56.0 - 57.0 (19.3%),67.5 - 69.0 (15.0%),48.1 - 51.8 (16.5%),25.2 - 28.8 (20.8%)
2014-04-10,62.481584472003256,62.580634296456374,58.1233241829111,58.59877014160156,114988000,75576910,52.15,62.25,63.27,57.05,,41.85,56.0 - 57.0 (18.2%),67.5 - 69.0 (15.0%),48.1 - 51.8 (16.4%),25.2 - 28.8 (20.7%)
2014-04-11,57.05355394554983,59.737847360416055,56.766308013699756,57.9747314453125,91452000,77738160,17.64,61.8,63.28,57.08,,40.72,56.0 - 56.8 (17.8%),67.5 - 69.0 (14.8%),48.1 - 51.8 (16.3%),25.2 - 28.8 (20.6%)
2014-04-14,59.51993441902806,59.87651975210386,57.231847717463545,58.33131790161133,72325000,78744560,-8.15,61.31,63.31,57.12,,41.69,57.6 - 58.4 (18.7%),67.5 - 69.0 (14.7%),48.1 - 51.8 (16.3%),25.2 - 28.8 (20.6%)
2014-04-15,58.72752232004997,59.11382182260887,55.34987281662728,58.5294189453125,108623000,82134360,32.25,60.81,63.36,57.18,,42.26,58.2 - 58.8 (22.1%),67.5 - 69.0 (14.5%),48.1 - 51.8 (16.2%),25.2 - 28.8 (20.5%)
2014-04-16,59.22278181534279,59.6189848060304,57.192230624858915,59.153446197509766,78774000,83874010,-6.08,60.39,63.38,57.24,35.79,44.11,58.2 - 58.8 (22.4%),58.5 - 60.0 (14.4%),48.1 - 51.8 (16.2%),25.2 - 28.8 (20.4%)
2014-04-17,58.737433295306985,60.0052927885591,58.16293759150412,58.3808479309082,88040000,86054060,2.31,59.99,63.4,57.3,35.84,42.3,58.2 - 58.8 (29.6%),58.5 - 60.0 (14.2%),48.1 - 51.8 (16.1%),25.2 - 28.8 (20.4%)
2014-04-21,58.8959111194145,60.659027099609375,58.58885446049604,60.659027099609375,60364000,86072265,-29.87,59.69,63.48,57.37,35.89,48.94,58.2 - 58.8 (31.0%),58.5 - 60.0 (14.1%),48.1 - 51.8 (16.1%),25.2 - 28.8 (20.3%)
2014-04-22,62.055648900583805,62.838151399028916,61.6297279538124,62.43204116821289,60631000,84819015,-28.52,59.64,63.62,57.48,35.96,53.43,58.2 - 58.8 (31.0%),58.5 - 60.0 (14.1%),48.1 - 51.8 (16.1%),25.2 - 28.8 (20.3%)
2014-04-23,62.84805800177363,62.877772186148135,60.678831858250575,60.77788543701172,95908700,86175150,11.3,59.47,63.75,57.58,36.02,49.09,58.2 - 58.8 (30.3%),58.5 - 60.0 (14.0%),48.1 - 51.8 (16.0%),25.2 - 28.8 (20.2%)
2014-04-24,62.99663828359206,63.04616696661466,59.20297467585598,60.292537689208984,138769000,88238405,57.27,59.49,63.84,57.67,36.08,47.87,58.2 - 58.8 (29.0%),60.0 - 61.5 (14.4%),48.1 - 51.8 (15.9%),25.2 - 28.8 (20.1%)
2014-04-25,59.40107956145891,59.44069721895888,57.02384630008722,57.16251754760742,92502000,87231005,6.04,59.33,63.91,57.74,36.13,40.78,58.2 - 58.8 (29.8%),60.0 - 61.5 (14.2%),48.1 - 51.8 (15.8%),25.2 - 28.8 (20.1%)
2014-04-28,57.49929049134157,57.75682603924801,54.1414513486595,55.6074104309082,107758000,89266305,20.72,59.14,63.83,57.79,36.19,37.79,58.1 - 58.8 (29.8%),60.0 - 61.5 (14.1%),48.1 - 51.8 (15.8%),25.2 - 28.8 (20.0%)
2014-04-29,55.55788806516945,57.72711071153378,55.31025975391063,57.59834671020508,75557000,90393605,-16.41,59.03,63.76,57.87,36.25,43.5,58.1 - 58.8 (29.9%),60.0 - 61.5 (14.0%),48.1 - 51.8 (15.7%),25.2 - 28.8 (19.9%)
2014-04-30,57.03375311609226,59.28221480414282,56.61773559817651,59.2128791809082,76093000,91233705,-16.6,58.89,63.73,57.95,36.31,47.7,58.1 - 58.8 (30.4%),59.8 - 61.1 (16.3%),48.1 - 51.8 (15.6%),25.2 - 28.8 (19.9%)
2014-05-01,59.856706982822836,61.68915470787524,59.638792891527316,60.56987762451172,82429000,92041305,-10.44,58.81,63.7,58.05,36.38,51.0,60.2 - 60.9 (30.7%),59.8 - 61.1 (15.0%),48.1 - 51.8 (15.6%),25.2 - 28.8 (19.8%)
2014-05-02,60.718456227623676,61.30285914581393,59.609082541375464,59.88642501831055,54189000,90557805,-40.16,58.86,63.67,58.16,36.45,49.31,60.2 - 60.9 (31.7%),59.8 - 61.1 (16.3%),48.1 - 51.8 (15.6%),25.2 - 28.8 (19.8%)
2014-05-05,59.103918942929816,60.76798136807136,58.61856960639312,60.639217376708984,46057000,86599935,-46.82,59.08,63.66,58.27,36.52,51.22,60.2 - 60.9 (36.3%),59.8 - 61.1 (15.8%),48.1 - 51.8 (15.7%),25.2 - 28.8 (19.8%)
2014-05-06,60.401489334165674,60.56987852863692,57.935113792355445,57.9747314453125,55901000,83970585,-33.43,59.16,63.56,58.37,36.59,44.78,60.2 - 60.9 (38.1%),59.8 - 61.1 (15.7%),48.1 - 51.8 (15.7%),25.2 - 28.8 (19.7%)
2014-05-07,58.21245587084944,58.73742660951051,55.726265851231155,56.84554672241211,78587000,83958135,-6.4,59.12,63.46,58.46,36.65,42.35,60.2 - 60.9 (38.1%),59.8 - 61.1 (15.7%),48.1 - 51.8 (15.6%),25.2 - 28.8 (19.7%)
2014-05-08,56.68706950884136,58.26198563482,55.9639953323051,56.221527099609375,61251000,82009935,-25.31,58.84,63.33,58.53,36.71,41.03,60.2 - 60.9 (39.0%),59.8 - 61.1 (15.6%),48.1 - 51.8 (15.6%),25.2 - 28.8 (19.6%)
2014-05-09,56.31067997384671,57.10309364200435,55.84514128908875,56.696983337402344,52584000,78889735,-33.34,58.75,63.21,58.59,36.77,42.51,60.2 - 60.9 (37.2%),59.8 - 61.1 (15.6%),48.1 - 51.8 (15.6%),25.2 - 28.8 (19.6%)
2014-05-12,57.42995744145278,59.33174483501379,57.42995744145278,59.26240921020508,48575000,76745885,-36.71,58.81,63.08,58.68,36.84,49.8,60.2 - 60.9 (32.2%),59.8 - 61.1 (15.6%),48.1 - 51.8 (15.6%),25.2 - 28.8 (19.6%)
2014-05-13,59.0940199938781,60.31235083074161,58.94544149585477,59.26240921020508,48525000,75555885,-35.78,58.86,62.96,58.8,36.91,49.8,60.5 - 61.0 (20.1%),59.8 - 61.1 (15.6%),48.1 - 51.8 (15.6%),25.2 - 28.8 (19.5%)
2014-05-14,58.96524399643809,59.87651801886521,58.39074835972964,58.6680908203125,47429000,72496185,-34.58,58.87,62.83,58.91,36.97,48.16,59.0 - 59.5 (16.2%),58.5 - 59.8 (16.5%),48.1 - 51.8 (15.6%),25.2 - 28.8 (19.5%)
2014-05-15,58.69780545418558,58.8166697483528,56.97431475234514,57.37051773071289,56814000,71398185,-20.43,58.78,62.66,59.0,37.03,44.7,59.0 - 59.5 (17.6%),58.5 - 59.8 (16.5%),48.1 - 51.8 (15.5%),25.2 - 28.8 (19.5%)
2014-05-16,57.75683136526971,57.89550262146469,56.76631807415315,57.469581604003906,47933000,69392835,-30.93,58.73,62.47,59.09,37.09,45.02,59.0 - 59.5 (18.4%),58.5 - 59.8 (16.4%),48.1 - 51.8 (15.5%),25.2 - 28.8 (19.4%)
2014-05-19,57.34080780717813,58.99496679476275,57.023843889528614,58.648284912109375,43034000,68526335,-37.2,58.63,62.32,59.2,37.14,48.87,57.2 - 57.6 (20.6%),58.5 - 59.8 (17.3%),48.1 - 51.8 (15.5%),25.2 - 28.8 (19.4%)
2014-05-20,58.935532757702305,59.61898547479771,57.62805569460197,58.004451751708984,53931000,68191335,-20.91,58.41,62.11,59.31,37.2,46.94,59.2 - 59.6 (20.3%),58.5 - 59.8 (17.2%),48.1 - 51.8 (15.5%),25.2 - 28.8 (19.4%)
2014-05-21,58.004454540231386,59.9260487941956,57.69739408697345,59.91614532470703,58992000,66345500,-11.08,58.37,61.96,59.44,37.26,52.9,60.4 - 60.8 (15.4%),58.5 - 59.8 (17.2%),48.1 - 51.8 (15.5%),25.2 - 28.8 (19.3%)
2014-05-22,60.36187556406493,60.89675362120451,59.827001285433504,59.94586181640625,54200000,62117050,-12.75,58.35,61.82,59.55,37.31,52.99,59.6 - 60.0 (20.7%),59.8 - 61.1 (18.2%),48.1 - 51.8 (15.4%),25.2 - 28.8 (19.3%)
2014-05-23,59.836901447824125,60.86703606866906,59.579369681866865,60.767982482910156,38294000,59406650,-35.54,58.53,61.69,59.67,37.37,55.48,56.5 - 57.0 (16.6%),59.8 - 61.1 (19.2%),48.1 - 51.8 (15.4%),25.2 - 28.8 (19.3%)
2014-05-27,61.03541825134489,62.90748746980586,60.98589335035273,62.87777328491211,55682000,56802850,-1.97,58.89,61.61,59.81,37.44,61.17,56.7 - 57.4 (18.2%),59.8 - 61.1 (19.6%),48.1 - 51.8 (15.5%),25.2 - 28.8 (19.2%)
2014-05-28,62.788629254170004,63.53151413181708,62.025933659698055,62.90748977661133,47795000,55414750,-13.75,59.16,61.54,59.94,37.5,61.24,56.0 - 56.7 (15.9%),59.8 - 61.1 (19.6%),48.1 - 51.8 (15.4%),25.2 - 28.8 (19.2%)
2014-05-29,63.23435644086653,63.68999533842946,62.90748530425665,63.22445297241211,42700000,53745100,-20.55,59.36,61.46,60.07,37.57,62.08,59.5 - 60.2 (16.3%),59.8 - 61.1 (19.6%),48.1 - 51.8 (15.4%),25.2 - 28.8 (19.2%)
2014-05-30,63.343317026349816,63.56122735109339,61.96650434527853,62.69948196411133,45253500,51886325,-12.78,59.46,61.33,60.19,37.63,59.77,62.4 - 63.0 (21.6%),59.8 - 61.1 (19.7%),48.1 - 51.8 (15.5%),25.2 - 28.8 (19.1%)
2014-06-02,62.630142078855854,62.98672739497202,61.46133633314513,62.4815673828125,35996000,50976675,-29.39,59.59,61.2,60.32,37.7,58.79,62.4 - 63.0 (27.3%),59.8 - 61.1 (19.8%),48.1 - 51.8 (15.5%),25.2 - 28.8 (19.1%)
2014-06-03,62.02593128723514,62.818341037381145,61.72877810324385,62.2735595703125,32217000,50284675,-35.93,59.68,61.08,60.43,37.77,57.81,62.4 - 63.0 (28.0%),59.8 - 61.1 (19.8%),48.1 - 51.8 (15.5%),25.2 - 28.8 (19.1%)
2014-06-04,61.857545334329565,62.98672969085138,61.481149289319724,62.73910140991211,36514000,49315325,-25.96,59.91,60.94,60.54,37.83,59.43,62.4 - 63.0 (34.1%),59.8 - 61.1 (20.0%),48.1 - 51.8 (15.5%),25.2 - 28.8 (19.1%)
2014-06-05,63.05606898525362,63.74942896802834,62.22403776162554,62.59052658081055,47352000,47753575,-0.84,60.2,60.83,60.66,37.9,58.66,62.4 - 63.0 (42.0%),59.8 - 61.1 (20.0%),48.1 - 51.8 (15.5%),25.2 - 28.8 (19.1%)
2014-06-06,62.768811650758146,62.87776869208692,61.56038828508463,61.907066345214844,42442000,46813125,-9.34,60.49,60.69,60.74,37.96,55.1,62.5 - 63.0 (36.7%),59.8 - 61.1 (20.0%),48.1 - 51.8 (15.5%),25.2 - 28.8 (19.0%)
2014-06-09,61.808028063831244,62.73910915483885,61.203814379190106,62.28347396850586,37617000,46064775,-18.34,60.77,60.59,60.82,38.02,56.66,62.5 - 63.0 (37.0%),57.6 - 58.8 (18.1%),48.1 - 51.8 (15.5%),25.2 - 28.8 (19.0%)
2014-06-10,62.92730942858777,65.19558581725502,62.89759523838524,65.14605712890625,69338000,47102925,47.21,61.06,60.56,60.92,38.1,66.26,62.5 - 63.0 (36.1%),57.6 - 58.8 (18.0%),48.1 - 51.8 (15.5%),25.2 - 28.8 (19.0%)
2014-06-11,64.70031732085559,65.17576694813323,64.28430362012232,65.15595245361328,44242000,46888775,-5.64,61.35,60.51,61.01,38.17,66.29,62.5 - 63.0 (36.9%),58.3 - 59.4 (19.4%),48.1 - 51.8 (15.5%),25.2 - 28.8 (18.9%)
2014-06-12,65.2252938739702,65.83941478946839,63.452274307449926,63.68009567260742,55730000,47303825,17.81,61.6,60.43,61.08,38.24,58.54,62.4 - 62.8 (26.2%),58.3 - 59.4 (19.4%),48.1 - 51.8 (15.4%),25.2 - 28.8 (18.9%)
2014-06-13,64.08619928224077,64.35364207092947,63.224457658060224,63.888099670410156,29419000,45934075,-35.95,61.93,60.36,61.16,38.31,59.26,62.7 - 63.0 (22.5%),58.3 - 59.4 (19.5%),48.1 - 51.8 (15.4%),25.2 - 28.8 (18.9%)
2014-06-16,63.55132143139477,64.26448448529308,63.14520745023005,63.58103561401367,31046000,45089725,-31.15,62.24,60.32,61.24,38.39,57.67,62.7 - 63.0 (21.4%),58.3 - 59.4 (19.6%),48.1 - 51.8 (15.5%),25.2 - 28.8 (18.9%)
2014-06-17,63.491897872523126,64.26449699911755,63.32351243355078,63.78905487060547,27715000,44323775,-37.47,62.49,60.27,61.29,38.46,58.48,62.4 - 62.7 (20.6%),59.0 - 60.0 (15.4%),48.1 - 51.8 (15.4%),25.2 - 28.8 (18.8%)
2014-06-18,63.878190931679924,65.12623961672526,63.44237028442226,64.9776611328125,35570000,43405725,-18.05,62.84,60.3,61.35,38.54,62.89,62.4 - 62.7 (21.0%),58.5 - 59.4 (15.8%),48.1 - 51.8 (15.4%),25.2 - 28.8 (18.8%)
2014-06-19,64.83898785681671,64.9578521516111,63.60084645818285,63.729610443115234,34245000,42168375,-18.79,63.03,60.29,61.41,38.61,56.15,63.6 - 63.9 (24.3%),58.5 - 59.4 (15.8%),48.1 - 51.8 (15.4%),25.2 - 28.8 (18.8%)
2014-06-20,63.84847823664088,64.19515633585235,62.74900800984465,63.888099670410156,46466000,41781675,11.21,63.23,60.36,61.48,38.68,56.78,63.6 - 63.9 (31.9%),60.0 - 60.8 (14.0%),48.1 - 51.8 (15.4%),25.2 - 28.8 (18.8%)
2014-06-23,63.709798073733346,65.03708946954796,63.610748281691,64.74983978271484,34560000,41594975,-16.91,63.43,60.43,61.58,38.76,60.15,63.6 - 63.9 (32.0%),60.0 - 60.8 (14.2%),48.1 - 51.8 (15.5%),25.2 - 28.8 (18.8%)
2014-06-24,64.73994175188659,66.53276818120364,64.65079163644799,65.09652709960938,57335000,41677625,37.57,63.54,60.52,61.67,38.83,61.45,63.6 - 63.9 (30.7%),60.0 - 60.8 (14.2%),48.1 - 51.8 (15.4%),25.2 - 28.8 (18.7%)
2014-06-25,64.95786140658382,66.83983811204794,64.94795415801889,66.80021667480469,44308000,41503275,6.76,63.73,60.64,61.78,38.92,67.14,63.5 - 64.0 (35.2%),58.5 - 59.4 (16.3%),46.8 - 50.4 (16.0%),25.2 - 28.8 (18.7%)
2014-06-26,67.35489801352743,67.35489801352743,66.26533499824122,66.49314880371094,47714000,41753975,14.27,63.9,60.72,61.88,39.01,65.27,63.5 - 64.0 (35.2%),58.5 - 59.4 (16.6%),46.8 - 50.4 (16.0%),25.2 - 28.8 (18.7%)
2014-06-27,66.67144470751008,67.05774427200306,66.20590226901433,66.95869445800781,46461000,41814350,11.11,64.11,60.8,61.97,39.1,66.78,63.5 - 64.0 (35.0%),58.5 - 59.4 (16.7%),46.8 - 50.4 (16.0%),25.2 - 28.8 (18.6%)
2014-06-30,66.82001964683057,67.27565481254555,66.49314847674721,66.6516342163086,27102800,41369690,-34.49,64.32,60.93,62.04,39.19,64.78,63.6 - 63.9 (30.7%),58.5 - 59.4 (16.8%),46.8 - 50.4 (16.1%),25.2 - 28.8 (18.6%)
2014-07-01,66.93888739966539,67.79072940114804,66.75068746349567,67.4143295288086,33243000,41420990,-19.74,64.58,61.11,62.12,39.29,67.39,63.6 - 64.0 (32.5%),58.0 - 59.0 (15.9%),46.8 - 50.4 (16.0%),25.2 - 28.8 (18.6%)
2014-07-02,67.39451516410851,67.6520506972817,65.16586059210896,65.81959533691406,41895000,41690040,0.49,64.73,61.27,62.2,39.39,57.75,63.6 - 64.0 (32.7%),58.0 - 59.0 (16.0%),46.8 - 50.4 (16.0%),25.2 - 28.8 (18.6%)
2014-07-03,66.22571744135385,66.36438869376458,65.1361543622625,65.66112518310547,25203200,40582600,-37.9,64.88,61.4,62.27,39.48,56.88,63.6 - 64.0 (24.5%),58.0 - 59.0 (14.1%),46.8 - 50.4 (16.0%),25.2 - 28.8 (18.6%)
2014-07-07,65.6710367280434,65.93847200175554,64.50223069767556,64.67061614990234,28745000,39897750,-27.95,65.02,61.45,62.35,39.57,51.64,63.6 - 64.0 (20.4%),58.0 - 59.0 (14.9%),46.8 - 50.4 (16.0%),25.2 - 28.8 (18.5%)
2014-07-08,64.44278369666989,64.93804027609592,61.61982270534465,62.16460418701172,68926000,41463200,66.23,65.02,61.51,62.39,39.66,41.28,66.5 - 67.0 (20.6%),58.0 - 59.0 (14.9%),46.8 - 50.4 (16.0%),25.2 - 28.8 (18.5%)
2014-07-09,62.808450782353695,64.50223146660929,62.55091897631665,64.35365295410156,51432000,40567900,26.78,64.98,61.62,62.45,39.75,50.6,66.5 - 67.0 (20.1%),58.0 - 59.0 (15.1%),56.0 - 59.5 (15.7%),25.2 - 28.8 (18.5%)
2014-07-10,62.70939096991472,64.72012774357937,62.45185542639525,64.25459289550781,44422000,40576900,9.48,64.93,61.71,62.51,39.84,50.21,66.5 - 67.0 (19.7%),62.0 - 63.0 (13.7%),56.0 - 59.5 (15.7%),25.2 - 28.8 (18.4%)
2014-07-11,64.660705921015,65.95827590381869,64.17535652819032,65.71064758300781,39212000,39751000,-1.36,65.03,61.83,62.6,39.93,55.61,66.5 - 67.0 (20.0%),62.0 - 63.0 (13.9%),56.0 - 59.5 (15.6%),25.2 - 28.8 (18.4%)
2014-07-14,66.4931372190845,67.52327168077797,66.26532345330516,67.2558364868164,38537000,40206900,-4.15,65.2,61.97,62.67,40.02,60.5,66.5 - 67.0 (19.8%),62.0 - 63.0 (14.0%),56.0 - 59.5 (15.7%),25.2 - 28.8 (18.4%)
2014-07-15,67.31529000401244,67.44405402595834,65.63142024064446,66.53278350830078,44213200,40865260,8.19,65.35,62.11,62.75,40.12,57.32,66.5 - 67.0 (27.9%),62.0 - 63.0 (14.3%),56.0 - 59.5 (15.6%),25.2 - 28.8 (18.4%)
2014-07-16,66.89926313563534,67.29546993118895,66.43372071763606,67.01812744140625,29541600,40956590,-27.87,65.51,62.21,62.84,40.22,58.88,66.5 - 67.0 (20.8%),62.0 - 63.0 (14.5%),56.0 - 59.5 (15.6%),25.2 - 28.8 (18.4%)
2014-07-17,66.39410455259208,67.20632514729196,65.4134985124461,65.77999114990234,38188000,41087490,-7.06,65.55,62.27,62.94,40.31,53.5,65.5 - 66.0 (25.9%),62.0 - 63.0 (14.7%),56.0 - 59.5 (15.6%),25.2 - 28.8 (18.3%)
2014-07-18,66.16629305176102,67.8105412395982,65.53236512909885,67.77091979980469,42456000,41498040,2.31,65.75,62.38,63.06,40.42,59.85,65.4 - 66.0 (26.1%),62.0 - 63.0 (14.5%),56.0 - 59.5 (15.6%),25.2 - 28.8 (18.3%)
2014-07-21,68.15720103274798,69.29629255968128,67.85014440332804,68.74160766601562,49539000,41651690,18.94,65.99,62.52,63.18,40.52,62.54,67.2 - 67.9 (19.8%),61.6 - 62.7 (11.6%),56.0 - 59.5 (15.6%),25.2 - 28.8 (18.3%)
2014-07-22,69.0981956025735,69.1080952924696,67.9591040322599,68.61283874511719,40398000,41943590,-3.68,66.19,62.72,63.31,40.62,61.95,65.1 - 65.8 (17.6%),64.9 - 66.0 (11.0%),56.0 - 59.5 (15.6%),25.2 - 28.8 (18.3%)
2014-07-23,69.07839461746875,70.65331467568294,68.94963061050197,70.61369323730469,78435000,42998590,82.41,66.46,62.97,63.4,40.73,67.16,64.0 - 64.8 (20.1%),59.8 - 61.1 (14.9%),56.0 - 59.5 (15.5%),25.2 - 28.8 (18.2%)
2014-07-24,75.23939083772203,76.01199001776152,73.80314954734267,74.26869201660156,124168000,46991590,164.23,66.84,63.24,63.5,40.84,74.13,63.6 - 64.8 (17.3%),62.4 - 64.0 (17.0%),48.1 - 51.8 (15.1%),26.6 - 30.4 (14.2%)
2014-07-25,74.27856980124919,74.95211896209366,73.95170624557142,74.47667694091797,45917000,46901740,-2.1,67.24,63.5,63.61,40.96,74.46,63.6 - 64.8 (16.3%),62.4 - 64.0 (17.2%),55.8 - 58.9 (13.1%),26.6 - 30.4 (14.2%)
2014-07-28,74.45687206321578,74.78374321811779,73.14939500062336,74.20924377441406,41725000,46664940,-10.59,67.6,63.72,63.71,41.07,73.16,73.2 - 74.4 (21.3%),61.5 - 63.0 (14.8%),48.0 - 51.0 (14.0%),26.6 - 30.4 (14.1%)
2014-07-29,74.01114737480576,74.20924699162914,72.72347719440585,73.01072692871094,41324000,47376000,-12.77,67.92,63.94,63.81,41.18,67.47,74.0 - 75.0 (28.3%),61.5 - 63.0 (15.0%),48.0 - 51.0 (13.9%),26.6 - 30.4 (14.1%)
2014-07-30,73.50596951730171,74.47667559155481,73.42672666286992,73.97151184082031,36853000,47556500,-22.51,68.24,64.17,63.91,41.3,69.52,74.0 - 75.0 (28.8%),61.5 - 63.0 (15.2%),46.4 - 49.3 (12.6%),26.6 - 30.4 (14.1%)
2014-07-31,73.29799175227288,73.46637721693848,71.75279326330842,71.96080017089844,43992000,47661350,-7.7,68.55,64.4,63.98,41.41,60.89,73.8 - 74.7 (33.9%),61.5 - 63.0 (15.4%),46.4 - 49.3 (12.7%),26.6 - 30.4 (14.1%)
2014-08-01,71.53485934519266,72.5253724736345,70.87121736282033,71.67353057861328,43535000,48577940,-10.38,68.85,64.65,64.05,41.52,59.75,73.8 - 74.7 (33.7%),61.5 - 63.0 (15.4%),46.4 - 49.3 (12.8%),26.6 - 30.4 (14.1%)
2014-08-04,71.67352295299897,73.17909942295987,71.67352295299897,72.81261444091797,30777000,48679540,-36.78,69.26,64.92,64.12,41.64,62.73,73.8 - 74.7 (34.0%),61.5 - 63.0 (15.5%),46.4 - 49.3 (12.9%),26.6 - 30.4 (14.1%)
2014-08-05,72.50556063083916,72.89186016049814,71.49524052796544,72.00040435791016,34986000,46982540,-25.53,69.75,65.18,64.19,41.75,59.35,73.8 - 74.7 (34.4%),61.5 - 63.0 (15.6%),46.4 - 49.3 (12.9%),26.6 - 30.4 (14.0%)
2014-08-06,71.33675811226684,73.02063510473116,71.10894430572608,71.7824935913086,30986000,45960240,-32.58,70.12,65.39,64.23,41.86,58.44,73.8 - 74.7 (34.4%),61.5 - 63.0 (15.9%),46.4 - 49.3 (12.9%),26.6 - 30.4 (14.0%)
2014-08-07,72.30746752684782,73.29798078064024,72.01031052790353,72.4758529663086,38141000,45646190,-16.44,70.53,65.61,64.28,41.97,60.52,74.2 - 74.9 (29.3%),61.5 - 63.0 (16.0%),46.4 - 49.3 (12.9%),26.6 - 30.4 (14.0%)
2014-08-08,72.70368369166019,72.73339788397348,71.87164852180113,72.36690521240234,27202000,45045690,-39.61,70.87,65.83,64.33,42.08,60.01,73.8 - 74.4 (28.6%),61.6 - 63.0 (16.1%),46.4 - 49.3 (13.0%),26.6 - 30.4 (14.0%)
2014-08-11,72.76310070164713,73.20883618771936,72.36689389969943,72.74329376220703,24591000,44348390,-44.55,71.14,66.09,64.38,42.19,61.22,73.8 - 74.4 (29.7%),61.6 - 63.0 (16.3%),46.4 - 49.3 (13.0%),26.6 - 30.4 (14.0%)
2014-08-12,72.39661187357515,72.63434050138625,71.53487015806385,72.13908386230469,27419000,43508680,-36.98,71.42,66.34,64.4,42.3,58.18,74.0 - 74.4 (24.8%),61.6 - 63.0 (16.4%),46.4 - 49.3 (13.0%),26.6 - 30.4 (14.0%)
2014-08-13,72.42633233830844,73.5456096023024,72.35699671234451,73.07015991210938,29266000,43494900,-32.71,71.72,66.58,64.45,42.41,61.36,74.1 - 74.4 (26.7%),61.6 - 63.0 (16.5%),46.4 - 49.3 (13.0%),26.6 - 30.4 (14.0%)
2014-08-14,73.26825216793085,73.67435859238762,72.9909097205916,73.59512329101562,22207000,42695850,-47.99,72.11,66.84,64.47,42.52,63.07,71.7 - 72.0 (14.4%),61.6 - 63.0 (16.7%),46.4 - 49.3 (13.0%),26.6 - 30.4 (14.0%)
2014-08-15,73.61494459935527,73.94181578625691,72.3074674087651,72.93148803710938,38846600,42515380,-8.63,72.37,67.05,64.51,42.63,59.49,72.9 - 73.2 (21.4%),61.6 - 63.0 (16.8%),46.4 - 49.3 (13.0%),26.6 - 30.4 (13.9%)
2014-08-18,73.29797845071835,74.01114917990198,73.25835701498413,73.88237762451172,23974000,41237130,-41.86,72.63,67.28,64.55,42.73,62.75,71.6 - 71.8 (15.1%),61.6 - 63.0 (16.9%),47.6 - 50.4 (14.8%),26.6 - 30.4 (13.9%)
2014-08-19,74.10029493661763,74.86299438259906,73.80314549132667,74.57574462890625,26679000,40551180,-34.21,72.93,67.51,64.6,42.84,64.96,71.7 - 72.0 (15.6%),63.6 - 64.8 (13.4%),46.4 - 49.3 (13.1%),26.6 - 30.4 (13.9%)
2014-08-20,74.25878941830669,74.46679632157436,73.9121112461939,74.10030364990234,22917000,37775280,-39.33,73.1,67.7,64.66,42.95,62.23,71.7 - 72.0 (16.1%),63.6 - 64.8 (13.6%),47.6 - 50.4 (14.8%),26.6 - 30.4 (13.9%)
2014-08-21,74.20924217234908,74.47668495041,73.7040859151504,73.86256408691406,20102000,32571980,-38.28,73.08,67.88,64.71,43.06,60.86,72.9 - 73.2 (15.4%),63.6 - 64.8 (13.8%),47.6 - 50.4 (14.8%),26.6 - 30.4 (13.9%)
2014-08-22,73.63474274104792,74.0210498156932,72.87205095309088,73.86256408691406,20897000,31320980,-33.28,73.05,68.06,64.76,43.17,60.86,72.9 - 73.2 (16.3%),73.7 - 74.8 (14.3%),47.6 - 50.4 (14.9%),26.6 - 30.4 (13.9%)
2014-08-25,74.22905327047022,74.56582409319311,74.08047479579211,74.30828857421875,19734000,30221430,-34.7,73.06,68.26,64.79,43.28,62.65,72.9 - 73.2 (16.7%),73.7 - 74.8 (14.9%),56.7 - 59.4 (12.6%),26.6 - 30.4 (13.9%)
2014-08-26,74.28849567441648,75.26910170135415,74.02106041507588,75.23938751220703,23993000,29354880,-18.27,73.17,68.47,64.83,43.39,66.15,72.9 - 73.2 (17.2%),73.7 - 74.8 (15.1%),47.6 - 50.4 (14.9%),26.6 - 30.4 (13.9%)
2014-08-27,74.55591721614134,74.77383130581472,73.75360402872133,73.92198944091797,36323000,29328380,23.85,73.17,68.66,64.87,43.51,57.89,73.8 - 74.1 (25.2%),73.7 - 74.8 (16.6%),47.6 - 50.4 (15.0%),26.6 - 30.4 (13.9%)
2014-08-28,73.29796535019499,73.72388626194294,73.03053015305782,73.15929412841797,21947000,28226130,-22.25,73.23,68.84,64.89,43.61,53.71,73.8 - 74.1 (26.2%),73.7 - 74.8 (16.8%),56.7 - 59.4 (12.7%),26.6 - 30.4 (13.8%)
2014-08-29,73.5951278478384,74.11019134521484,73.3078781361613,74.11019134521484,26241000,27361430,-4.09,73.35,69.03,64.93,43.72,57.8,73.8 - 74.1 (26.3%),73.7 - 74.8 (17.9%),46.8 - 49.4 (11.5%),26.6 - 30.4 (13.8%)
2014-09-02,74.2983975581873,75.97235973440583,74.11019763115638,75.95255279541016,34979000,27571530,26.87,73.5,69.26,64.97,43.84,64.37,73.8 - 74.1 (27.5%),73.2 - 74.4 (16.1%),56.7 - 59.4 (12.8%),23.4 - 27.3 (15.3%)
2014-09-03,76.40818847925742,76.7449669005897,74.88279722772945,75.1106185913086,32389000,27441680,18.03,73.66,69.48,65.03,43.95,59.79,73.8 - 74.1 (27.3%),73.2 - 74.4 (16.2%),56.7 - 59.4 (12.7%),23.4 - 27.3 (15.3%)
2014-09-04,75.17004855305105,76.20018322091444,74.81346318505926,75.22947692871094,26676000,27226180,-2.02,73.83,69.64,65.1,44.06,60.22,73.8 - 74.1 (27.0%),73.2 - 74.4 (16.3%),56.7 - 59.4 (12.7%),23.4 - 27.3 (15.3%)
2014-09-05,75.37804735049292,76.6459029422013,74.88279078766838,76.52704620361328,29476000,26792930,10.01,74.03,69.83,65.17,44.18,64.67,73.8 - 74.1 (27.7%),73.2 - 74.4 (16.4%),46.8 - 49.4 (11.6%),23.4 - 27.3 (15.3%)
2014-09-08,76.52705663679964,77.42841977437811,76.27942832162738,77.15107727050781,28183000,26841980,5.0,74.27,70.06,65.24,44.29,66.6,73.6 - 74.0 (20.9%),73.2 - 74.4 (16.4%),56.7 - 59.4 (12.9%),24.0 - 28.0 (17.6%)
2014-09-09,76.85391250601104,77.42841195286094,75.47709981729487,75.94264221191406,28882000,27056530,6.75,74.43,70.26,65.31,44.41,59.78,73.6 - 74.0 (20.7%),73.2 - 74.4 (16.7%),56.7 - 59.4 (12.8%),24.0 - 28.0 (17.6%)
2014-09-10,75.79407150367507,77.21050577099925,75.78417181210425,76.69544219970703,29909000,27181030,10.04,74.66,70.48,65.4,44.53,62.37,73.6 - 74.0 (20.4%),73.2 - 74.4 (16.8%),56.7 - 59.4 (12.9%),24.0 - 28.0 (17.6%)
2014-09-11,76.3982722519854,77.61660668320704,76.31903694776346,77.18077850341797,32219000,27328680,17.89,74.87,70.7,65.49,44.65,63.97,75.6 - 76.0 (16.3%),74.1 - 75.4 (16.8%),56.7 - 59.4 (12.9%),24.0 - 28.0 (17.6%)
2014-09-12,77.27982738468236,77.55717739572212,76.36855716231128,76.74495697021484,26676800,27552170,-3.18,75.02,70.9,65.6,44.77,61.43,76.4 - 76.8 (21.6%),74.1 - 75.4 (16.8%),56.7 - 59.4 (12.9%),24.0 - 28.0 (17.6%)
2014-09-15,76.41808534471845,76.51713514094125,72.73337549191575,73.87246704101562,49679000,28093790,76.83,75.07,71.07,65.68,44.88,47.93,76.4 - 76.8 (20.1%),74.1 - 75.4 (16.7%),56.7 - 59.4 (13.0%),24.0 - 28.0 (17.5%)
2014-09-16,72.82251955356963,75.5068166961418,72.37679168280397,75.35823822021484,37742000,28782190,31.13,75.15,71.26,65.81,45.0,53.61,76.4 - 76.8 (19.5%),74.1 - 75.4 (18.2%),56.7 - 59.4 (13.0%),24.0 - 28.0 (17.5%)
2014-09-17,75.23938311563079,76.51714607340729,74.85308356525837,75.70492553710938,28693000,28882890,-0.66,75.2,71.44,65.93,45.12,54.85,75.6 - 76.0 (21.3%),74.1 - 75.4 (18.3%),47.5 - 50.0 (15.1%),24.0 - 28.0 (17.5%)
2014-09-18,76.04168702473987,76.59637949705069,75.79405875083788,76.2695083618164,23031000,28888590,-20.28,75.31,71.63,66.07,45.24,56.87,76.5 - 76.8 (19.8%),74.1 - 75.4 (18.4%),47.5 - 50.0 (15.1%),24.0 - 28.0 (17.5%)
2014-09-19,76.66571935601849,77.55718270282411,75.71482763843102,77.17088317871094,76671000,31717040,141.73,75.48,71.8,66.22,45.36,59.94,77.1 - 77.4 (28.3%),74.1 - 75.4 (18.1%),47.5 - 50.0 (15.1%),24.0 - 28.0 (17.4%)
2014-09-22,76.26951073529281,76.7944814831795,75.22946892973265,76.0714111328125,31961000,32270240,-0.96,75.59,71.96,66.34,45.48,54.81,77.1 - 77.4 (26.5%),74.1 - 75.4 (18.1%),47.5 - 50.0 (15.3%),24.0 - 28.0 (17.4%)
2014-09-23,75.6058892689581,77.8840655436973,75.3186394775093,77.54729461669922,36814000,33124240,11.14,75.75,72.13,66.47,45.6,59.79,76.8 - 77.2 (26.4%),74.1 - 75.4 (18.3%),57.2 - 59.8 (11.6%),24.0 - 28.0 (17.4%)
2014-09-24,77.35907839567247,77.87414948485718,76.77467924269214,77.79490661621094,30680000,33458590,-8.3,75.88,72.32,66.62,45.71,60.57,76.8 - 77.2 (26.5%),74.1 - 75.4 (18.4%),57.2 - 59.8 (11.6%),24.0 - 28.0 (17.4%)
2014-09-25,77.85434771765428,78.19112618595305,76.39829188554533,76.48744201660156,37533000,33519090,11.97,76.0,72.47,66.79,45.82,54.52,76.8 - 77.2 (26.0%),74.1 - 75.4 (18.5%),57.2 - 59.8 (11.7%),24.0 - 28.0 (17.4%)
2014-09-26,76.85389850529047,78.09203973052338,76.59637057149233,78.04251861572266,28872000,33865340,-14.74,76.25,72.68,66.97,45.94,59.68,76.8 - 77.2 (26.0%),74.1 - 75.4 (18.6%),57.2 - 59.8 (11.7%),24.0 - 28.0 (17.4%)
2014-09-29,77.37889280393527,78.44864130138767,77.17088594173576,78.25054168701172,34031000,34254840,-0.65,76.46,72.88,67.14,46.06,60.33,76.8 - 77.2 (20.4%),74.1 - 75.4 (18.6%),57.2 - 59.8 (11.9%),24.0 - 28.0 (17.3%)
2014-09-30,78.5972254537184,78.9538108309003,77.85434051075883,78.29016876220703,35899000,34300840,4.66,76.57,73.11,67.28,46.18,60.46,76.8 - 77.2 (20.1%),74.1 - 75.4 (18.6%),57.2 - 59.8 (11.8%),24.0 - 28.0 (17.3%)
2014-10-01,78.03263179598565,78.07225323240624,75.1799563868503,75.82379150390625,55090000,35435890,55.46,76.61,73.34,67.42,46.29,49.54,76.8 - 77.2 (19.3%),74.1 - 75.4 (18.5%),57.2 - 59.8 (11.9%),24.0 - 28.0 (17.3%)
2014-10-02,75.84359106387389,76.74496165145032,74.92241353852256,76.3487548828125,36488000,35926490,1.56,76.66,73.54,67.58,46.41,51.54,78.0 - 78.4 (17.3%),74.1 - 75.4 (18.4%),57.2 - 59.8 (11.9%),24.0 - 28.0 (17.3%)
2014-10-03,77.02230141678704,77.31945081506561,76.5270448626408,76.70533752441406,23340000,35619690,-34.47,76.67,73.75,67.73,46.53,52.91,78.0 - 78.4 (17.4%),74.1 - 75.4 (18.2%),57.2 - 59.8 (12.0%),24.0 - 28.0 (17.3%)
2014-10-06,76.45771843359998,77.15107466990412,76.12094000666926,76.82420349121094,25729000,35496990,-27.52,76.66,73.93,67.88,46.64,53.39,78.0 - 78.3 (18.2%),74.1 - 75.4 (18.2%),57.2 - 59.8 (12.1%),24.0 - 28.0 (17.2%)
2014-10-07,76.31904581731891,77.21050166028569,75.5167249788263,75.56625366210938,25317000,35318740,-28.32,76.64,74.07,68.02,46.76,47.9,78.0 - 78.3 (18.6%),73.2 - 74.4 (19.3%),57.2 - 59.8 (12.0%),24.0 - 28.0 (17.2%)
2014-10-08,75.45729991379368,76.97278398172035,74.38754378689849,76.78458404541016,32976000,35472090,-7.04,76.64,74.24,68.17,46.88,52.94,78.0 - 78.3 (18.5%),73.2 - 74.4 (19.4%),57.2 - 59.8 (12.1%),24.0 - 28.0 (17.2%)
2014-10-09,76.54685567345336,77.0223053145811,75.1304215546344,75.18985748291016,32487000,35485490,-8.45,76.54,74.38,68.29,47.0,46.59,78.0 - 78.3 (18.2%),75.0 - 76.0 (14.3%),57.2 - 59.8 (12.1%),24.0 - 28.0 (17.2%)
2014-10-10,74.87288302836079,75.77425359390402,72.06973664527746,72.21831512451172,52146000,36758950,41.86,76.32,74.49,68.38,47.11,37.55,76.2 - 76.8 (25.1%),75.0 - 76.0 (14.2%),57.2 - 59.8 (12.2%),24.0 - 28.0 (17.2%)
2014-10-13,72.53527496300234,74.07056567717203,71.8320040377654,72.29754638671875,43938000,36471900,20.47,76.24,74.56,68.47,47.21,37.89,76.2 - 76.8 (24.5%),75.0 - 76.0 (14.2%),57.2 - 59.8 (12.3%),24.0 - 28.0 (17.1%)
2014-10-14,73.29798266316165,73.47627535570405,71.36648479146605,72.8918685913086,50299000,37099750,35.58,76.11,74.63,68.58,47.32,40.55,76.2 - 76.8 (23.9%),72.0 - 73.0 (16.0%),57.2 - 59.8 (12.3%),24.0 - 28.0 (17.1%)
2014-10-15,71.00989563277352,73.09987914544828,69.65288979181382,72.51547241210938,61528000,38741500,58.82,75.95,74.69,68.7,47.42,39.4,72.0 - 72.6 (27.4%),72.0 - 73.0 (18.4%),57.2 - 59.8 (12.3%),24.0 - 28.0 (17.1%)
2014-10-16,70.11843814038963,72.65414979641861,69.91043125207634,71.94097900390625,53529000,40266400,32.94,75.74,74.72,68.84,47.52,37.64,72.0 - 72.6 (26.6%),73.8 - 74.7 (21.1%),57.2 - 59.8 (12.3%),24.0 - 28.0 (17.1%)
2014-10-17,73.5258005179922,75.279005613105,73.0503508416644,75.22947692871094,76342000,40249950,89.67,75.64,74.73,68.99,47.63,51.09,72.0 - 72.6 (24.7%),73.6 - 74.4 (17.7%),57.2 - 59.8 (12.3%),24.0 - 28.0 (17.0%)
2014-10-20,74.88278718856596,76.3586495588842,74.66487310227433,76.21997833251953,34701000,40386950,-14.08,75.65,74.76,69.13,47.74,54.29,72.0 - 72.6 (24.6%),73.6 - 74.4 (17.8%),57.2 - 59.8 (12.4%),24.0 - 28.0 (17.0%)
2014-10-21,76.82419676004143,77.99300256812889,76.41809030207867,77.9434814453125,32252000,40158850,-19.69,75.67,74.82,69.27,47.85,59.28,72.0 - 72.6 (24.8%),73.8 - 74.4 (17.9%),57.2 - 59.8 (12.4%),24.0 - 28.0 (17.0%)
2014-10-22,78.07225381719797,79.09248125236695,77.26994050546632,77.62652587890625,41862000,40717950,2.81,75.66,74.9,69.42,47.96,58.02,72.0 - 72.6 (25.3%),73.8 - 74.4 (18.2%),57.2 - 59.8 (12.4%),24.0 - 28.0 (17.0%)
2014-10-23,78.62693545306927,79.86507695870033,78.26045040389272,79.28067779541016,35056000,40594100,-13.64,75.8,74.99,69.58,48.07,62.48,72.1 - 72.8 (25.4%),73.8 - 74.4 (13.4%),56.7 - 59.4 (14.1%),24.6 - 28.7 (17.5%)
2014-10-24,79.43915121618458,80.05327208668743,78.56750236900056,79.90469360351562,32248000,40762900,-20.89,75.89,75.12,69.76,48.18,64.04,72.0 - 72.8 (25.0%),72.1 - 72.8 (12.4%),56.7 - 59.4 (14.1%),25.2 - 29.4 (17.8%)
2014-10-27,79.97402961235771,80.03346554012633,79.00333095731895,79.51839447021484,30169000,40569800,-25.64,75.96,75.25,69.95,48.29,62.32,72.0 - 72.8 (24.8%),72.1 - 72.8 (12.4%),56.7 - 59.4 (14.2%),25.2 - 29.4 (17.7%)
2014-10-28,79.41935445894065,80.39006079068204,78.81514075840074,80.00375366210938,74212000,42485450,74.68,76.04,75.37,70.15,48.4,63.64,72.0 - 72.8 (23.1%),72.1 - 72.8 (12.3%),56.7 - 59.4 (14.1%),25.2 - 29.4 (17.7%)
2014-10-29,74.73422861490214,76.15066299593595,74.07058648959001,75.14034271240234,106120000,45036950,135.63,76.01,75.42,70.3,48.5,46.17,72.0 - 72.8 (20.8%),74.9 - 75.6 (15.6%),56.7 - 59.4 (14.1%),25.2 - 29.4 (17.6%)
2014-10-30,74.33802150712759,74.63517094420759,72.2084165348144,73.40693664550781,83270000,47376050,75.76,75.86,75.45,70.42,48.6,41.77,72.0 - 72.8 (19.5%),74.9 - 75.6 (15.4%),56.7 - 59.4 (14.1%),25.2 - 29.4 (17.6%)
2014-10-31,74.21915134059151,74.98184314828853,73.74370169896397,74.27857971191406,44544000,48436250,-8.04,75.74,75.48,70.54,48.7,44.63,72.8 - 73.6 (16.7%),74.9 - 75.6 (15.4%),56.7 - 59.4 (14.2%),25.2 - 29.4 (17.6%)
2014-11-03,74.75401189254686,74.80353300474331,73.00079977788869,73.17909240722656,40727000,49186150,-17.2,75.56,75.5,70.67,48.79,41.84,72.8 - 73.6 (21.9%),74.9 - 75.6 (15.3%),56.7 - 59.4 (14.5%),25.2 - 29.4 (17.6%)
2014-11-04,73.52579865671545,75.05118234482381,72.951299183159,75.0412826538086,39326000,49886600,-21.17,75.53,75.53,70.81,48.89,47.79,74.4 - 75.2 (18.5%),74.9 - 75.6 (16.9%),56.7 - 59.4 (14.5%),25.2 - 29.4 (17.5%)
2014-11-05,75.78416434769937,76.0714140723063,73.7139879038135,74.12010192871094,35913000,50033450,-28.22,75.4,75.57,70.95,48.99,45.32,74.4 - 75.2 (19.1%),74.9 - 75.6 (16.9%),56.7 - 59.4 (14.5%),25.2 - 29.4 (17.5%)
2014-11-06,74.17953551995171,74.88279900953658,73.60503603031351,74.54602813720703,21383000,49478250,-56.78,75.37,75.59,71.08,49.09,46.69,74.9 - 75.6 (30.5%),74.9 - 75.6 (17.0%),56.7 - 59.4 (14.6%),25.2 - 29.4 (17.5%)
2014-11-07,74.67479037374005,75.14033279203893,74.3082977651393,74.88279724121094,20774000,47909650,-56.64,75.5,75.61,71.22,49.19,47.81,74.9 - 75.6 (21.6%),74.9 - 75.6 (17.1%),56.7 - 59.4 (14.6%),25.2 - 29.4 (17.5%)
2014-11-10,74.6450756533894,74.76393995838782,73.9021907504353,74.28849029541016,21575100,46791505,-53.89,75.6,75.64,71.34,49.28,45.98,74.9 - 75.6 (22.1%),74.9 - 75.6 (17.1%),56.7 - 59.4 (14.8%),25.2 - 29.4 (17.5%)
2014-11-11,74.23896202595687,74.26868377013406,73.32769168694077,73.90219116210938,18715700,45212340,-58.6,75.65,75.64,71.46,49.38,44.78,74.9 - 75.6 (22.5%),74.9 - 75.6 (17.1%),56.7 - 59.4 (14.8%),25.2 - 29.4 (17.5%)
2014-11-12,73.57531832486359,74.42716027028685,72.84234068241192,74.01114654541016,26536600,43462770,-38.94,75.72,75.63,71.57,49.48,45.21,74.9 - 75.6 (23.1%),74.9 - 75.6 (17.2%),56.7 - 59.4 (14.8%),25.2 - 29.4 (17.5%)
2014-11-13,74.03094253562993,74.52619905591087,72.94137970241484,73.54559326171875,26448500,42108745,-37.19,75.8,75.62,71.66,49.58,43.64,74.9 - 75.6 (23.4%),74.9 - 75.6 (17.1%),56.7 - 59.4 (14.9%),25.2 - 29.4 (17.5%)
2014-11-14,73.56541068318697,74.21915301050691,73.33759688331426,74.16962432861328,19476900,39265490,-50.4,75.75,75.62,71.75,49.67,46.34,74.9 - 75.6 (23.9%),74.9 - 75.6 (17.3%),56.7 - 59.4 (14.9%),25.2 - 29.4 (17.4%)
2014-11-17,74.16961808601788,74.94222465064549,73.17910498763989,73.53569030761719,28701200,38965500,-26.34,75.62,75.62,71.84,49.77,44.03,73.5 - 74.2 (25.6%),74.9 - 75.6 (17.2%),56.7 - 59.4 (15.0%),25.2 - 29.4 (17.4%)
2014-11-18,73.74369978609194,74.09038542852251,73.19892209672977,73.6347427368164,20690500,38387425,-46.1,75.4,75.61,71.93,49.87,44.5,75.0 - 75.2 (26.2%),74.9 - 75.6 (17.3%),56.7 - 59.4 (15.0%),25.2 - 29.4 (17.4%)
2014-11-19,73.30787999051269,73.832850748334,72.4164166484503,72.63433074951172,25441200,37566385,-32.28,75.15,75.56,72.02,49.97,40.8,73.4 - 73.6 (29.2%),74.9 - 75.6 (17.3%),56.7 - 59.4 (15.1%),25.2 - 29.4 (17.4%)
2014-11-20,72.10935795644855,73.28806342717034,71.8221082456128,72.90176391601562,19154900,36771330,-47.91,74.83,75.55,72.1,50.06,42.18,74.0 - 74.2 (20.0%),74.9 - 75.6 (17.3%),56.7 - 59.4 (15.2%),25.2 - 29.4 (17.4%)
2014-11-21,73.79324666685977,73.79324666685977,72.80273328878113,73.05036163330078,23060400,36311950,-36.49,74.49,75.54,72.19,50.16,42.98,74.0 - 74.2 (21.1%),74.9 - 75.6 (17.3%),56.7 - 59.4 (15.2%),25.2 - 29.4 (17.4%)
2014-11-24,72.84234180211696,73.64465507771428,72.65414187543966,73.3078842163086,22103800,35908690,-38.44,74.18,75.53,72.28,50.26,44.41,74.0 - 74.2 (22.2%),74.9 - 75.6 (17.2%),56.7 - 59.4 (15.2%),25.2 - 29.4 (17.4%)
2014-11-25,73.50598674368678,75.0214707940347,73.42674387068413,74.91251373291016,32250200,33810600,-4.62,73.92,75.51,72.39,50.36,52.41,74.0 - 74.2 (22.6%),74.9 - 75.6 (17.5%),56.7 - 59.4 (15.2%),25.2 - 29.4 (17.4%)
2014-11-26,74.81345255534278,77.04210701012958,74.79364561860912,76.88362884521484,32695300,30139365,8.48,74.01,75.54,72.51,50.46,60.02,73.2 - 73.6 (21.5%),74.9 - 75.6 (17.6%),56.7 - 59.4 (15.3%),25.2 - 29.4 (17.3%)
2014-11-28,76.93316880472108,77.52747529345986,76.4973480767217,76.96288299560547,15992000,26775465,-40.27,74.19,75.57,72.61,50.57,60.29,73.2 - 73.6 (23.2%),74.9 - 75.6 (17.8%),57.2 - 59.8 (13.6%),25.2 - 29.4 (17.3%)
2014-12-01,76.52704709901764,76.57656822167026,74.09038568825257,74.38753509521484,31789900,26137760,21.62,74.19,75.54,72.68,50.66,48.6,74.0 - 74.4 (22.7%),74.9 - 75.6 (17.6%),57.2 - 59.8 (13.6%),25.2 - 29.4 (17.3%)
2014-12-02,74.61536137039033,75.1898608416195,74.32811163477575,74.74412536621094,16773900,24940105,-32.74,74.27,75.5,72.78,50.76,50.04,74.0 - 74.4 (22.8%),74.9 - 75.6 (17.7%),57.2 - 59.8 (13.5%),25.2 - 29.4 (17.3%)
2014-12-03,74.66488091948627,75.01156657871005,73.69418223330409,74.16962432861328,16689900,23808300,-29.9,74.23,75.47,72.86,50.85,47.72,73.2 - 73.6 (23.3%),74.9 - 75.6 (16.4%),57.2 - 59.8 (13.6%),25.2 - 29.4 (17.3%)
2014-12-04,74.12009292228511,74.83326352333843,73.95170751842942,74.52619934082031,14362800,22730790,-36.81,74.25,75.43,72.95,50.94,49.29,74.0 - 74.4 (21.3%),74.9 - 75.6 (15.3%),57.5 - 60.0 (12.8%),25.2 - 29.4 (17.3%)
2014-12-05,75.08091219164837,76.03180406583652,74.6450839154308,75.6355972290039,24306400,22876960,6.25,74.3,75.4,73.05,51.04,53.95,73.2 - 73.6 (15.7%),74.9 - 75.6 (15.4%),57.5 - 60.0 (12.8%),25.2 - 29.4 (17.3%)
2014-12-08,75.45729651931919,76.51714535004236,74.68469742587821,75.7940673828125,25733900,23124955,11.28,74.35,75.39,73.14,51.13,54.59,75.6 - 76.0 (15.6%),74.9 - 75.6 (15.4%),55.2 - 57.6 (12.5%),25.2 - 29.4 (17.3%)
2014-12-09,74.4865895369251,76.20018069616553,74.07057580705724,76.11103057861328,25358600,23314130,8.77,74.44,75.43,73.25,51.22,55.91,75.6 - 76.0 (15.4%),74.9 - 75.6 (15.4%),55.2 - 57.6 (12.5%),25.2 - 29.4 (17.3%)
2014-12-10,75.92283303027654,76.81429635990514,75.34833360040304,75.45729064941406,32210500,23988870,34.27,74.52,75.43,73.34,51.32,52.51,75.6 - 76.0 (15.1%),74.9 - 75.6 (16.8%),55.2 - 57.6 (12.5%),25.2 - 29.4 (17.2%)
2014-12-11,75.79405676407318,77.7750829033612,75.75444289146061,76.99258422851562,33462100,24335145,37.51,74.67,75.45,73.44,51.42,58.83,76.8 - 77.2 (23.7%),74.9 - 75.6 (16.8%),55.2 - 57.6 (12.5%),25.2 - 29.4 (17.2%)
2014-12-12,76.42800225578236,78.13167861448396,76.28932345511642,77.09164428710938,28091600,24417300,15.05,74.85,75.46,73.54,51.52,59.21,76.8 - 77.2 (31.3%),74.9 - 75.6 (16.8%),57.2 - 59.4 (12.8%),25.2 - 29.4 (17.2%)
2014-12-15,77.71566094934558,77.83452524803513,75.83368445034678,76.25960540771484,29396500,24913280,18.0,74.95,75.45,73.62,51.61,54.68,76.8 - 77.1 (30.7%),74.9 - 75.6 (16.9%),56.7 - 58.8 (13.1%),25.2 - 29.4 (17.2%)
2014-12-16,75.4671997879886,76.65581255260447,73.8823726924799,73.98143005371094,31554600,25055950,25.94,74.97,75.41,73.69,51.7,44.61,76.8 - 77.1 (30.8%),74.9 - 75.6 (15.3%),56.7 - 58.8 (13.1%),25.2 - 29.4 (17.2%)
2014-12-17,74.2984068217103,75.68512699179979,74.18944975110932,75.38796997070312,29203900,25481620,14.61,75.06,75.38,73.76,51.8,50.65,76.8 - 77.1 (21.8%),74.9 - 75.6 (16.6%),56.7 - 58.8 (13.2%),25.2 - 29.4 (17.2%)
2014-12-18,76.16055772502955,77.65623474121094,75.78416543755363,77.65623474121094,34222100,25920665,32.03,75.31,75.37,73.85,51.9,58.51,76.8 - 77.2 (19.9%),74.9 - 75.6 (16.5%),56.7 - 58.8 (13.2%),25.2 - 29.4 (17.2%)
2014-12-19,78.00291517761504,79.24105668837083,77.58690144368495,79.1221923828125,43335000,27129670,59.73,75.62,75.42,73.94,52.0,62.65,75.0 - 75.5 (14.7%),74.9 - 75.6 (16.8%),56.7 - 58.8 (13.2%),25.2 - 29.4 (17.1%)
2014-12-22,79.32029371086364,81.11312006801698,79.2410508463336,80.67729187011719,31395800,27546440,13.97,76.0,75.46,74.07,52.1,66.47,75.6 - 76.3 (25.2%),74.9 - 75.6 (16.8%),56.7 - 58.8 (13.6%),25.2 - 29.4 (17.1%)
2014-12-23,81.24190343294123,81.39048195012016,79.63727660705719,79.84528350830078,19865800,27434540,-27.59,76.33,75.49,74.19,52.2,62.77,75.6 - 76.3 (25.0%),74.9 - 75.6 (16.9%),56.7 - 58.8 (13.5%),25.2 - 29.4 (17.1%)
2014-12-24,80.26128922881897,80.6574960490607,79.98394672175473,80.00375366210938,7685500,26206305,-70.67,76.58,75.52,74.31,52.3,63.19,75.6 - 76.3 (25.5%),74.9 - 75.6 (17.1%),56.7 - 58.8 (12.8%),25.2 - 29.4 (17.1%)
2014-12-26,80.25137767279013,80.50891322567698,79.74622137218638,80.01365661621094,10647400,25103910,-57.59,76.74,75.59,74.46,52.4,63.22,75.6 - 76.3 (21.1%),74.9 - 75.6 (17.5%),58.8 - 60.9 (12.5%),25.2 - 29.4 (17.1%)
2014-12-29,79.72640667868167,80.19194909955085,78.9538075789482,79.2608642578125,14134700,25011045,-43.49,76.86,75.64,74.59,52.51,59.52,77.0 - 77.7 (16.8%),74.9 - 75.6 (17.7%),58.8 - 60.9 (12.6%),25.2 - 29.4 (17.1%)
2014-12-30,79.09248070369058,79.82545838533615,78.3495957736803,78.46846008300781,14370800,24140090,-40.47,77.06,75.66,74.71,52.61,55.82,77.0 - 77.7 (17.3%),74.9 - 75.6 (17.9%),58.8 - 60.9 (12.6%),25.2 - 29.4 (17.1%)
2014-12-31,78.78541511932295,79.0429506486044,77.12135276176237,77.27983093261719,19935400,24298165,-17.96,77.19,75.67,74.8,52.72,50.72,77.0 - 77.7 (23.7%),74.9 - 75.6 (18.2%),58.8 - 60.9 (12.6%),25.2 - 29.4 (17.1%)
2015-01-02,77.83452105094256,78.18119912382356,76.96286468825292,77.70574951171875,18177500,24372545,-25.42,77.36,75.71,74.89,52.82,52.4,79.1 - 79.8 (18.9%),74.9 - 75.6 (18.5%),58.8 - 60.9 (12.7%),25.2 - 29.4 (17.1%)
2015-01-05,77.24022424641035,78.49817271114217,76.13084671911508,76.45771789550781,26452200,24977015,5.91,77.46,75.7,74.97,52.92,47.31,79.1 - 79.8 (19.1%),74.9 - 75.6 (18.5%),58.8 - 60.9 (12.7%),25.2 - 29.4 (17.1%)
2015-01-06,76.49733012055171,76.8539078844821,74.64506790102946,75.42757415771484,27399300,25131660,9.02,77.45,75.71,75.04,53.02,43.56,79.0 - 79.5 (19.4%),74.9 - 75.6 (18.6%),58.8 - 60.9 (12.7%),25.2 - 29.4 (17.0%)
2015-01-07,76.0317877539274,76.62609410316503,75.10070302067882,75.42757415771484,22045300,24947230,-11.63,77.43,75.76,75.12,53.11,43.56,79.0 - 79.5 (19.8%),74.9 - 75.6 (19.8%),58.8 - 60.9 (12.8%),25.2 - 29.4 (17.0%)
2015-01-08,76.01198251711946,77.48785265850073,75.35824772044737,77.43832397460938,23961000,24877350,-3.68,77.5,75.85,75.2,53.22,52.16,79.0 - 79.5 (20.6%),74.9 - 75.6 (18.3%),58.8 - 60.9 (12.8%),25.2 - 29.4 (17.0%)
2015-01-09,77.4581223071279,77.87414355734666,76.46760919549192,77.00248718261719,21157000,24324675,-13.02,77.58,75.91,75.27,53.32,50.37,77.0 - 77.5 (25.3%),74.9 - 75.6 (18.6%),58.8 - 60.9 (12.8%),25.2 - 29.4 (17.0%)
2015-01-12,77.1015499050854,77.26003565687773,75.48701598303816,75.99217987060547,19190200,23611080,-18.72,77.52,75.97,75.33,53.42,46.39,77.0 - 77.5 (26.6%),74.9 - 75.6 (18.8%),58.8 - 60.9 (13.0%),25.2 - 29.4 (17.0%)
2015-01-13,76.49734579978963,77.33928059686092,75.1304326036577,75.72473907470703,25179600,23465480,7.3,77.46,76.04,75.38,53.52,45.37,77.0 - 77.5 (26.0%),74.9 - 75.6 (19.1%),58.8 - 60.9 (12.9%),25.2 - 29.4 (17.0%)
2015-01-14,75.69502196066199,76.46762109888284,75.30872239155156,75.55635070800781,25918600,23291585,11.28,77.42,76.04,75.39,53.62,44.7,75.5 - 76.0 (26.2%),74.9 - 75.6 (20.8%),58.8 - 60.9 (13.0%),25.2 - 29.4 (17.0%)
2015-01-15,75.67520024141024,75.84358565003161,72.84233224983568,73.34749603271484,34134000,23420555,45.74,77.39,75.99,75.38,53.71,37.01,74.9 - 75.6 (24.9%),74.9 - 75.6 (21.0%),58.8 - 60.9 (13.0%),25.2 - 29.4 (17.0%)
2015-01-16,73.33761221628792,74.6054681448757,73.13950500431018,74.466796875,21791500,23049935,-5.46,77.34,75.93,75.38,53.81,42.42,75.0 - 75.6 (24.0%),74.9 - 75.6 (17.4%),58.8 - 60.9 (13.0%),25.2 - 29.4 (16.9%)
2015-01-20,75.00166009812297,75.58605925396333,74.1101967140296,75.5167236328125,22821600,22479910,1.52,77.24,75.9,75.4,53.91,47.01,75.2 - 75.6 (31.9%),74.9 - 75.6 (19.2%),73.5 - 75.6 (13.1%),25.2 - 29.4 (16.9%)
2015-01-21,75.43747868544015,76.56666297539319,75.13041449640734,76.01197052001953,25096700,21567995,16.36,77.08,75.85,75.42,54.02,49.07,75.2 - 75.6 (31.3%),74.9 - 75.6 (19.3%),73.5 - 75.6 (13.1%),25.2 - 29.4 (16.9%)
2015-01-22,76.43789571387178,77.01239513758505,75.95254640067317,76.91334533691406,19519500,20974180,-6.94,76.89,75.8,75.46,54.12,52.69,75.2 - 75.6 (29.5%),74.9 - 75.6 (19.5%),73.5 - 75.6 (13.1%),25.2 - 29.4 (16.9%)
2015-01-23,76.91335160855716,77.44822964421381,76.30913795107556,77.09164428710938,16746500,20818215,-19.56,76.76,75.75,75.5,54.22,53.39,75.2 - 75.6 (29.6%),74.9 - 75.6 (19.7%),73.5 - 75.6 (13.2%),25.2 - 29.4 (16.9%)
2015-01-26,77.24022783011183,77.72557721462762,76.55677125812883,76.76477813720703,19260800,21396980,-9.98,76.59,75.7,75.54,54.33,51.87,75.2 - 75.6 (30.3%),74.9 - 75.6 (19.8%),73.5 - 75.6 (13.3%),25.2 - 29.4 (16.9%)
2015-01-27,75.9822738568763,76.15065930313014,74.9125176859401,75.06109619140625,20110000,21870110,-8.05,76.35,75.7,75.56,54.43,44.7,75.2 - 75.6 (22.3%),74.9 - 75.6 (21.7%),73.5 - 75.6 (13.4%),25.2 - 29.4 (16.9%)
2015-01-28,76.1704659668196,76.90344361284485,75.27900258272625,75.5167236328125,53306400,23828695,123.71,76.16,75.73,75.59,54.53,46.82,75.2 - 75.6 (29.3%),74.9 - 75.6 (19.1%),73.5 - 75.6 (13.9%),25.2 - 29.4 (16.9%)
2015-01-29,76.12093340047151,77.279831962154,73.50597931189874,77.26002502441406,61293500,26174830,134.17,76.1,75.78,75.63,54.63,54.06,75.2 - 75.6 (26.5%),74.9 - 75.6 (19.4%),73.5 - 75.6 (13.9%),25.2 - 29.4 (16.8%)
2015-01-30,77.26002635663714,77.41851208935161,75.03137175019569,75.18985748291016,42649500,27310535,56.17,75.99,75.82,75.66,54.73,46.04,75.2 - 75.6 (25.1%),74.9 - 75.6 (22.1%),74.1 - 76.0 (13.3%),25.2 - 29.4 (16.8%)
2015-02-02,75.3879571710345,75.41767135669579,73.0503455101485,74.27857971191406,41955300,28499425,47.21,75.82,75.81,75.67,54.83,43.02,75.2 - 75.6 (23.7%),74.9 - 75.6 (22.1%),74.1 - 76.0 (13.9%),25.2 - 29.4 (16.8%)
2015-02-03,74.47667031364163,74.8629697553527,73.15928629087624,74.68467712402344,26957700,28524700,-5.49,75.73,75.81,75.69,54.93,44.76,75.2 - 75.6 (23.6%),74.9 - 75.6 (19.7%),74.1 - 76.0 (14.1%),25.2 - 29.4 (16.8%)
2015-02-04,74.37763567566684,75.62568447590125,74.2984003596805,74.91251373291016,20277400,28168605,-28.01,75.71,75.82,75.71,55.02,45.76,74.8 - 75.2 (19.5%),74.9 - 75.6 (21.2%),74.1 - 76.0 (14.3%),25.2 - 29.4 (16.8%)
2015-02-05,74.99174235984677,75.2591851161709,74.49648583318789,74.89269256591797,15062600,27819470,-45.86,75.68,75.82,75.72,55.12,45.68,75.3 - 75.6 (18.7%),74.9 - 75.6 (21.3%),74.1 - 76.0 (14.5%),25.2 - 29.4 (16.8%)
2015-02-06,74.96204710682761,74.98185404780908,73.54561278062381,73.7635269165039,21211000,27681970,-23.38,75.5,75.81,75.72,55.22,41.38,75.3 - 75.6 (18.7%),74.9 - 75.6 (21.3%),74.1 - 76.0 (14.6%),25.2 - 29.4 (16.8%)
2015-02-09,73.34749567423573,74.12009465779552,72.753181788099,73.73379516601562,16194300,27433835,-40.97,75.33,75.81,75.72,55.32,41.27,74.8 - 75.2 (23.2%),74.9 - 75.6 (21.4%),74.1 - 76.0 (14.7%),25.2 - 29.4 (16.8%)
2015-02-10,74.13989858198839,74.6252478494012,73.79322053383639,74.47667694091797,15811300,27264890,-42.01,75.26,75.82,75.72,55.42,45.2,74.8 - 75.2 (23.6%),74.9 - 75.6 (21.4%),74.1 - 76.0 (14.8%),25.2 - 29.4 (16.7%)
2015-02-11,74.3776225021965,76.0218778192038,74.3181941364784,75.7841567993164,20877400,27049780,-22.82,75.26,75.85,75.74,55.52,51.37,74.8 - 75.2 (23.9%),74.9 - 75.6 (21.5%),74.1 - 76.0 (15.0%),25.2 - 29.4 (16.7%)
2015-02-12,76.13083354965246,76.14074079610648,75.17003468301333,75.5068130493164,17235000,26615600,-35.24,75.26,75.88,75.75,55.62,50.08,74.8 - 75.2 (24.0%),74.9 - 75.6 (22.8%),74.1 - 76.0 (15.2%),25.2 - 29.4 (16.7%)
2015-02-13,75.73463214133102,75.75444663563164,74.78374045431666,75.0214614868164,18621900,25839995,-27.93,75.34,75.9,75.76,55.73,47.82,74.8 - 75.2 (28.4%),74.9 - 75.6 (24.0%),74.1 - 76.0 (15.4%),25.2 - 29.4 (16.7%)
2015-02-17,74.58564781211656,76.18037468640944,74.36773369657104,74.88279724121094,25254400,26013140,-2.92,75.36,75.92,75.76,55.83,47.16,74.8 - 75.2 (30.7%),74.9 - 75.6 (24.4%),74.1 - 76.0 (15.7%),25.2 - 29.4 (16.7%)
2015-02-18,75.21958497469038,76.17047686814051,74.73422800015568,75.9822769165039,22426400,25993380,-13.72,75.39,75.98,75.77,55.93,52.69,74.8 - 75.2 (33.3%),75.0 - 75.6 (20.9%),74.1 - 76.0 (15.9%),25.2 - 29.4 (16.7%)
2015-02-19,76.2596173057729,79.08257871620293,76.21999586669463,78.66656494140625,45851200,27031105,69.62,75.52,76.07,75.81,56.05,62.9,74.5 - 75.0 (25.0%),75.0 - 75.6 (20.6%),74.1 - 76.0 (15.9%),25.2 - 29.4 (16.7%)
2015-02-20,78.79532781300043,79.57782658814698,78.44864214857473,79.14200592041016,36931700,27901715,32.36,75.63,76.18,75.86,56.16,64.37,74.5 - 75.0 (25.4%),75.0 - 75.6 (20.4%),74.1 - 76.0 (15.9%),25.2 - 29.4 (16.7%)
2015-02-23,79.2014260299929,79.42924736652871,77.6364135289631,78.09204864501953,24139100,28271345,-14.62,75.68,76.26,75.89,56.27,58.84,74.5 - 75.0 (26.8%),75.0 - 75.6 (20.4%),74.1 - 76.0 (16.2%),25.2 - 29.4 (16.6%)
2015-02-24,77.75527818942255,78.72598435050459,77.35907143883774,77.70574951171875,18897100,28253160,-33.12,75.73,76.3,75.91,56.38,56.9,74.5 - 75.0 (19.0%),75.0 - 75.6 (20.5%),74.1 - 76.0 (16.2%),25.2 - 29.4 (16.6%)
2015-02-25,77.75527253893523,79.43914166028465,77.75527253893523,78.80521392822266,25593800,28527350,-10.28,75.91,76.33,75.94,56.49,60.85,78.5 - 79.0 (22.0%),75.0 - 75.6 (20.6%),74.1 - 76.0 (16.3%),25.2 - 29.4 (16.6%)
2015-02-26,79.12220024925429,80.59807051785988,78.96372204976977,79.64717864990234,31111900,27417625,13.47,76.12,76.38,75.97,56.6,63.6,78.6 - 79.2 (31.9%),75.0 - 75.6 (20.2%),74.1 - 76.0 (16.3%),25.2 - 29.4 (16.6%)
2015-02-27,79.91460958106184,80.4593948932007,77.8741546974443,78.22083282470703,30739200,25889910,18.73,76.17,76.44,75.99,56.71,56.37,78.6 - 79.2 (31.0%),75.0 - 75.6 (20.0%),74.1 - 76.0 (16.3%),25.2 - 29.4 (16.6%)
2015-03-02,78.2505461594154,79.10238815254756,77.77509647791659,78.9934310913086,21662500,24840560,-12.79,76.36,76.51,76.0,56.82,59.09,78.5 - 79.0 (26.2%),75.0 - 75.6 (20.2%),74.1 - 76.0 (16.5%),25.2 - 29.4 (16.6%)
2015-03-03,78.85475588070463,78.94389844068597,77.77509257094083,78.8448486328125,18635000,23674545,-21.29,76.59,76.59,76.03,56.93,58.33,78.5 - 79.0 (31.2%),75.0 - 75.6 (20.1%),74.1 - 76.0 (16.4%),25.2 - 29.4 (16.6%)
2015-03-04,78.54769543278479,80.38014323989947,78.10195998326031,80.13251495361328,28126700,23732995,18.51,76.86,76.68,76.06,57.04,62.75,78.5 - 79.0 (30.6%),75.0 - 75.6 (20.0%),74.1 - 76.0 (16.5%),25.2 - 29.4 (16.6%)
2015-03-05,80.45938969102718,81.21217427383532,80.28109701467454,80.4395751953125,27825700,24110410,15.41,77.14,76.76,76.08,57.15,63.74,78.6 - 79.2 (39.6%),75.0 - 75.6 (19.8%),74.1 - 76.0 (16.5%),25.2 - 29.4 (16.6%)
2015-03-06,80.13250971126168,80.55843063809036,79.07266101757382,79.2509536743164,24488600,24581710,-0.38,77.35,76.82,76.11,57.26,57.4,78.6 - 79.2 (39.0%),75.0 - 75.6 (19.8%),74.1 - 76.0 (16.6%),25.2 - 29.4 (16.5%)
2015-03-09,78.92409190111125,79.15191326168689,77.88405002063956,78.68637084960938,18925100,24467415,-22.65,77.6,76.87,76.15,57.37,54.62,78.6 - 79.2 (41.8%),75.0 - 75.6 (19.9%),74.1 - 76.0 (16.7%),25.2 - 29.4 (16.5%)
2015-03-10,77.75528504026805,78.50807717700452,76.81430053710938,76.81430053710938,23067100,24811055,-7.03,77.75,76.89,76.16,57.47,46.56,78.8 - 79.2 (25.8%),75.0 - 75.6 (19.9%),74.1 - 76.0 (16.6%),25.2 - 29.4 (16.5%)
2015-03-11,77.06192779994626,77.68594837774447,76.52704978025533,76.8341064453125,20215700,25031275,-19.24,77.87,76.89,76.17,57.57,46.65,78.8 - 79.2 (26.0%),75.0 - 75.6 (18.0%),74.1 - 76.0 (16.7%),25.2 - 29.4 (16.5%)
2015-03-12,77.35907799485234,78.30007005186522,77.17088562906244,78.18120574951172,16093300,24792070,-35.09,77.99,76.9,76.18,57.68,52.49,78.8 - 79.2 (28.1%),75.0 - 75.6 (18.2%),74.1 - 76.0 (16.8%),25.2 - 29.4 (16.5%)
2015-03-13,77.85434043990348,78.62693957075565,76.94307005771971,77.30956268310547,18557300,24858185,-25.35,78.08,76.92,76.18,57.79,48.77,78.0 - 78.4 (20.4%),75.0 - 75.6 (18.3%),74.1 - 76.0 (16.8%),25.2 - 29.4 (16.5%)
2015-03-16,77.22041152999957,77.37889727627318,76.62610509550615,77.3293685913086,19305400,24892360,-22.44,78.2,76.98,76.19,57.9,48.86,78.8 - 79.2 (19.2%),75.0 - 75.6 (18.4%),74.1 - 76.0 (17.0%),25.2 - 29.4 (16.5%)
2015-03-17,77.61661117684851,79.02313803867074,77.59679668188447,78.60712432861328,22170000,24738140,-10.38,78.38,77.03,76.2,58.01,54.35,78.8 - 79.2 (19.0%),75.0 - 75.6 (18.6%),74.1 - 76.0 (16.9%),25.2 - 29.4 (16.5%)
2015-03-18,78.49817002035637,80.46928914528162,78.41892715176242,80.14242553710938,36912400,25462440,44.97,78.59,77.07,76.22,58.12,59.92,80.0 - 80.4 (18.2%),75.0 - 75.6 (16.5%),74.1 - 76.0 (17.0%),25.2 - 29.4 (16.5%)
2015-03-19,80.35043205398492,82.21259411584215,80.23156775160498,81.9649658203125,42099500,25274855,66.57,78.76,77.12,76.27,58.24,65.32,80.0 - 80.5 (25.2%),74.9 - 75.6 (17.8%),74.0 - 76.0 (17.2%),25.8 - 30.1 (15.7%)
2015-03-20,82.59889086448317,83.79741086755308,82.28192695918382,83.0050048828125,44466300,25651585,73.35,78.95,77.16,76.31,58.36,67.98,78.6 - 79.2 (21.3%),75.2 - 76.0 (16.8%),73.5 - 75.6 (18.1%),26.4 - 30.8 (15.1%)
2015-03-23,83.12386448115492,84.15399909803773,82.50975114435147,83.6290283203125,27357300,25812495,5.98,79.23,77.22,76.35,58.48,69.49,79.8 - 80.5 (23.9%),74.7 - 75.6 (20.5%),74.8 - 77.0 (16.7%),26.4 - 30.8 (15.1%)
2015-03-24,83.90637260510861,85.25347116712773,83.718172678101,84.50067901611328,32576500,26496465,22.95,79.57,77.3,76.41,58.6,71.51,80.0 - 80.8 (23.1%),74.7 - 75.6 (20.3%),74.8 - 77.0 (16.7%),22.5 - 27.0 (13.7%)
2015-03-25,84.6888722352415,84.7086791726659,82.13334655761719,82.13334655761719,37436100,27088580,38.2,79.73,77.33,76.46,58.71,59.91,76.8 - 77.6 (19.7%),74.7 - 75.6 (19.9%),74.8 - 77.0 (16.8%),22.5 - 27.0 (13.7%)
2015-03-26,81.93523871894172,82.97527286202148,81.36073935018452,82.22248840332031,32794800,27172725,20.69,79.86,77.38,76.51,58.83,60.17,81.6 - 82.4 (27.0%),74.7 - 75.6 (19.5%),74.8 - 77.0 (16.8%),22.5 - 27.0 (13.7%)
2015-03-27,82.58900095019246,83.15359326115608,82.09374427190798,82.509765625,18372600,26554395,-30.81,80.08,77.45,76.56,58.94,61.05,81.6 - 82.4 (27.4%),74.7 - 75.6 (19.4%),74.8 - 77.0 (17.0%),22.5 - 27.0 (13.7%)
2015-03-30,83.014911613514,83.53988241771717,81.62819913336082,82.41069793701172,24527700,26697655,-8.13,80.25,77.53,76.6,59.05,60.55,81.6 - 82.4 (27.0%),74.7 - 75.6 (19.3%),74.8 - 77.0 (17.2%),22.5 - 27.0 (13.7%)
2015-03-31,82.11353638372991,82.70784272423757,81.43007993578777,81.43998718261719,19734300,26752620,-26.23,80.38,77.6,76.65,59.17,55.75,81.6 - 82.4 (27.2%),74.7 - 75.6 (19.2%),74.8 - 77.0 (17.2%),22.5 - 27.0 (13.7%)
2015-04-01,81.71733802599805,81.93525213652326,80.10280424976769,80.89521026611328,22058200,26449195,-16.6,80.42,77.67,76.69,59.28,53.2,81.9 - 82.6 (37.5%),74.7 - 75.6 (19.2%),74.8 - 77.0 (17.2%),22.5 - 27.0 (13.7%)
2015-04-02,81.46970372111663,81.77676036856833,80.66739051608975,80.78624725341797,19664100,26041115,-24.49,80.43,77.76,76.73,59.39,52.68,81.9 - 82.6 (37.1%),74.7 - 75.6 (19.0%),74.8 - 77.0 (17.3%),22.5 - 27.0 (13.6%)
2015-04-06,80.03346463558835,82.024390603469,80.03346463558835,81.65790557861328,19062900,25769830,-26.03,80.55,77.86,76.81,59.5,56.35,81.6 - 82.2 (24.7%),74.7 - 75.6 (19.3%),74.8 - 77.0 (17.8%),22.5 - 27.0 (13.6%)
2015-04-07,81.8659184145808,82.62861026209441,81.43999743149718,81.53904724121094,17467000,25696925,-32.03,80.7,77.93,76.89,59.62,55.71,82.0 - 82.4 (17.8%),74.7 - 75.6 (17.7%),74.8 - 77.0 (17.7%),22.5 - 27.0 (13.6%)
2015-04-08,81.84610591637913,82.31164834611586,81.0635995536113,81.49942779541016,18966700,25491905,-25.6,80.93,78.01,76.96,59.73,55.49,82.0 - 82.4 (18.6%),74.7 - 75.6 (16.3%),74.8 - 77.0 (17.9%),22.5 - 27.0 (13.6%)
2015-04-09,81.7173436001941,82.01450059972863,80.93483722130178,81.39047241210938,15927300,25277485,-36.99,81.16,78.1,77.03,59.85,54.83,81.2 - 81.6 (20.6%),74.7 - 75.6 (16.4%),74.8 - 77.0 (18.0%),22.5 - 27.0 (13.6%)
2015-04-10,81.43009656601873,81.82630339294505,81.1329471135865,81.26171112060547,12529700,25099305,-50.08,81.31,78.19,77.11,59.96,54.02,81.2 - 81.6 (26.6%),74.7 - 75.6 (16.5%),74.8 - 77.0 (18.2%),22.5 - 27.0 (13.6%)
2015-04-13,81.15273252156855,83.14366581977077,81.14282527534456,82.22248840332031,26883100,25515595,5.36,81.56,78.3,77.17,60.08,58.9,82.0 - 82.4 (30.5%),74.7 - 75.6 (16.4%),74.8 - 77.0 (18.5%),22.5 - 27.0 (13.6%)
2015-04-14,82.38097541843725,82.89604647927902,81.65790506362251,82.72765350341797,19634200,25532035,-23.1,81.83,78.46,77.22,60.2,61.23,82.2 - 82.4 (19.6%),74.7 - 75.6 (16.5%),74.8 - 77.0 (18.5%),22.5 - 27.0 (13.6%)
2015-04-15,82.75738139733303,82.86633845457173,81.48951814555693,81.92534637451172,22390900,25543080,-12.34,81.99,78.58,77.26,60.31,55.82,82.2 - 82.4 (20.6%),74.7 - 75.6 (14.9%),74.8 - 77.0 (18.6%),22.5 - 27.0 (13.6%)
2015-04-16,81.68762239238595,82.28192878337103,81.37065848005952,81.52913665771484,13769700,24385945,-43.53,82.06,78.68,77.29,60.43,53.31,81.4 - 81.6 (25.8%),74.7 - 75.6 (15.1%),74.8 - 77.0 (18.8%),22.5 - 27.0 (13.6%)
2015-04-17,80.70702040367308,81.33104101107448,79.60755012609718,80.01365661621094,24215000,23491720,3.08,81.96,78.75,77.3,60.54,44.99,81.3 - 81.6 (31.0%),74.7 - 75.6 (15.0%),74.8 - 77.0 (18.9%),22.5 - 27.0 (13.6%)
2015-04-20,80.76644405889759,82.3611708527501,80.46928708777617,82.3017349243164,28796800,22708245,26.81,81.93,78.84,77.32,60.66,56.13,81.3 - 81.6 (30.5%),81.9 - 82.8 (15.9%),74.8 - 77.0 (19.0%),22.5 - 27.0 (13.6%)
2015-04-21,83.20310584411419,83.68845517890712,82.74747069514308,82.82671356201172,27171900,22698975,19.71,81.89,78.93,77.34,60.78,58.22,81.3 - 81.6 (22.9%),81.9 - 82.8 (15.8%),74.8 - 77.0 (19.0%),22.5 - 27.0 (13.6%)
2015-04-22,83.5200688896499,83.93608260087852,82.85642688978298,83.8271255493164,45548000,23347550,95.09,81.86,79.05,77.38,60.91,61.94,81.2 - 81.6 (25.2%),81.9 - 82.8 (15.6%),74.8 - 77.0 (19.0%),22.5 - 27.0 (13.5%)
2015-04-23,83.30215110536527,84.7780135244662,81.62818908691406,81.62818908691406,73728100,25162150,193.01,81.83,79.16,77.43,61.03,51.15,81.6 - 82.0 (31.5%),81.9 - 82.8 (15.1%),74.8 - 77.0 (19.0%),22.5 - 27.0 (13.5%)
2015-04-24,81.98477261887867,82.15316560288335,80.70701726630142,80.75653839111328,29660400,25005430,18.62,81.76,79.25,77.49,61.15,47.62,81.6 - 82.0 (29.1%),81.9 - 82.8 (15.0%),74.8 - 77.0 (19.1%),22.5 - 27.0 (13.5%)
2015-04-27,81.09332076371244,82.14326236801247,80.85559214774486,81.13294219970703,25446000,25359100,0.34,81.69,79.31,77.55,61.27,49.25,81.6 - 82.0 (23.9%),81.9 - 82.8 (15.0%),74.8 - 77.0 (19.6%),22.5 - 27.0 (13.5%)
2015-04-28,81.05369586286012,81.12303148363267,79.46887627590472,79.91460418701172,23775300,25321480,-6.11,81.56,79.39,77.6,61.38,44.42,81.6 - 82.0 (23.5%),81.9 - 82.8 (14.9%),74.8 - 77.0 (19.5%),22.5 - 27.0 (13.5%)
2015-04-29,79.25095363522533,80.61785896490089,78.76559678504515,79.70658874511719,26430300,25656280,3.02,81.48,79.48,77.64,61.5,43.64,81.6 - 82.0 (23.1%),81.9 - 82.8 (15.2%),74.8 - 77.0 (19.7%),22.5 - 27.0 (13.5%)
2015-04-30,79.25095437912054,80.19193879101013,77.5769848402066,78.02271270751953,28999000,26003320,11.52,81.33,79.54,77.68,61.61,37.8,81.6 - 82.2 (22.4%),81.9 - 82.8 (15.5%),74.8 - 77.0 (19.8%),22.5 - 27.0 (13.5%)
2015-05-01,78.48825938943625,79.00333045607985,77.36898225760063,78.24063110351562,24136400,26226935,-7.97,81.21,79.59,77.71,61.73,38.94,81.6 - 82.2 (21.8%),81.9 - 82.8 (15.6%),74.8 - 77.0 (19.9%),22.5 - 27.0 (13.5%)
2015-05-04,78.57741085824848,78.93399620069003,77.88404711149407,78.06233978271484,14692000,26008390,-43.51,81.03,79.64,77.73,61.84,38.32,81.6 - 82.2 (22.4%),81.9 - 82.8 (15.9%),74.8 - 77.0 (20.2%),22.5 - 27.0 (13.5%)
2015-05-05,77.80481702729047,78.05244533411569,76.48743262129642,76.82420349121094,22311300,26250605,-15.01,80.79,79.7,77.75,61.96,34.26,81.2 - 81.9 (20.3%),81.9 - 82.8 (16.0%),74.8 - 77.0 (20.4%),22.5 - 27.0 (13.4%)
2015-05-06,77.23030584469768,78.06233320224624,76.31903562728306,77.35906982421875,28663000,26735420,7.21,80.58,79.76,77.78,62.07,37.35,81.2 - 81.9 (20.0%),81.9 - 82.8 (15.9%),74.8 - 77.0 (20.5%),22.5 - 27.0 (13.4%)
2015-05-07,77.26001507590922,78.19109972711996,76.82418693159532,77.6859359741211,19749400,26926525,-26.65,80.4,79.81,77.81,62.18,39.23,81.2 - 81.9 (16.6%),81.9 - 82.8 (15.8%),74.8 - 77.0 (20.6%),22.5 - 27.0 (13.4%)
2015-05-08,78.34957388671093,78.47834540843078,77.28972531824583,77.76517486572266,19943600,27297220,-26.94,80.22,79.84,77.85,62.29,39.7,77.7 - 78.4 (20.0%),81.9 - 82.8 (15.8%),74.8 - 77.0 (20.7%),22.5 - 27.0 (13.4%)
2015-05-11,77.73547033820078,78.28024800145874,77.1906851179277,77.26992797851562,18874100,26896770,-29.83,79.98,79.87,77.87,62.4,37.73,77.7 - 78.4 (20.5%),81.6 - 82.4 (17.7%),73.5 - 75.6 (22.5%),22.5 - 27.0 (13.4%)
2015-05-12,77.13127276849389,77.15107970924652,76.06151659945088,76.72515869140625,21285300,26979325,-21.11,79.68,79.9,77.9,62.52,35.63,77.7 - 78.4 (20.7%),81.6 - 82.4 (17.6%),73.5 - 75.6 (22.4%),22.5 - 27.0 (13.4%)
2015-05-13,76.98268350729371,77.78499674346865,76.91334788882199,77.69585418701172,21512300,26935395,-20.13,79.46,79.95,77.93,62.63,41.84,81.5 - 82.0 (18.5%),81.6 - 82.4 (17.6%),73.5 - 75.6 (22.5%),22.5 - 27.0 (13.4%)
2015-05-14,78.19111326536476,81.07350270492246,77.92367047340645,80.59806060791016,49438000,28718810,72.15,79.42,80.02,78.0,62.75,55.62,80.4 - 80.8 (21.1%),81.6 - 82.4 (17.3%),73.5 - 75.6 (22.5%),22.5 - 27.0 (13.4%)
2015-05-15,80.63768753591,80.74663704126034,79.41935290990759,79.65707397460938,27069900,28861555,-6.21,79.4,80.04,78.06,62.86,51.37,79.6 - 80.0 (20.8%),81.6 - 82.4 (17.2%),73.5 - 75.6 (22.5%),22.5 - 27.0 (13.4%)
2015-05-18,79.56792371388603,80.60795799450563,79.46887390959117,80.11270141601562,21613700,28502400,-24.17,79.29,80.06,78.12,62.98,53.23,79.6 - 80.0 (21.0%),81.6 - 82.4 (17.0%),74.0 - 76.0 (21.7%),22.5 - 27.0 (13.4%)
2015-05-19,80.47918735543489,80.91501552674298,79.78583122564024,79.86506652832031,17955400,28041575,-35.97,79.14,80.09,78.17,63.09,52.07,79.6 - 80.0 (19.7%),81.9 - 82.6 (14.1%),74.0 - 76.0 (21.6%),22.5 - 27.0 (13.6%)
2015-05-20,79.70659240240519,80.3306129508217,78.70617202988295,79.78583526611328,23056900,26917020,-14.34,78.94,80.12,78.21,63.21,51.67,79.6 - 80.0 (18.9%),81.6 - 82.2 (11.7%),74.0 - 76.0 (21.7%),22.5 - 27.0 (13.6%)
2015-05-21,79.4292420146869,80.1523122921165,79.3202849772088,79.71649169921875,13402700,23900750,-43.92,78.84,80.14,78.24,63.33,51.31,79.6 - 80.0 (23.7%),81.6 - 82.2 (12.0%),74.1 - 76.0 (21.5%),22.5 - 27.0 (13.5%)
2015-05-22,79.58773238983093,80.5386241344537,79.4886825833732,79.77593231201172,19567900,23396125,-16.36,78.8,80.14,78.26,63.44,51.63,79.6 - 80.0 (29.8%),81.6 - 82.2 (12.1%),74.1 - 76.0 (21.6%),22.5 - 27.0 (13.6%)
2015-05-26,79.6669707604732,79.83535617764731,78.32977955624084,78.57740783691406,16321300,22939890,-28.85,78.67,80.14,78.29,63.56,45.29,79.6 - 80.0 (31.7%),81.6 - 82.2 (12.3%),74.8 - 76.5 (17.2%),22.5 - 27.0 (13.7%)
2015-05-27,78.8448432628644,79.89479231445804,78.67645784524628,79.78583526611328,14160900,22459170,-36.95,78.66,80.16,78.34,63.67,51.72,79.6 - 80.0 (37.9%),81.6 - 82.2 (12.4%),74.8 - 76.5 (17.2%),22.5 - 27.0 (13.7%)
2015-05-28,79.48869062458326,80.30091121092761,79.2410623048805,79.38964080810547,11982000,21736755,-44.88,78.65,80.17,78.38,63.79,49.66,79.6 - 80.0 (38.9%),81.6 - 82.2 (12.5%),74.8 - 76.5 (17.3%),22.5 - 27.0 (13.7%)
2015-05-29,79.19152819055918,79.31039249639583,78.13167935715126,78.4387435913086,16134600,21093535,-23.51,78.67,80.14,78.41,63.9,45.02,79.6 - 80.0 (39.4%),81.6 - 82.2 (12.6%),74.8 - 76.5 (17.3%),22.5 - 27.0 (13.7%)
2015-06-01,78.54768403942997,79.61743233768729,77.9137563230499,79.52828979492188,18119000,20792665,-12.86,78.73,80.12,78.44,64.01,50.7,79.6 - 80.0 (39.5%),81.6 - 82.2 (12.7%),74.8 - 76.5 (17.5%),22.5 - 27.0 (13.8%)
2015-06-02,79.00333064124911,80.5782429160281,78.80522347783895,79.6768798828125,18923300,21004230,-9.91,78.81,80.13,78.48,64.13,51.44,79.5 - 79.8 (46.4%),79.2 - 79.8 (12.8%),74.8 - 76.5 (17.5%),22.5 - 27.0 (13.8%)
2015-06-03,80.57824232770366,81.7470481337353,80.47919252522956,81.65790557861328,31775000,21477415,47.95,79.05,80.18,78.52,64.25,60.02,79.5 - 79.8 (44.8%),81.6 - 82.2 (14.7%),74.8 - 76.5 (17.5%),22.5 - 27.0 (13.8%)
2015-06-04,81.36074136309539,82.16305451575155,80.7367208618089,81.27159881591797,20863900,21087460,-1.06,79.25,80.25,78.57,64.37,57.87,79.5 - 79.8 (49.6%),81.6 - 82.2 (14.8%),74.8 - 76.5 (17.5%),22.5 - 27.0 (13.8%)
2015-06-05,81.0933282783292,81.67772751011711,80.73674287835061,81.36076354980469,16143100,20907145,-22.79,79.43,80.33,78.61,64.48,58.25,79.5 - 79.8 (41.2%),81.6 - 82.2 (14.9%),74.8 - 76.5 (17.5%),22.5 - 27.0 (13.7%)
2015-06-08,81.04378523181201,81.22207790021506,79.36981559830649,79.90469360351562,16915500,20755740,-18.5,79.54,80.36,78.63,64.59,50.43,79.5 - 79.8 (42.0%),81.6 - 82.2 (14.9%),74.8 - 76.5 (17.7%),22.5 - 27.0 (13.4%)
2015-06-09,79.83535798563753,80.41976467090913,78.56750236900056,79.90469360351562,16497500,20636910,-20.06,79.67,80.4,78.66,64.71,50.43,79.5 - 79.8 (42.2%),81.6 - 82.2 (14.9%),74.8 - 76.5 (17.7%),22.5 - 27.0 (13.3%)
2015-06-10,80.0631850669779,81.8163901342987,80.04337057072787,81.38056945800781,21531200,20649205,4.27,79.9,80.47,78.72,64.82,57.18,79.5 - 79.8 (33.4%),81.6 - 82.2 (14.9%),74.8 - 76.5 (17.7%),22.5 - 27.0 (13.2%)
2015-06-11,81.52913010106265,82.11353675439406,80.58814568742913,81.0536880493164,18656800,20506430,-9.02,80.07,80.51,78.77,64.94,55.38,79.5 - 79.8 (27.5%),81.6 - 82.2 (14.9%),74.8 - 76.5 (17.8%),22.5 - 27.0 (13.2%)
2015-06-12,80.59806021189316,81.3112233539075,80.42966722788849,80.75653839111328,11417900,18605425,-38.63,80.08,80.52,78.8,65.05,53.73,79.5 - 79.8 (20.5%),81.6 - 82.2 (15.0%),74.8 - 76.5 (17.9%),22.5 - 27.0 (13.2%)
2015-06-15,79.78582726541286,80.1622194947596,79.3103776878565,79.94430541992188,18805100,18192185,3.37,80.09,80.49,78.8,65.16,49.38,79.8 - 80.1 (19.5%),81.6 - 82.2 (15.0%),74.8 - 76.5 (18.0%),22.5 - 27.0 (13.2%)
2015-06-16,80.05326409229596,80.73672051242463,79.68677154467346,80.29098510742188,13693700,17796185,-23.05,80.1,80.44,78.8,65.28,51.2,79.8 - 80.1 (19.7%),81.6 - 82.2 (15.1%),74.8 - 76.5 (18.0%),22.5 - 27.0 (13.2%)
2015-06-17,80.98436204577668,81.4399972148608,80.56834075485982,81.01407623291016,18350300,17815930,3.0,80.16,80.4,78.81,65.39,54.83,81.0 - 81.3 (21.4%),81.6 - 82.2 (15.3%),74.8 - 76.5 (18.0%),22.5 - 27.0 (13.2%)
2015-06-18,80.86548775212378,82.40078605852686,80.79615213837097,82.12344360351562,26782600,18002215,48.77,80.28,80.36,78.83,65.51,59.78,79.6 - 80.0 (25.0%),81.0 - 81.6 (14.9%),74.8 - 76.5 (18.0%),22.5 - 27.0 (13.2%)
2015-06-19,82.04421307846475,82.19279157513563,81.34094958837329,81.72724914550781,23353200,18499740,26.24,80.38,80.35,78.84,65.62,57.37,81.0 - 81.3 (19.8%),81.6 - 82.2 (16.2%),74.8 - 76.5 (18.1%),22.5 - 27.0 (13.2%)
2015-06-22,82.61869669692541,84.16389462862087,82.51963934683023,83.93607330322266,29383100,18990500,54.73,80.59,80.38,78.88,65.73,65.7,79.6 - 80.0 (23.5%),81.6 - 82.2 (16.2%),74.8 - 76.5 (18.2%),22.5 - 27.0 (13.2%)
2015-06-23,84.15399850645521,87.13544528148302,83.95589889410783,87.04629516601562,50667900,20707830,144.68,81.01,80.46,78.95,65.84,73.54,81.2 - 81.9 (33.9%),81.0 - 81.9 (25.0%),74.1 - 76.0 (22.9%),23.0 - 27.6 (15.9%)
2015-06-24,86.8283930712943,88.40330547422361,86.62037864353364,88.01700592041016,41370200,22068295,87.46,81.42,80.55,79.04,65.95,75.43,80.8 - 81.6 (27.7%),81.0 - 81.9 (24.9%),74.0 - 76.0 (23.2%),23.5 - 28.2 (16.2%)
2015-06-25,88.41319543890003,88.55186665895471,87.00666118875091,87.14533996582031,27302000,22834295,19.57,81.81,80.64,79.12,66.05,70.56,86.4 - 87.2 (22.2%),81.0 - 81.9 (25.0%),74.0 - 76.0 (23.3%),23.5 - 28.2 (16.2%)
2015-06-26,87.28402877645492,87.50193533973132,86.00626579957043,87.1750717163086,38214600,23938295,59.64,82.25,80.75,79.21,66.16,70.63,86.4 - 87.2 (31.2%),81.0 - 81.9 (24.7%),74.0 - 76.0 (23.3%),23.5 - 28.2 (16.2%)
2015-06-29,85.788351506546,86.6699076772158,84.91670258414669,84.98603820800781,35957900,24830240,44.81,82.52,80.82,79.29,66.26,59.47,86.4 - 87.2 (29.6%),81.0 - 81.9 (24.5%),74.0 - 76.0 (23.5%),23.5 - 28.2 (16.2%)
2015-06-30,85.77841874932379,85.87746853152461,84.75819163432884,84.95629119873047,23016500,25034900,-8.06,82.78,80.87,79.37,66.36,59.34,86.4 - 87.2 (29.2%),81.0 - 81.9 (23.1%),74.0 - 76.0 (23.4%),23.5 - 28.2 (16.2%)
2015-07-01,85.94682382923595,87.11562966386764,85.66948135271585,86.08550262451172,25260000,24709150,2.23,83.0,80.95,79.44,66.46,62.84,86.4 - 87.2 (28.9%),81.0 - 81.9 (23.1%),74.0 - 76.0 (23.4%),23.5 - 28.2 (16.2%)
2015-07-02,86.5708482221062,86.61046965375844,85.52089917586041,86.4618911743164,16908800,24511395,-31.02,83.26,81.03,79.52,66.56,63.95,86.4 - 87.2 (33.2%),81.0 - 81.9 (23.1%),74.0 - 76.0 (23.5%),23.5 - 28.2 (16.2%)
2015-07-06,85.66947240482185,87.35334914027183,85.57042261026947,86.71942138671875,24635900,24936035,-1.2,83.53,81.12,79.61,66.66,64.73,86.4 - 87.2 (39.9%),81.0 - 81.9 (21.8%),74.0 - 76.0 (23.6%),23.5 - 28.2 (16.2%)
2015-07-07,86.96705465811374,87.01657577973329,84.42143625079595,86.3925552368164,33059900,25743255,28.42,83.86,81.21,79.7,66.76,62.88,86.8 - 87.5 (28.0%),81.0 - 81.9 (20.4%),74.0 - 76.0 (23.5%),23.5 - 28.2 (16.2%)
2015-07-08,85.47138358292347,85.92701874087467,84.63934857843563,84.83745574951172,24399300,26138345,-6.65,84.1,81.25,79.77,66.86,54.81,87.0 - 87.6 (27.6%),81.0 - 81.9 (19.1%),74.0 - 76.0 (23.5%),23.5 - 28.2 (16.2%)
2015-07-09,85.90721172172098,86.76895335479236,84.83745566996079,85.06526947021484,23307400,26227155,-11.13,84.29,81.29,79.87,66.95,55.71,87.0 - 87.6 (27.9%),79.2 - 80.1 (18.9%),73.8 - 75.6 (23.0%),23.5 - 28.2 (16.2%)
2015-07-10,86.52132470729181,87.38307389387664,85.94682524956859,87.11563110351562,23245900,26456610,-12.14,84.59,81.38,79.98,67.06,62.85,86.8 - 87.2 (33.5%),79.2 - 80.1 (18.8%),73.8 - 75.6 (23.1%),23.5 - 28.2 (16.2%)
2015-07-13,87.8188978579616,89.36409592471244,87.58116926537265,89.24523162841797,29976700,27384550,9.47,85.01,81.5,80.09,67.17,68.52,86.8 - 87.2 (33.4%),81.0 - 82.0 (18.5%),73.8 - 75.6 (23.3%),24.0 - 28.8 (16.7%)
2015-07-14,89.60182271581546,89.93860113177486,88.79950944608407,88.8292236328125,26627800,27775685,-4.13,85.46,81.65,80.2,67.28,66.39,84.8 - 85.2 (27.1%),81.0 - 82.0 (18.4%),73.8 - 75.6 (23.2%),24.0 - 28.8 (16.7%)
2015-07-15,89.146183564622,90.12678946786848,88.57168412352182,88.90846252441406,30886600,28635330,7.86,85.89,81.76,80.3,67.39,66.6,84.8 - 85.2 (27.9%),79.0 - 80.0 (17.0%),73.8 - 75.6 (23.2%),24.0 - 28.8 (16.7%)
2015-07-16,89.42352123998295,89.99802065026032,88.91835744425525,89.98811340332031,21804100,28808020,-24.31,86.34,81.88,80.41,67.5,69.45,84.5 - 85.0 (22.1%),79.2 - 80.3 (20.7%),74.1 - 76.0 (23.6%),24.0 - 28.8 (16.7%)
2015-07-17,91.67199086204785,94.48504445200571,91.66208361503665,94.06903076171875,54001600,30168970,79.0,86.94,82.05,80.55,67.61,77.32,84.6 - 85.5 (27.1%),79.8 - 81.2 (17.6%),74.8 - 77.0 (23.6%),25.5 - 30.6 (16.0%)
2015-07-20,94.94067803533723,97.66458902911434,94.45532873786483,96.98114013671875,54860500,31744335,72.82,87.7,82.31,80.73,67.74,81.06,88.8 - 90.0 (26.5%),79.9 - 81.6 (19.8%),74.8 - 77.0 (23.7%),26.5 - 31.8 (13.6%)
2015-07-21,98.01127369383853,98.29852341571656,96.21844730099585,97.45658874511719,39453300,32247845,22.34,88.37,82.59,80.92,67.86,81.6,85.8 - 87.1 (23.3%),79.9 - 81.6 (19.7%),74.8 - 77.0 (23.6%),26.5 - 31.8 (13.6%)
2015-07-22,95.82225825882058,96.65429339288147,95.01003762346095,96.11941528320312,28299500,31129425,-9.09,88.83,82.84,81.07,67.98,75.17,96.2 - 97.5 (21.9%),79.9 - 81.6 (19.9%),74.8 - 77.0 (23.6%),26.5 - 31.8 (13.6%)
2015-07-23,96.0401608132955,96.52551017467079,93.9105558809115,94.53458404541016,29418800,30531855,-3.65,89.15,83.08,81.23,68.09,68.31,96.2 - 97.5 (21.2%),79.9 - 81.6 (20.4%),73.5 - 75.6 (25.1%),26.5 - 31.8 (13.6%)
2015-07-24,96.42645733590112,96.83257137032982,94.97040174048645,96.0302505493164,33444900,30839000,8.45,89.6,83.35,81.42,68.21,71.0,96.2 - 97.5 (19.8%),79.9 - 81.6 (18.5%),74.0 - 76.0 (24.1%),26.5 - 31.8 (13.5%)
2015-07-27,95.66377486005422,95.69348904947567,92.93986332684322,93.2766342163086,38585400,30857540,25.04,89.9,83.61,81.57,68.32,60.76,96.2 - 97.5 (19.2%),79.9 - 81.6 (16.8%),74.0 - 76.0 (22.1%),21.2 - 26.5 (13.3%)
2015-07-28,93.94025852948309,94.65342916872923,92.42477469959265,94.38599395751953,35236000,30821445,14.32,90.37,83.87,81.73,68.43,63.07,93.6 - 94.9 (24.0%),78.2 - 79.9 (15.4%),74.0 - 76.0 (22.0%),26.5 - 31.8 (13.3%)
2015-07-29,95.40622040991737,96.3571120683134,93.84120791594643,96.06986236572266,64648300,32903035,96.48,90.93,84.17,81.91,68.54,66.31,96.0 - 97.2 (34.0%),79.9 - 81.6 (14.8%),74.0 - 76.0 (21.4%),26.5 - 31.8 (13.3%)
2015-07-30,94.0096132637555,94.90106911544265,90.92911654741287,94.3067626953125,86211300,35950600,139.8,91.34,84.47,82.08,68.65,60.34,94.0 - 95.0 (34.3%),79.9 - 81.6 (14.3%),74.0 - 76.0 (21.3%),26.5 - 31.8 (13.3%)
2015-07-31,94.04921837481675,95.41613132640634,93.05870524793288,93.1181411743164,46509000,37430610,24.25,91.67,84.73,82.24,68.76,56.64,93.6 - 94.5 (28.3%),79.9 - 81.6 (14.1%),74.0 - 76.0 (21.2%),26.5 - 31.8 (13.3%)
2015-08-03,92.6426964512775,94.17799490200665,91.9196260623137,93.24691009521484,29343100,37665970,-22.1,92.0,84.99,82.4,68.87,56.95,93.6 - 94.5 (28.3%),79.9 - 81.6 (14.0%),74.0 - 76.0 (21.4%),26.5 - 31.8 (13.3%)
2015-08-04,92.90021313638998,93.83129775418435,92.44457807323924,93.16764831542969,20136000,37019775,-45.61,92.34,85.24,82.54,68.97,56.68,93.6 - 94.5 (28.6%),79.9 - 81.6 (14.0%),74.0 - 76.0 (21.4%),26.5 - 31.8 (13.4%)
2015-08-05,94.34637244608318,96.168912916362,94.27703683160551,95.52508544921875,29813200,37290470,-20.05,92.87,85.55,82.71,69.08,62.34,93.8 - 94.5 (28.7%),79.9 - 81.6 (14.0%),74.0 - 76.0 (21.4%),26.5 - 31.8 (13.3%)
2015-08-06,96.25808347310571,97.80328181372519,93.52426462991856,94.2176284790039,42271300,38238665,10.55,93.33,85.84,82.87,69.19,57.83,94.0 - 94.4 (34.4%),93.5 - 95.2 (14.0%),74.0 - 76.0 (21.3%),26.5 - 31.8 (13.3%)
2015-08-07,94.47513627765335,94.49495077148124,92.72193142464424,93.40538787841797,23199100,38236325,-39.33,93.64,86.1,83.02,69.29,55.16,94.0 - 94.4 (27.2%),93.5 - 95.2 (14.0%),74.0 - 76.0 (21.4%),26.5 - 31.8 (13.3%)
2015-08-10,94.77229693475587,94.9902110332925,92.7417419878634,93.2568130493164,21624200,37818700,-42.82,93.84,86.31,83.17,69.39,54.66,94.0 - 94.4 (28.8%),93.5 - 95.2 (14.0%),74.0 - 76.0 (21.5%),26.5 - 31.8 (13.3%)
2015-08-11,92.8408067283413,93.8610341280457,92.01867894832115,92.73184967041016,22491000,37611860,-40.2,94.04,86.53,83.29,69.49,52.85,94.2 - 94.5 (29.7%),92.8 - 94.4 (22.4%),74.0 - 76.0 (21.4%),26.5 - 31.8 (13.3%)
2015-08-12,91.82055500757107,93.5440531236255,90.32488577088844,93.29642486572266,27050500,37420055,-27.71,94.26,86.75,83.4,69.6,54.59,93.0 - 93.3 (33.3%),92.8 - 94.4 (23.9%),74.0 - 76.0 (21.4%),26.5 - 31.8 (13.3%)
2015-08-13,93.15776866524949,93.83131793761902,92.46440489712488,92.54364776611328,17451800,37202440,-53.09,94.39,86.96,83.52,69.7,51.84,94.0 - 94.4 (30.4%),92.8 - 94.4 (24.3%),74.0 - 76.0 (21.4%),26.5 - 31.8 (13.3%)
2015-08-14,92.65261251441412,93.82141847948006,92.32574132045968,93.52426147460938,15929700,35298845,-54.87,94.36,87.19,83.66,69.8,55.02,94.0 - 94.4 (31.5%),92.8 - 94.4 (25.4%),74.0 - 76.0 (21.5%),26.5 - 31.8 (13.3%)
2015-08-17,93.52425928883952,93.56388072569739,92.50403185005281,93.03890991210938,18313500,33471495,-45.29,94.16,87.41,83.77,69.9,53.15,94.0 - 94.4 (32.7%),92.8 - 94.4 (26.5%),74.0 - 76.0 (21.6%),26.5 - 31.8 (13.4%)
2015-08-18,93.18747236110973,94.94067718726612,93.14785093107598,94.26712799072266,22278800,32612770,-31.69,94.0,87.65,83.9,70.0,57.12,94.0 - 94.4 (30.9%),92.8 - 94.4 (27.7%),74.0 - 76.0 (21.5%),26.5 - 31.8 (13.5%)
2015-08-19,93.7322582395149,95.18831380361216,93.26672339908286,94.40580749511719,23251300,32360360,-28.15,93.92,87.92,84.03,70.1,57.56,94.2 - 94.5 (39.0%),92.8 - 94.4 (27.7%),74.0 - 76.0 (21.5%),26.5 - 31.8 (13.4%)
2015-08-20,92.65260703428383,93.87093405675671,89.60182451852042,89.70087432861328,44598200,33119330,34.66,93.68,88.08,84.12,70.18,41.92,93.0 - 93.6 (50.0%),92.8 - 94.4 (27.2%),74.0 - 76.0 (21.1%),26.5 - 31.8 (13.4%)
2015-08-21,86.68970135013839,88.33395668866734,84.79782529887123,85.2435531616211,62778700,34586020,81.51,93.14,88.18,84.17,70.26,32.82,93.0 - 94.0 (37.0%),92.8 - 94.4 (26.6%),74.0 - 76.0 (20.7%),26.5 - 31.8 (13.4%)
2015-08-24,76.29923861912532,81.31123352050781,71.31695790774836,81.31123352050781,83710700,36842285,127.21,92.54,88.23,84.18,70.32,27.21,92.4 - 93.8 (35.0%),92.8 - 94.4 (25.4%),74.0 - 76.0 (20.6%),26.5 - 31.8 (13.5%)
2015-08-25,86.12511707581328,86.83828776706352,82.21259307861328,82.21259307861328,52021200,37681545,38.05,91.93,88.27,84.2,70.39,30.16,92.4 - 93.8 (28.8%),92.8 - 94.4 (24.9%),74.0 - 76.0 (20.4%),26.5 - 31.8 (13.5%)
2015-08-26,85.13460459321752,86.63028160738085,82.47012928420347,86.36284637451172,45124300,36705345,22.94,91.44,88.39,84.26,70.47,41.84,92.3 - 93.6 (28.0%),92.8 - 94.4 (24.5%),74.0 - 76.0 (20.1%),26.5 - 31.8 (13.4%)
2015-08-27,88.25471035163764,89.20560196318554,86.3628343749059,88.87873840332031,42431400,34516350,22.93,91.17,88.51,84.34,70.55,47.56,92.3 - 93.6 (28.0%),92.8 - 94.4 (24.2%),74.0 - 76.0 (19.7%),26.5 - 31.8 (13.4%)
2015-08-28,89.02731418302184,90.61214117929794,88.93817163191429,90.14659881591797,33215900,33851695,-1.88,91.02,88.65,84.45,70.63,50.22,92.3 - 93.6 (23.1%),93.0 - 94.5 (25.1%),74.0 - 76.0 (19.7%),26.5 - 31.8 (13.4%)
2015-08-31,89.74050274183693,90.18623825743721,88.04672591939593,88.58160400390625,32850700,34027075,-3.46,90.79,88.77,84.55,70.71,47.05,92.3 - 93.6 (18.6%),93.0 - 94.5 (24.9%),74.0 - 76.0 (19.4%),26.5 - 31.8 (13.4%)
2015-09-01,86.0260583888315,88.54196248676824,85.67938032665842,86.40245819091797,36097400,34825145,3.65,90.45,88.88,84.62,70.79,42.98,80.6 - 81.9 (15.0%),93.0 - 94.5 (24.7%),74.0 - 76.0 (19.3%),26.5 - 31.8 (13.5%)
2015-09-02,87.96746783186919,89.03722381591797,86.79866204715265,89.03722381591797,27190500,34694010,-21.63,90.13,89.03,84.72,70.87,48.75,88.4 - 89.7 (18.4%),93.0 - 94.5 (24.8%),74.0 - 76.0 (19.3%),26.5 - 31.8 (13.4%)
2015-09-03,88.90845497431269,88.96788334006412,86.89771465822956,87.31372833251953,27048200,33932855,-20.29,89.78,89.13,84.8,70.95,45.51,88.4 - 89.7 (18.1%),93.0 - 94.5 (24.7%),74.0 - 76.0 (18.8%),26.5 - 31.8 (13.4%)
2015-09-04,86.37274982190044,87.55146297277406,85.87749321155235,87.42269897460938,27328700,34139335,-19.95,89.48,89.24,84.87,71.04,45.75,88.4 - 89.7 (17.7%),93.0 - 94.5 (24.6%),74.0 - 76.0 (18.4%),26.5 - 31.8 (13.4%)
2015-09-08,88.83913454882759,89.38391229437946,87.98729256136629,88.68064880371094,27012500,34408750,-21.5,89.26,89.37,84.95,71.12,48.63,88.4 - 89.7 (22.9%),93.0 - 94.5 (24.7%),74.0 - 76.0 (18.1%),26.5 - 31.8 (13.5%)
2015-09-09,89.91879450903583,91.10741498135762,89.314580802601,89.58202362060547,32551100,34911755,-6.76,89.1,89.53,85.01,71.21,50.66,88.2 - 89.1 (22.6%),93.0 - 94.5 (24.5%),74.0 - 76.0 (18.1%),26.5 - 31.8 (13.5%)
2015-09-10,89.21553026535439,91.18664956417375,88.77970200665435,91.10741424560547,26437400,34881100,-24.21,88.99,89.71,85.08,71.3,53.96,88.0 - 89.0 (18.4%),93.0 - 94.5 (24.4%),74.0 - 76.0 (17.7%),26.5 - 31.8 (13.5%)
2015-09-11,90.81024235258438,91.20644910853503,90.26545711852535,91.1767349243164,21185000,35067760,-39.59,88.92,89.88,85.14,71.38,54.11,88.0 - 89.0 (19.9%),93.0 - 94.5 (24.3%),74.0 - 76.0 (17.7%),26.0 - 31.2 (15.0%)
2015-09-14,91.43427276611328,91.7413370025676,90.73100928793848,91.43427276611328,20127900,35277670,-42.94,88.82,90.04,85.2,71.47,54.7,88.2 - 89.1 (28.7%),93.8 - 95.2 (14.1%),74.0 - 76.0 (17.8%),26.0 - 31.2 (15.1%)
2015-09-15,91.49369839096326,92.36534720437719,90.91919897536496,92.01866912841797,18859400,35304965,-46.58,88.76,90.21,85.28,71.55,56.09,88.8 - 89.4 (16.7%),93.8 - 95.2 (14.1%),74.0 - 76.0 (17.8%),26.0 - 31.2 (15.1%)
2015-09-16,92.01866079038797,92.71201687947975,91.75121804387071,92.56343841552734,16321200,35007085,-53.38,88.68,90.35,85.37,71.63,57.39,88.8 - 89.4 (17.9%),92.3 - 93.6 (14.3%),74.0 - 76.0 (17.9%),26.0 - 31.2 (15.1%)
2015-09-17,92.48423101459856,94.60392890579939,92.0186885470608,93.44502258300781,27841800,35236610,-20.99,88.63,90.46,85.46,71.72,59.49,91.0 - 91.7 (18.1%),92.3 - 93.6 (15.6%),74.0 - 76.0 (17.4%),26.0 - 31.2 (15.1%)
2015-09-18,92.31581249358811,94.28693888826133,92.16724158289674,93.50443267822266,62300000,36121700,72.47,88.82,90.55,85.55,71.8,59.64,93.1 - 93.8 (22.4%),92.3 - 93.6 (18.3%),74.0 - 76.0 (16.9%),26.0 - 31.2 (15.1%)
2015-09-21,93.72235429387352,95.574608994925,93.62329693609323,94.6435317993164,28790000,34422265,-16.36,89.29,90.68,85.66,71.89,62.41,92.8 - 93.6 (22.6%),92.3 - 93.6 (18.3%),74.0 - 76.0 (17.1%),26.0 - 31.2 (15.2%)
2015-09-22,92.88039995850792,93.78177040882537,91.04795243424216,92.07808685302734,36888900,32081175,14.99,89.83,90.76,85.75,71.98,53.51,93.1 - 93.8 (22.5%),92.3 - 93.6 (18.4%),74.0 - 76.0 (17.0%),26.0 - 31.2 (15.2%)
2015-09-23,92.51393711954157,93.42520747673012,91.9196306934193,93.07852935791016,21701400,30565185,-29.0,90.37,90.89,85.86,72.06,56.13,93.1 - 93.8 (22.9%),92.3 - 93.6 (19.6%),74.0 - 76.0 (17.0%),26.0 - 31.2 (15.2%)
2015-09-24,92.17715208195814,93.87092867560355,91.36493159453141,93.51435089111328,29106000,29764270,-2.21,90.73,91.03,85.95,72.15,57.27,93.1 - 93.8 (30.1%),92.3 - 93.6 (21.0%),74.0 - 76.0 (17.0%),26.0 - 31.2 (15.2%)
2015-09-25,94.88126986262318,94.94069824234573,91.18665193053023,91.8899154663086,28961600,29090780,-0.44,90.88,91.13,86.04,72.24,51.89,93.0 - 93.6 (35.4%),92.3 - 93.6 (21.1%),74.0 - 76.0 (17.0%),26.0 - 31.2 (15.2%)
2015-09-28,91.20644558959509,91.41445242811538,87.3434430928961,88.3636703491211,41199900,29489980,39.71,90.79,91.16,86.1,72.33,42.55,93.0 - 93.6 (32.1%),92.3 - 93.6 (21.0%),74.0 - 76.0 (17.1%),26.0 - 31.2 (15.2%)
2015-09-29,88.25471788585097,89.20560957857549,84.90678624540324,85.84777069091797,42281800,29961535,41.12,90.66,91.15,86.13,72.4,37.37,92.7 - 93.6 (31.0%),92.3 - 93.6 (20.9%),74.0 - 76.0 (17.0%),26.0 - 31.2 (15.2%)
2015-09-30,87.60098609583886,89.16599114186242,87.17506513569566,89.04713439941406,36169100,29965120,20.7,90.79,91.19,86.2,72.49,46.31,92.7 - 93.6 (30.8%),92.3 - 93.6 (20.7%),74.0 - 76.0 (17.0%),26.0 - 31.2 (15.2%)
2015-10-01,89.19571761817839,90.08717346191406,87.5217478743788,90.08717346191406,29283700,30069780,-2.61,90.84,91.28,86.27,72.57,48.86,92.7 - 93.6 (30.6%),92.3 - 93.6 (20.6%),74.0 - 76.0 (17.0%),26.0 - 31.2 (15.2%)
2015-10-02,88.05663085201462,91.32532009535274,87.53166003019774,91.1965560913086,37881700,30611455,23.75,91.03,91.38,86.34,72.66,51.51,92.7 - 93.6 (29.5%),92.3 - 93.6 (20.3%),74.0 - 76.0 (16.3%),26.0 - 31.2 (15.2%)
2015-10-05,92.05829243083129,93.37566914625509,91.78094996442627,93.1181411743164,27292500,30609645,-10.84,91.32,91.48,86.43,72.75,55.79,92.7 - 93.6 (34.7%),92.3 - 93.6 (21.5%),74.0 - 76.0 (16.4%),26.0 - 31.2 (15.2%)
2015-10-06,93.18747223046066,93.27661478015028,91.46397403297706,91.91961669921875,22172800,30367660,-26.99,91.48,91.53,86.52,72.85,52.67,92.7 - 93.6 (34.5%),92.3 - 93.6 (21.6%),74.0 - 76.0 (16.3%),26.0 - 31.2 (15.2%)
2015-10-07,92.2266934024543,92.7714787369229,90.50320238697945,91.52342987060547,24129300,29946570,-19.43,91.58,91.57,86.61,72.94,51.64,92.7 - 93.6 (33.9%),92.3 - 93.6 (21.6%),74.0 - 76.0 (16.3%),26.0 - 31.2 (15.2%)
2015-10-08,91.0182511189212,92.33563539851231,89.611724284794,91.5927505493164,27290500,29989225,-9.0,91.6,91.62,86.69,73.03,51.82,92.7 - 93.6 (28.3%),92.3 - 93.6 (21.6%),74.0 - 76.0 (16.0%),26.0 - 31.2 (15.2%)
2015-10-09,92.01867501135852,92.85070244685384,91.36493269174154,92.3554458618164,20012900,29930620,-33.14,91.66,91.66,86.77,73.13,53.82,91.8 - 92.7 (23.8%),92.3 - 93.6 (22.5%),74.0 - 76.0 (16.0%),26.0 - 31.2 (15.2%)
2015-10-12,92.43469123861826,93.70254692161261,91.79085614918694,93.36577606201172,18449600,29846705,-38.19,91.76,91.64,86.85,73.22,56.41,91.2 - 92.0 (23.2%),92.3 - 93.6 (23.5%),74.0 - 76.0 (15.7%),26.0 - 31.2 (15.2%)
2015-10-13,92.77145384212412,94.4652302133865,92.66249680446853,93.22708892822266,19480300,29877750,-34.8,91.82,91.58,86.94,73.32,55.95,92.8 - 93.6 (27.3%),92.3 - 93.6 (24.5%),74.0 - 76.0 (15.6%),26.0 - 31.2 (15.2%)
2015-10-14,93.18747377523286,94.29684360495206,92.72193141154062,93.17756652832031,19253400,30024360,-35.87,91.85,91.51,87.05,73.41,55.77,92.8 - 93.6 (26.9%),92.3 - 93.6 (25.5%),74.0 - 76.0 (15.7%),26.0 - 31.2 (15.2%)
2015-10-15,94.08883791790845,95.38641522684806,93.99969536564583,95.04963684082031,27557500,30010145,-8.17,91.93,91.49,87.16,73.51,60.79,90.9 - 91.8 (21.2%),92.3 - 93.6 (25.5%),74.0 - 76.0 (15.8%),26.0 - 31.2 (15.2%)
2015-10-16,95.26754851572814,96.66416803150513,94.44542084409939,96.6146469116211,25412900,28165790,-9.77,92.08,91.53,87.3,73.62,64.43,91.3 - 92.4 (22.4%),92.3 - 93.6 (25.8%),74.0 - 76.0 (15.8%),26.0 - 31.2 (15.2%)
2015-10-19,96.25806481161145,97.63487743680912,96.0005292857642,97.53582763671875,23729900,27912785,-14.99,92.23,91.55,87.45,73.73,66.41,91.2 - 92.4 (23.4%),92.4 - 93.8 (25.2%),74.1 - 76.0 (14.6%),26.0 - 31.2 (15.3%)
2015-10-20,97.79336397742046,98.64519831090782,95.64394475677118,96.07977294921875,30881800,27612430,11.84,92.43,91.6,87.6,73.83,60.67,92.8 - 93.6 (21.7%),92.4 - 93.8 (25.4%),74.1 - 76.0 (14.6%),26.0 - 31.2 (15.3%)
2015-10-21,96.44626385605531,97.24857705370627,95.55480054921242,96.18872833251953,21917800,27623250,-20.65,92.58,91.63,87.75,73.94,60.94,91.0 - 91.7 (23.8%),92.4 - 93.8 (25.4%),74.1 - 76.0 (14.6%),26.0 - 31.2 (15.3%)
2015-10-22,96.86227957057791,98.7838774546951,96.62455853612505,98.72444152832031,26392100,27487555,-3.99,92.85,91.67,87.92,74.05,66.71,92.8 - 93.6 (22.7%),93.0 - 94.5 (32.9%),74.0 - 76.0 (15.0%),26.5 - 31.8 (13.7%)
2015-10-23,100.94319282171399,101.87426998931876,99.2097949109093,101.22053527832031,42809700,28179960,51.92,93.31,91.79,88.13,74.17,71.22,93.0 - 94.0 (22.4%),91.8 - 93.5 (26.3%),79.2 - 81.4 (15.4%),22.0 - 27.5 (16.2%)
2015-10-26,101.23044753350267,102.82517441395102,100.58661998947171,102.78555297851562,25961200,27418025,-5.31,94.03,91.95,88.34,74.28,73.63,91.3 - 92.4 (24.9%),91.8 - 93.6 (29.8%),73.6 - 75.9 (16.0%),22.4 - 28.0 (17.3%)
2015-10-27,101.9634400145784,103.11243149596282,101.42856193363478,102.71622467041016,23795500,26493710,-10.18,94.88,92.11,88.55,74.4,73.33,95.7 - 96.8 (20.7%),91.8 - 93.6 (30.0%),73.6 - 75.9 (15.9%),22.4 - 28.0 (17.4%)
2015-10-28,102.91433734916001,103.48883689899327,101.94363095264805,103.21148681640625,24081500,25889330,-6.98,95.58,92.27,88.76,74.52,74.13,96.0 - 97.2 (20.7%),91.8 - 93.6 (30.6%),79.2 - 81.6 (15.1%),22.4 - 28.0 (17.4%)
2015-10-29,102.97375466489673,104.12275364108346,102.53792642468572,103.88502502441406,20316700,25440980,-20.14,96.27,92.41,88.98,74.64,75.21,96.0 - 97.2 (21.1%),93.1 - 95.0 (26.1%),79.2 - 81.6 (14.1%),22.8 - 28.5 (18.1%)
2015-10-30,103.51852875472413,103.72653560402178,100.68566061416774,101.00262451171875,33487100,25221250,32.77,96.76,92.53,89.18,74.75,63.08,95.7 - 96.8 (20.4%),93.1 - 95.0 (23.9%),79.2 - 81.6 (14.3%),22.8 - 28.5 (18.1%)
2015-11-02,100.755005521935,102.48840364961316,100.22012747855239,102.32991790771484,24003900,25056820,-4.2,97.23,92.68,89.39,74.86,65.82,102.3 - 103.4 (25.1%),93.1 - 95.0 (22.4%),79.2 - 81.6 (14.5%),22.8 - 28.5 (18.1%)
2015-11-03,102.24075450657813,102.66667540484694,101.42853413743927,101.60682678222656,21242300,25010295,-15.07,97.71,92.82,89.56,74.97,63.08,102.3 - 103.4 (25.0%),93.1 - 95.0 (21.3%),79.2 - 81.6 (14.5%),22.8 - 28.5 (18.1%)
2015-11-04,102.21105646744664,103.15204095648006,101.50779302333463,102.95394134521484,43469300,25977295,67.34,98.28,92.99,89.76,75.09,65.92,102.6 - 103.5 (28.3%),93.1 - 95.0 (21.2%),79.2 - 81.6 (14.4%),22.8 - 28.5 (18.1%)
2015-11-05,107.7678395135768,109.60028742779791,106.92589724537984,107.72821807861328,63232900,27774415,127.67,99.09,93.23,89.99,75.21,73.67,102.0 - 103.2 (26.0%),92.4 - 94.6 (22.3%),72.9 - 75.6 (14.5%),23.6 - 29.5 (18.3%)
2015-11-06,107.01505400308326,107.70841026542448,104.90526347023088,106.08396911621094,35084300,28527985,22.98,99.77,93.45,90.21,75.33,67.94,102.0 - 103.2 (25.5%),92.4 - 94.6 (20.9%),75.6 - 78.3 (14.2%),23.6 - 29.5 (18.3%)
2015-11-09,105.98492311534643,107.22306474052571,104.85573855774427,105.4797592163086,26383500,28924680,-8.79,100.38,93.65,90.42,75.44,65.91,102.0 - 103.2 (25.3%),92.4 - 94.6 (19.8%),75.6 - 78.3 (14.2%),23.6 - 29.5 (18.3%)
2015-11-10,104.95477109368416,107.12399728204191,104.24160042589445,106.88627624511719,25031700,29202250,-14.28,101.06,93.88,90.65,75.55,68.29,102.0 - 103.2 (25.6%),92.4 - 94.6 (18.6%),75.6 - 78.3 (14.2%),23.6 - 29.5 (18.3%)
2015-11-11,107.24286771029246,108.82769497745,106.09387625432137,107.9758529663086,25057100,29492435,-15.04,101.8,94.11,90.88,75.67,70.03,102.6 - 103.5 (25.5%),88.0 - 90.2 (17.6%),75.6 - 78.3 (14.2%),23.6 - 29.5 (18.3%)
2015-11-12,107.45087434671467,108.35223742139604,106.97542468967356,106.99523162841797,20924700,29160795,-28.24,102.4,94.32,91.12,75.78,66.49,100.8 - 101.5 (16.8%),88.0 - 90.2 (17.6%),75.6 - 78.3 (14.2%),23.6 - 29.5 (18.3%)
2015-11-13,106.68816814850916,107.2230461446639,102.8449799310089,102.96383666992188,30278400,29404070,2.97,102.72,94.54,91.31,75.88,54.34,102.9 - 103.6 (22.1%),88.0 - 90.2 (17.5%),75.6 - 78.3 (14.2%),23.6 - 29.5 (18.3%)
2015-11-16,102.33983821766958,103.18177304716781,99.51687670369691,103.05300903320312,49309200,30683035,60.71,102.99,94.84,91.51,75.98,54.54,102.9 - 103.6 (31.6%),88.0 - 90.2 (17.2%),75.6 - 78.3 (14.1%),22.8 - 28.5 (18.3%)
2015-11-17,103.62750357305445,105.19250883475898,103.15205386668997,104.13265991210938,26807200,30479305,-12.05,103.4,95.22,91.72,76.08,56.97,102.9 - 103.6 (31.4%),88.0 - 90.2 (17.2%),75.6 - 78.3 (14.1%),22.8 - 28.5 (18.0%)
2015-11-18,104.79629971161226,106.85656142681239,104.39018567174543,106.74760437011719,23836500,30575240,-22.04,103.92,95.63,91.95,76.18,62.24,102.9 - 103.6 (26.3%),88.0 - 90.2 (17.2%),75.6 - 78.3 (14.1%),22.8 - 28.5 (18.0%)
2015-11-19,106.34150090708768,106.70799352247133,104.94487362634283,105.25193786621094,25520600,30531665,-16.41,104.25,95.94,92.16,76.28,57.87,102.9 - 103.6 (26.0%),88.0 - 90.2 (15.1%),75.6 - 78.3 (14.1%),22.8 - 28.5 (18.0%)
2015-11-20,105.82642261052696,106.84665751537477,105.60851606275995,106.30187225341797,22129600,29497660,-24.98,104.5,96.23,92.37,76.39,59.99,102.6 - 103.2 (26.6%),88.0 - 90.2 (15.4%),75.6 - 78.3 (14.1%),22.8 - 28.5 (18.0%)
2015-11-23,106.17312291988074,106.45046543443058,105.0736525536176,105.93539428710938,19897200,29194460,-31.85,104.66,96.5,92.57,76.49,58.88,102.6 - 103.2 (26.9%),88.2 - 90.3 (15.9%),75.6 - 78.3 (14.1%),22.8 - 28.5 (17.7%)
2015-11-24,104.99441302327716,105.47976243921245,103.39968595675847,104.73687744140625,23577300,29183550,-19.21,104.76,96.76,92.77,76.6,55.26,107.5 - 108.0 (19.2%),91.8 - 93.6 (19.8%),75.6 - 78.3 (14.1%),22.8 - 28.5 (17.6%)
2015-11-25,105.32127402404413,105.58870927223637,104.10293942068421,104.41000366210938,15150800,28737015,-47.28,104.82,97.07,92.97,76.7,54.28,107.5 - 108.0 (20.4%),91.8 - 93.6 (20.1%),75.6 - 78.3 (14.1%),22.8 - 28.5 (17.6%)
2015-11-27,104.77648665308557,104.95477933403134,103.86521630914766,104.44961547851562,5913100,28016835,-78.89,104.85,97.32,93.18,76.81,54.39,106.5 - 107.0 (20.5%),91.8 - 93.6 (20.9%),78.3 - 81.0 (14.1%),22.8 - 28.5 (17.3%)
2015-11-30,104.8359183147903,105.09345387467931,102.76574925830413,103.2510986328125,20383200,27361640,-25.5,104.96,97.59,93.36,76.91,50.59,106.5 - 107.0 (20.9%),91.8 - 93.6 (21.0%),78.3 - 81.0 (14.1%),22.8 - 28.5 (16.8%)
2015-12-01,103.83550639178348,106.13349684235212,103.50863520377185,106.1037826538086,22781900,27300540,-16.55,105.15,97.9,93.57,77.02,58.1,103.0 - 103.5 (21.0%),91.8 - 93.6 (21.2%),78.3 - 81.0 (14.0%),22.8 - 28.5 (16.5%)
2015-12-02,105.98492124647922,106.8961916528584,104.78640108128158,105.0637435913086,24429100,27459880,-11.04,105.33,98.17,93.77,77.11,54.83,102.8 - 103.2 (24.0%),91.8 - 93.6 (21.2%),78.3 - 81.0 (14.1%),22.8 - 28.5 (16.5%)
2015-12-03,105.26184771679125,105.83634725894328,102.36955062163665,103.38977813720703,23236500,26448240,-12.14,105.35,98.4,93.97,77.21,49.95,102.8 - 103.2 (23.9%),91.8 - 93.6 (21.3%),78.3 - 81.0 (14.0%),22.8 - 28.5 (16.4%)
2015-12-04,103.81568554756706,106.70798982023962,103.1223293338877,105.17269134521484,21224700,24347830,-12.83,105.22,98.64,94.17,77.31,54.58,102.8 - 103.2 (15.2%),91.8 - 93.6 (21.3%),78.3 - 81.0 (14.0%),22.8 - 28.5 (16.1%)
2015-12-07,105.46984241356455,105.81652050096842,103.66710880204887,104.60809326171875,15474900,23367360,-33.78,105.15,98.86,94.37,77.41,52.91,105.0 - 105.3 (24.5%),91.8 - 93.6 (21.1%),78.3 - 81.0 (14.1%),22.8 - 28.5 (15.7%)
2015-12-08,103.01338321491616,105.89578054570157,102.96385452710228,105.4797592163086,20401800,23068275,-11.56,105.15,99.09,94.57,77.51,55.19,105.0 - 105.3 (25.1%),91.8 - 93.6 (21.2%),78.3 - 81.0 (14.0%),22.8 - 28.5 (15.6%)
2015-12-09,105.17268623066452,105.43022176479974,102.5676393750774,103.60767364501953,23517300,22992555,2.28,104.98,99.29,94.75,77.61,49.63,105.0 - 105.3 (25.1%),91.8 - 93.6 (21.3%),78.3 - 81.0 (14.0%),22.8 - 28.5 (15.5%)
2015-12-10,104.05340633929866,105.39059754067297,103.41947854669135,104.41989135742188,17454300,22612415,-22.81,104.8,99.49,94.92,77.71,51.9,104.4 - 104.7 (19.6%),91.8 - 93.6 (21.4%),78.3 - 81.0 (14.1%),22.8 - 28.5 (15.5%)
2015-12-11,103.16193970180363,103.35013204989053,100.9431924990305,101.15119934082031,26427700,22887565,15.47,104.51,99.61,95.04,77.8,43.44,105.0 - 105.5 (23.6%),91.8 - 93.6 (21.4%),78.3 - 81.0 (14.1%),22.8 - 28.5 (15.4%)
2015-12-14,101.31960272987793,103.74635720503241,100.49747490668064,103.66712188720703,24648100,22606050,9.03,104.55,99.78,95.17,77.9,50.17,105.0 - 105.5 (23.2%),91.8 - 93.6 (21.3%),78.3 - 81.0 (14.2%),22.8 - 28.5 (14.9%)
2015-12-15,104.30105146431586,104.79630810458893,103.29072368622948,103.55816650390625,21764300,21228805,2.52,104.57,99.93,95.3,78.0,49.89,103.5 - 104.0 (24.7%),102.6 - 104.4 (20.6%),78.3 - 81.0 (14.1%),22.8 - 28.5 (14.7%)
2015-12-16,104.3703668438963,106.07404300802976,103.20156109731867,105.77689361572266,22680500,21022470,7.89,104.65,100.16,95.46,78.1,55.3,103.5 - 104.0 (24.1%),102.6 - 104.4 (20.6%),78.3 - 81.0 (14.1%),22.8 - 28.5 (14.6%)
2015-12-17,106.47025147915981,106.72778700227575,105.12315305257451,105.2123031616211,21675700,20914430,3.64,104.58,100.36,95.63,78.2,53.72,105.0 - 105.5 (28.1%),102.6 - 104.4 (20.6%),78.3 - 81.0 (14.1%),22.8 - 28.5 (14.6%)
2015-12-18,105.07365715820912,105.5788135216978,102.9836734015272,103.05300903320312,35994200,21438110,67.9,104.47,100.52,95.78,78.3,48.03,105.0 - 105.5 (25.6%),102.6 - 104.4 (23.1%),78.3 - 81.0 (14.1%),22.8 - 28.5 (14.5%)
2015-12-21,103.91473316907276,104.1524541976134,102.61715586654647,103.77605438232422,16138800,21138570,-23.65,104.34,100.72,95.93,78.41,49.94,105.0 - 105.5 (26.0%),102.6 - 104.4 (24.2%),78.3 - 81.0 (13.6%),22.8 - 28.5 (14.1%)
2015-12-22,104.22180633930645,104.65763459158784,103.81569227567763,104.5090560913086,14597100,20873565,-30.07,104.27,100.99,96.08,78.51,51.87,105.0 - 105.5 (26.6%),102.6 - 104.4 (24.5%),78.3 - 81.0 (13.6%),22.8 - 28.5 (13.9%)
2015-12-23,104.88543884543981,105.10335295171032,102.87469832178773,103.63739013671875,19599700,20674685,-5.2,104.21,101.28,96.22,78.62,49.43,103.5 - 104.0 (32.5%),102.6 - 104.4 (25.7%),91.8 - 94.5 (13.4%),22.8 - 28.5 (13.9%)
2015-12-24,103.74635440197734,104.32085389353414,103.50863334089105,104.02369689941406,6501800,20242235,-67.88,104.2,101.53,96.36,78.71,50.54,103.5 - 104.0 (34.3%),102.6 - 104.4 (26.5%),91.8 - 94.5 (13.4%),22.8 - 28.5 (13.9%)
2015-12-28,104.02370100703027,104.97460040295645,103.53835161735086,104.9250717163086,13069700,20600065,-36.56,104.22,101.78,96.53,78.8,53.13,103.5 - 104.0 (37.1%),102.6 - 104.4 (27.4%),91.8 - 94.5 (13.4%),22.8 - 28.5 (13.6%)
2015-12-29,105.41041188997744,106.71788899879277,105.24202646132314,106.24244689941406,17179900,20439900,-15.95,104.37,102.03,96.71,78.89,56.7,103.5 - 104.0 (37.6%),102.4 - 104.0 (25.7%),91.8 - 94.5 (13.4%),22.8 - 28.5 (13.5%)
2015-12-30,105.98490217395364,106.232530450061,105.05381743754505,105.2123031616211,13115000,19956555,-34.28,104.32,102.23,96.86,78.98,53.28,103.5 - 104.0 (30.3%),102.0 - 103.5 (19.5%),91.8 - 94.5 (13.4%),22.8 - 28.5 (13.5%)
2015-12-31,104.99440603423415,105.16279147551076,103.6275004497861,103.66712188720703,18391100,19654655,-6.43,104.25,102.43,96.98,79.07,48.56,103.5 - 104.0 (37.0%),102.2 - 103.6 (21.1%),91.8 - 94.5 (13.4%),22.8 - 28.5 (13.5%)
2016-01-04,100.98281660642685,101.27006633810916,98.80369061320269,101.25025939941406,37912400,20388450,85.95,104.15,102.59,97.08,79.15,42.25,103.5 - 104.0 (29.3%),102.2 - 103.6 (21.4%),91.8 - 94.5 (13.4%),22.8 - 28.5 (13.0%)
2016-01-05,101.91388739952525,102.72610780055257,100.70546026596915,101.75540924072266,23258200,20490125,13.51,103.98,102.76,97.19,79.23,43.89,103.5 - 104.0 (20.8%),102.2 - 103.6 (21.4%),91.8 - 94.5 (13.3%),22.8 - 28.5 (12.8%)
2016-01-06,100.17059303241267,102.78554716717464,99.9427792378095,101.9931411743164,25096200,20971190,19.67,103.85,102.92,97.29,79.31,44.68,103.5 - 104.0 (20.6%),102.2 - 103.6 (21.4%),91.8 - 94.5 (13.4%),22.8 - 28.5 (12.8%)
2016-01-07,99.54656875921827,100.4677462649424,96.37692979168116,96.99104309082031,45172900,22209745,103.39,103.42,102.98,97.31,79.38,33.81,103.5 - 104.4 (21.2%),102.7 - 104.0 (27.6%),91.8 - 94.5 (13.3%),22.8 - 28.5 (12.7%)
2016-01-08,98.93243506890853,99.54655584539537,96.10947454887484,96.40663146972656,35402300,22803995,55.25,103.06,103.04,97.31,79.45,32.8,101.0 - 102.0 (30.2%),104.4 - 105.6 (16.8%),91.8 - 94.5 (13.3%),22.8 - 28.5 (12.8%)
2016-01-11,96.98112949390872,97.66457831130194,94.48503255251605,96.58492279052734,29932400,23427900,27.76,102.67,103.09,97.3,79.51,33.45,96.0 - 97.0 (36.9%),104.4 - 105.6 (16.7%),91.8 - 94.5 (13.3%),22.8 - 28.5 (12.8%)
2016-01-12,98.0607992936457,99.01169098601495,96.62455828639341,98.42729187011719,28395400,23526285,20.7,102.53,103.15,97.32,79.58,39.92,96.0 - 97.0 (35.3%),104.4 - 105.6 (16.6%),91.8 - 94.5 (13.3%),22.8 - 28.5 (12.9%)
2016-01-13,99.6258213868215,99.6258213868215,94.30676267993907,94.53458404541016,33410600,23964410,39.42,102.08,103.11,97.32,79.64,32.69,96.0 - 97.2 (33.8%),102.3 - 103.4 (19.1%),91.8 - 94.5 (13.2%),22.8 - 28.5 (12.9%)
2016-01-14,94.94068542725527,97.932039419797,91.57293915224817,97.43678283691406,48658600,25309125,92.26,101.77,103.11,97.33,79.7,41.23,96.0 - 97.2 (29.9%),102.3 - 103.4 (18.9%),91.8 - 94.5 (13.2%),22.8 - 28.5 (12.8%)
2016-01-15,93.08842490403796,95.46565030968648,92.65259671972862,94.06903076171875,46132800,26481740,74.21,101.19,103.08,97.34,79.75,35.59,96.0 - 97.2 (26.6%),104.4 - 105.6 (16.0%),91.8 - 94.5 (13.8%),22.8 - 28.5 (12.9%)
2016-01-19,95.6142334747642,96.49578957660158,93.02899354020249,94.35628509521484,30998300,26947870,15.03,100.64,103.05,97.34,79.81,36.39,93.5 - 94.6 (26.6%),104.4 - 105.6 (16.2%),80.6 - 83.2 (13.6%),22.8 - 28.5 (13.0%)
2016-01-20,91.94934118492628,94.09875299222271,88.5221664564725,93.45491790771484,59051400,28100730,110.14,100.16,102.96,97.32,79.85,34.92,94.0 - 95.0 (23.9%),104.4 - 105.6 (15.8%),80.6 - 83.2 (13.4%),22.8 - 28.5 (13.0%)
2016-01-21,94.00961619982523,95.07936476666299,91.74133995012237,93.26673126220703,30518900,28819735,5.9,99.64,102.83,97.31,79.9,34.61,96.3 - 97.2 (23.3%),104.4 - 105.6 (15.8%),80.6 - 83.2 (13.4%),22.8 - 28.5 (12.9%)
2016-01-22,95.49537277585404,97.13962061248019,94.58409496928613,97.01085662841797,30495400,29614650,2.97,99.26,102.73,97.34,79.96,45.15,96.3 - 97.2 (28.0%),104.4 - 105.6 (15.9%),80.6 - 83.2 (13.4%),22.8 - 28.5 (12.9%)
2016-01-25,97.78346012533326,98.53625224105778,96.01044066642476,96.08968353271484,32482000,30258765,7.35,98.88,102.62,97.36,80.02,43.3,96.3 - 97.2 (28.3%),104.4 - 105.6 (15.9%),80.6 - 83.2 (13.4%),22.8 - 28.5 (13.0%)
2016-01-26,96.83256330082638,96.95142003698578,94.75248729086884,96.41654205322266,26877100,31277530,-14.07,98.5,102.51,97.39,80.08,44.18,96.3 - 97.2 (33.4%),104.4 - 105.6 (15.8%),80.6 - 83.2 (13.4%),22.8 - 28.5 (13.0%)
2016-01-27,96.86228051264973,96.92170888258708,93.33605616541074,93.55396270751953,58699400,33559015,74.91,97.94,102.34,97.37,80.14,38.57,96.0 - 96.5 (17.7%),104.4 - 105.6 (15.5%),91.0 - 93.6 (13.5%),22.8 - 28.5 (13.0%)
2016-01-28,106.18302138915797,109.29323250711128,103.81569523677345,108.07490539550781,107475300,38073785,182.28,98.03,102.45,97.49,80.22,63.73,93.0 - 94.5 (37.7%),104.4 - 105.6 (14.7%),91.0 - 93.6 (13.4%),22.8 - 28.5 (12.9%)
2016-01-29,107.95603122097471,111.76950551787701,107.80745273002715,111.1454849243164,62739500,40555010,54.7,98.32,102.6,97.64,80.3,66.82,91.8 - 93.6 (23.7%),105.0 - 106.5 (16.4%),92.8 - 95.7 (15.4%),23.6 - 29.5 (13.1%)
2016-02-01,111.204921818147,114.62219714370063,110.94739380825706,113.9981689453125,46132700,41942090,9.99,98.84,102.81,97.81,80.4,69.43,92.4 - 94.5 (35.1%),102.0 - 103.7 (17.2%),93.0 - 96.1 (17.9%),73.2 - 79.3 (12.7%)
2016-02-02,113.71090498219111,116.47442983434087,112.12607800334719,113.522705078125,59778600,43035400,38.91,99.45,102.98,97.98,80.49,68.46,92.4 - 94.5 (33.5%),102.0 - 103.7 (16.9%),93.0 - 96.1 (17.7%),73.2 - 79.3 (12.7%)
2016-02-03,114.17645181347835,114.24578743433209,108.70882234282594,111.62093353271484,56919300,44718455,27.28,99.95,103.05,98.14,80.57,64.59,92.4 - 94.5 (32.3%),102.0 - 103.7 (14.4%),93.0 - 96.1 (17.7%),73.2 - 79.3 (12.7%)
2016-02-04,110.73937270871947,110.87804394455203,108.21356116445457,109.4417953491211,38890200,45408155,-14.35,100.32,103.1,98.28,80.66,60.38,92.4 - 94.5 (32.8%),102.0 - 103.7 (14.6%),93.0 - 96.1 (17.6%),73.2 - 79.3 (12.6%)
2016-02-05,108.47108853236493,108.54042414506148,102.20113897860448,103.08269500732422,76894700,46994245,63.63,100.62,103.06,98.36,80.72,50.1,92.4 - 94.5 (25.0%),102.0 - 103.7 (18.4%),93.0 - 96.1 (17.5%),73.2 - 79.3 (12.7%)
2016-02-08,99.45743036452906,101.70589192036392,96.5354119982847,98.8036880493164,71229700,48785615,46.01,100.74,102.93,98.41,80.79,44.6,92.4 - 94.5 (22.7%),102.0 - 103.7 (17.9%),93.0 - 96.1 (17.4%),73.2 - 79.3 (12.7%)
2016-02-09,96.21844715627586,101.42854846126642,95.90148324933816,98.5956802368164,62709000,50424445,24.36,100.85,102.77,98.44,80.85,44.35,92.4 - 94.5 (18.1%),102.0 - 103.7 (17.6%),93.0 - 96.1 (17.3%),73.2 - 79.3 (12.7%)
2016-02-10,100.58662491726533,102.27049444217492,99.28904740348928,100.04183959960938,45179400,51263645,-11.87,100.93,102.66,98.49,80.92,46.63,98.7 - 100.8 (14.4%),102.0 - 103.7 (17.4%),93.0 - 96.0 (15.0%),73.2 - 79.3 (12.6%)
2016-02-11,98.6551011766053,104.11283035894428,97.94193055046114,100.94319152832031,43670600,51776645,-15.66,101.25,102.62,98.58,80.99,48.06,108.0 - 110.0 (17.8%),102.0 - 103.7 (17.2%),93.0 - 96.0 (14.9%),73.2 - 79.3 (12.6%)
2016-02-12,102.7558351560316,103.25109174592939,100.13097371817007,101.04225158691406,36176800,51152555,-29.28,101.43,102.59,98.71,81.06,48.23,108.0 - 110.0 (17.7%),102.0 - 103.7 (15.7%),93.0 - 96.0 (14.9%),73.2 - 79.3 (12.6%)
2016-02-16,102.81528367655143,102.94404768516785,99.28905118587896,100.64605712890625,45687200,51130275,-10.65,101.76,102.53,98.88,81.13,47.58,100.0 - 102.0 (21.0%),102.0 - 103.7 (13.4%),93.0 - 96.0 (14.9%),73.2 - 79.3 (12.7%)
2016-02-17,101.05216326202184,104.71706699611723,99.44753655694112,104.20199584960938,44073400,51784030,-14.89,102.25,102.49,99.06,81.21,53.6,108.0 - 109.5 (18.4%),103.7 - 105.4 (13.9%),93.0 - 96.0 (14.8%),73.2 - 79.3 (12.7%)
2016-02-18,104.79629311823447,104.9943927232079,102.0525674915578,102.48839569091797,29593500,50311135,-41.18,102.7,102.44,99.19,81.29,50.59,97.5 - 99.0 (18.6%),102.0 - 103.7 (14.7%),92.8 - 95.7 (14.8%),73.2 - 79.3 (12.7%)
2016-02-19,101.57713893043497,104.02370036110611,101.09178198675276,103.57797241210938,32404500,50405415,-35.71,103.21,102.4,99.32,81.37,52.42,97.5 - 99.0 (19.4%),102.0 - 103.7 (16.3%),92.8 - 95.7 (14.8%),73.2 - 79.3 (12.7%)
2016-02-22,104.4892317400636,107.22305019352575,104.34065325379645,106.14339447021484,35709700,50666130,-29.52,103.67,102.4,99.45,81.47,56.51,97.5 - 99.0 (19.7%),102.0 - 103.7 (16.1%),92.8 - 95.7 (14.9%),73.2 - 79.3 (12.7%)
2016-02-23,105.83632341008747,106.45044425369507,104.12273997599655,104.45951080322266,25319300,50307995,-49.67,104.09,102.4,99.58,81.56,53.27,100.1 - 101.4 (19.5%),102.0 - 103.7 (16.1%),92.8 - 95.7 (14.8%),73.2 - 79.3 (12.7%)
2016-02-24,103.22137478552678,105.93537870926194,101.765319241237,105.86604309082031,34412400,50684760,-32.11,104.56,102.42,99.74,81.65,55.56,97.9 - 99.0 (21.5%),102.0 - 103.7 (16.0%),92.8 - 95.7 (14.8%),73.2 - 79.3 (12.7%)
2016-02-25,106.09387745030544,107.04476928710938,104.6081075383587,107.04476928710938,29906300,49245105,-39.27,105.24,102.46,99.89,81.75,57.45,98.4 - 99.2 (21.9%),102.0 - 103.7 (15.7%),92.8 - 95.7 (14.8%),73.2 - 79.3 (12.7%)
2016-02-26,107.66878594511144,108.41167087359293,106.14340220880376,106.89618682861328,26686200,45205650,-40.97,105.18,102.52,100.06,81.85,57.12,98.4 - 99.2 (23.8%),102.0 - 103.7 (15.6%),92.8 - 95.7 (14.8%),73.2 - 79.3 (12.7%)
2016-02-29,106.57922712625594,107.87680465829241,105.73729235195285,105.90567779541016,32779000,43707625,-25.0,104.92,102.52,100.21,81.94,54.87,105.6 - 106.4 (19.6%),102.0 - 103.7 (14.5%),92.8 - 95.7 (14.8%),73.2 - 79.3 (12.7%)
2016-03-01,106.80704092916316,108.77816009521484,106.57921956645615,108.77816009521484,26817300,42741855,-37.26,104.66,102.58,100.38,82.04,59.82,105.3 - 106.2 (21.1%),102.0 - 103.7 (14.5%),92.8 - 95.7 (14.8%),73.2 - 79.3 (12.7%)
2016-03-02,108.63949376320586,109.50124301282554,107.73812307667096,108.90692901611328,25670200,41036435,-37.45,104.42,102.68,100.54,82.15,60.03,105.6 - 106.4 (21.9%),102.0 - 103.7 (14.5%),92.8 - 95.7 (14.8%),73.2 - 79.3 (12.7%)
2016-03-03,109.20409315826154,109.2536218468997,107.5103162936693,108.54045104980469,21353100,39258125,-45.61,104.27,102.73,100.68,82.26,59.07,105.6 - 106.4 (23.0%),102.0 - 103.7 (13.4%),92.8 - 95.7 (14.8%),73.2 - 79.3 (12.7%)
2016-03-04,109.0059803884431,109.0059803884431,106.90608968958796,107.36172485351562,24938900,38560560,-35.33,104.17,102.78,100.82,82.36,55.99,105.6 - 106.4 (23.6%),102.0 - 103.7 (13.4%),92.8 - 95.7 (14.8%),73.2 - 79.3 (12.7%)
2016-03-07,107.04477198090126,107.04477198090126,103.72655393878689,104.72697448730469,31436400,36287645,-13.37,104.25,102.76,100.93,82.45,49.75,105.6 - 106.4 (22.0%),102.0 - 103.7 (13.3%),92.8 - 95.7 (14.8%),73.2 - 79.3 (12.8%)
2016-03-08,103.785979936557,106.35141325318129,103.40958761188963,104.9250717163086,25617000,34007010,-24.67,104.55,102.79,101.04,82.55,50.2,105.6 - 106.2 (23.0%),102.0 - 103.7 (13.2%),92.8 - 95.7 (14.8%),73.2 - 79.3 (12.8%)
2016-03-09,105.6877609146053,106.49008178710938,104.48924078710549,106.49008178710938,20493300,31896225,-35.75,104.95,102.82,101.15,82.65,53.72,105.6 - 106.2 (24.3%),102.0 - 103.7 (12.2%),92.8 - 95.7 (14.8%),73.2 - 79.3 (12.8%)
2016-03-10,106.88627894870034,107.62916382026923,104.7665738293693,106.30187225341797,24854300,30879970,-19.51,105.26,102.91,101.26,82.75,53.23,106.0 - 106.5 (19.4%),102.0 - 103.7 (12.1%),92.8 - 95.7 (14.8%),73.2 - 79.3 (12.8%)
2016-03-11,107.45086989206446,108.38194711477024,106.89617738901003,108.3720474243164,20697600,29731320,-30.38,105.63,102.99,101.38,82.85,57.78,105.6 - 106.0 (16.5%),102.0 - 103.7 (12.1%),92.8 - 95.7 (14.8%),73.2 - 79.3 (12.8%)
2016-03-14,108.24328237010698,109.28332426332145,107.73811851708714,108.84749603271484,17249400,28784950,-40.07,106.02,103.07,101.5,82.96,58.77,105.6 - 106.0 (17.3%),105.4 - 107.1 (11.5%),92.8 - 95.7 (14.8%),73.2 - 79.3 (12.8%)
2016-03-15,108.07488859991867,109.7785723986481,107.80744582194704,109.62008666992188,17618500,27381515,-35.66,106.47,103.14,101.65,83.07,60.39,108.5 - 109.0 (23.9%),105.4 - 107.1 (11.5%),92.8 - 95.7 (14.8%),73.2 - 79.3 (12.8%)
2016-03-16,109.44179874622924,111.43273234678965,109.0554992119883,111.11576843261719,24744800,26415085,-6.32,106.82,103.24,101.8,83.17,63.4,106.8 - 107.4 (22.0%),105.4 - 107.1 (10.4%),92.8 - 95.7 (14.7%),73.2 - 79.3 (12.8%)
2016-03-17,111.08605105106584,111.6209290577866,109.67952419469768,109.96676635742188,24241200,26147470,-7.29,107.19,103.35,101.94,83.27,59.65,108.6 - 109.2 (19.1%),105.4 - 107.1 (10.4%),92.8 - 95.7 (14.7%),73.2 - 79.3 (12.8%)
2016-03-18,110.50164198501044,111.35348387844581,109.22387914485736,110.39268493652344,36256900,26340090,37.65,107.53,103.46,102.09,83.37,60.58,108.6 - 109.2 (18.6%),105.4 - 107.1 (10.4%),92.8 - 95.7 (14.7%),73.2 - 79.3 (12.8%)
2016-03-21,110.6007175258877,111.30398105454587,109.97668931705181,110.78890991210938,18448000,25477005,-27.59,107.77,103.57,102.28,83.48,61.47,108.6 - 109.2 (19.3%),105.4 - 107.1 (10.4%),92.8 - 95.7 (14.9%),73.2 - 79.3 (12.8%)
2016-03-22,110.30354824515146,111.80912495251508,110.11534832285008,111.18510437011719,19001100,25161095,-24.48,108.1,103.69,102.49,83.59,62.39,109.8 - 110.4 (17.2%),105.4 - 107.1 (10.4%),92.8 - 95.7 (14.8%),73.2 - 79.3 (12.8%)
2016-03-23,110.94738031258676,112.1161861346604,110.93747306509871,111.47235107421875,18562000,24368575,-23.83,108.38,103.82,102.68,83.71,63.07,110.6 - 111.3 (18.0%),105.4 - 107.1 (10.4%),92.8 - 95.7 (14.9%),73.2 - 79.3 (12.8%)
2016-03-24,111.06623832041932,112.01713005068889,110.62051041957962,111.9775161743164,17839100,23765215,-24.94,108.63,103.93,102.86,83.82,64.3,110.6 - 111.3 (18.2%),105.4 - 107.1 (10.4%),92.8 - 95.7 (14.9%),73.2 - 79.3 (12.8%)
2016-03-28,112.24496518861775,113.5029137358693,111.87847255252846,112.61145782470703,21351800,23498495,-9.14,108.91,104.04,103.04,83.93,65.84,109.6 - 110.4 (25.4%),105.4 - 107.1 (10.3%),92.8 - 95.7 (15.0%),73.2 - 79.3 (12.8%)
2016-03-29,112.75010986808822,115.21648541227913,112.56190995770295,115.03819274902344,29825300,23350810,27.73,109.37,104.2,103.22,84.04,70.99,110.7 - 111.6 (26.0%),108.0 - 109.8 (12.7%),92.8 - 95.7 (15.0%),55.8 - 62.0 (12.5%)
2016-03-30,115.62260258271415,115.88013055901052,113.27508371175098,113.61185455322266,33235200,23671705,40.4,109.61,104.37,103.4,84.16,64.81,110.7 - 111.6 (24.9%),108.0 - 109.8 (12.6%),92.8 - 95.7 (14.9%),55.8 - 62.0 (12.5%)
2016-03-31,113.61186931823066,113.91893357143715,112.69069167264429,113.01756286621094,21207500,23448570,-9.56,109.82,104.57,103.58,84.27,62.37,110.6 - 111.3 (19.4%),108.0 - 109.8 (12.6%),92.8 - 95.7 (14.9%),55.8 - 62.0 (12.5%)
2016-04-01,112.67087837498495,115.06791854519088,112.27467157698838,114.9589614868164,24760500,23618940,4.83,110.14,104.79,103.77,84.38,66.77,111.0 - 111.6 (19.2%),108.0 - 109.8 (12.5%),92.8 - 95.7 (14.9%),55.8 - 62.0 (12.5%)
2016-04-04,112.9878461017089,113.46329578669717,110.55118441405789,111.48226928710938,48487900,24796390,95.54,110.35,104.94,103.93,84.5,54.48,111.0 - 111.5 (31.2%),108.0 - 109.8 (12.4%),92.8 - 95.7 (14.9%),55.8 - 62.0 (12.6%)
2016-04-05,111.04643844831575,112.24495854576374,110.83843157755366,111.1553955078125,22962400,24372690,-5.79,110.67,105.18,104.08,84.61,53.49,111.0 - 111.5 (37.1%),108.0 - 109.8 (12.4%),92.8 - 95.7 (14.8%),55.8 - 62.0 (12.6%)
2016-04-06,111.40301429396027,112.73029827692163,111.35348561405223,112.6312484741211,20814600,24132570,-13.75,111.05,105.45,104.24,84.73,57.28,111.0 - 111.5 (30.5%),108.0 - 109.8 (12.4%),92.8 - 95.7 (14.8%),55.8 - 62.0 (12.6%)
2016-04-07,112.71049101890749,113.80005396064854,111.9973203495452,112.5619125366211,20714500,24143630,-14.2,111.36,105.72,104.4,84.84,57.05,111.0 - 111.5 (30.8%),108.0 - 109.8 (12.6%),92.8 - 95.7 (14.8%),55.8 - 62.0 (12.6%)
2016-04-08,113.16614331096973,113.24538618780365,108.85741201359653,109.58048248291016,48497800,25325805,91.5,111.52,105.9,104.53,84.95,47.92,111.0 - 111.5 (29.8%),108.0 - 109.8 (14.7%),92.8 - 95.7 (14.8%),55.8 - 62.0 (12.6%)
2016-04-11,109.64980071925825,109.85781512720814,107.73811007170045,107.95602416992188,39762300,26279040,51.31,111.5,106.13,104.62,85.05,43.8,111.3 - 112.0 (21.9%),108.0 - 109.8 (14.6%),92.8 - 95.7 (14.7%),55.8 - 62.0 (12.6%)
2016-04-12,108.30271291162269,110.10545424447206,107.95603479261943,109.5606689453125,26248100,26728975,-1.8,111.53,106.33,104.72,85.16,48.51,111.3 - 112.0 (21.5%),108.0 - 109.8 (15.8%),92.8 - 95.7 (14.7%),55.8 - 62.0 (12.6%)
2016-04-13,111.1653081877751,111.58132194962644,105.50947073687036,109.46162414550781,88227400,30259420,191.57,111.53,106.58,104.83,85.27,48.24,109.2 - 109.9 (35.1%),108.0 - 109.8 (19.3%),92.8 - 95.7 (14.6%),55.8 - 62.0 (12.5%)
2016-04-14,109.57056848929524,110.97709536293432,109.21398314710284,109.7884750366211,28473300,30445845,-6.48,111.46,106.84,104.95,85.37,49.24,109.2 - 109.9 (40.3%),108.0 - 109.8 (20.8%),92.8 - 95.7 (14.6%),55.8 - 62.0 (12.5%)
2016-04-15,109.73896048816881,109.91725316994795,108.164040539617,108.59986877441406,20922800,30279925,-30.9,111.39,107.09,105.03,85.48,45.78,109.2 - 109.9 (38.6%),108.0 - 109.8 (21.9%),92.8 - 95.7 (14.6%),55.8 - 62.0 (12.5%)
2016-04-18,108.69892004431533,109.75876890106055,108.16404199179676,109.40218353271484,21167200,29525440,-28.31,111.34,107.36,105.1,85.58,48.41,109.2 - 109.9 (42.9%),108.0 - 109.8 (22.7%),92.8 - 95.7 (14.6%),55.8 - 62.0 (12.6%)
2016-04-19,110.0460182839844,111.3832096323811,108.12442775756143,111.2247314453125,30210500,30113565,0.32,111.36,107.6,105.17,85.69,53.89,109.2 - 109.9 (42.9%),108.0 - 109.8 (22.7%),92.8 - 95.7 (14.5%),55.8 - 62.0 (12.6%)
2016-04-20,111.36339235476153,112.19541976291914,110.50164320458497,111.35348510742188,21027900,30214905,-30.41,111.37,107.85,105.24,85.79,54.26,109.2 - 109.9 (44.0%),108.0 - 109.8 (23.1%),92.8 - 95.7 (14.5%),55.8 - 62.0 (12.6%)
2016-04-21,111.4822591996296,112.9581216923144,111.24453060013816,112.36381530761719,20875200,30330565,-31.17,111.42,108.12,105.31,85.9,57.16,109.2 - 109.9 (44.0%),108.0 - 109.8 (23.2%),92.8 - 95.7 (14.6%),55.8 - 62.0 (12.5%)
2016-04-22,110.15497401883772,110.68985206316609,107.9758479629957,109.51113891601562,38458200,31361520,22.63,111.29,108.39,105.36,85.99,47.92,109.5 - 110.0 (28.5%),108.0 - 109.8 (24.8%),92.8 - 95.7 (14.6%),55.8 - 62.0 (12.5%)
2016-04-25,108.82767480997548,109.62008073969253,108.03526132324335,109.05548858642578,21017900,31344825,-32.95,111.12,108.4,105.43,86.09,46.62,109.5 - 110.0 (30.2%),108.0 - 109.8 (25.9%),92.8 - 95.7 (14.7%),55.8 - 62.0 (12.6%)
2016-04-26,109.4418016879438,109.45170893593868,107.1240044201975,107.72821807861328,22521500,30979635,-27.3,110.75,108.35,105.47,86.18,42.98,109.5 - 110.0 (30.2%),108.0 - 109.8 (26.0%),92.8 - 95.7 (14.7%),55.8 - 62.0 (12.6%)
2016-04-27,106.91597218513077,107.90648515313973,105.30143121078709,107.8569564819336,52213100,31928530,63.53,110.46,108.24,105.53,86.28,43.44,109.5 - 110.0 (28.3%),109.2 - 110.6 (16.9%),92.8 - 95.7 (14.6%),55.8 - 62.0 (12.5%)
2016-04-28,118.44558099307804,119.64410116674337,115.12736298406851,115.62261962890625,87110100,35223660,147.31,110.59,108.28,105.63,86.39,62.95,108.8 - 109.6 (43.0%),109.2 - 110.6 (17.0%),93.0 - 96.0 (14.5%),55.8 - 62.0 (12.5%)
2016-04-29,115.71176162064337,116.72208184598733,114.74105527651423,116.46455383300781,37140600,35842665,3.62,110.67,108.36,105.7,86.5,64.38,108.9 - 109.8 (40.3%),108.0 - 109.5 (14.1%),93.0 - 96.1 (16.6%),56.7 - 63.0 (12.8%)
2016-05-02,116.71216703354087,117.60363038571352,115.46411834049917,117.44514465332031,28095200,34823030,-19.32,110.97,108.49,105.8,86.61,66.03,109.0 - 110.0 (41.1%),108.8 - 110.4 (20.4%),93.0 - 96.1 (16.7%),56.7 - 63.0 (12.9%)
2016-05-03,116.40509866925632,117.03903401922902,115.90984210869496,116.31595611572266,24117500,34880785,-30.86,111.22,108.71,105.89,86.73,62.45,109.0 - 110.0 (36.4%),108.8 - 110.4 (20.7%),93.0 - 96.1 (16.6%),56.7 - 63.0 (12.9%)
2016-05-04,115.5037460505765,117.17771579412621,115.46412461532499,116.93998718261719,23448400,35012475,-33.03,111.44,109.02,105.97,86.84,63.62,109.0 - 110.0 (22.9%),108.8 - 110.4 (21.1%),93.0 - 96.1 (16.6%),56.7 - 63.0 (12.9%)
2016-05-05,116.92018128979727,117.85126613399954,116.13767493986371,116.6923599243164,22056700,35079585,-37.12,111.65,109.32,106.04,86.95,62.78,116.0 - 117.0 (22.7%),108.8 - 110.4 (19.3%),93.0 - 96.1 (16.6%),56.7 - 63.0 (12.9%)
2016-05-06,116.04853236734024,118.50500091857211,115.99900368358296,118.3564224243164,26395600,33974475,-22.31,112.08,109.62,106.14,87.06,66.03,115.5 - 116.6 (31.2%),108.8 - 110.4 (19.8%),92.8 - 96.0 (14.5%),44.8 - 51.2 (12.6%)
2016-05-09,118.4059368599803,119.1389144378869,117.7720090806532,118.10877990722656,21138100,33043265,-36.03,112.59,109.91,106.27,87.17,65.12,115.5 - 116.6 (31.2%),108.8 - 110.4 (20.3%),92.8 - 96.0 (14.5%),44.8 - 51.2 (12.6%)
2016-05-10,118.48519313501781,119.35684204101562,117.87107222307766,119.35684204101562,23220000,32891860,-29.41,113.08,110.21,106.4,87.29,67.55,115.2 - 116.4 (23.7%),108.8 - 110.4 (20.8%),92.4 - 95.7 (15.2%),44.8 - 51.2 (12.6%)
2016-05-11,119.26770265055377,119.931344706528,118.28708910358931,118.38613891601562,22038400,29582410,-25.5,113.53,110.51,106.52,87.4,63.82,115.2 - 116.4 (23.7%),108.8 - 110.4 (21.0%),92.4 - 95.7 (15.2%),44.8 - 51.2 (12.6%)
2016-05-12,118.84177422631713,119.69360860554333,117.7720181821505,119.13892364501953,22035500,29260520,-24.69,114.0,110.76,106.62,87.52,65.42,115.2 - 116.4 (23.6%),108.8 - 110.4 (21.3%),92.8 - 96.0 (14.5%),44.8 - 51.2 (12.6%)
2016-05-13,119.2379701835018,119.49550571826536,118.54461400184867,118.67337799072266,18124300,29120595,-37.76,114.5,111.03,106.74,87.63,63.55,115.2 - 116.4 (24.7%),108.8 - 110.4 (21.5%),93.0 - 96.1 (16.6%),44.8 - 51.2 (12.6%)
2016-05-16,118.2474682074752,118.47528957841126,116.23672753367067,117.54420471191406,31247800,29624625,5.48,114.91,111.26,106.83,87.74,59.16,116.4 - 117.6 (30.8%),108.8 - 110.4 (21.1%),93.0 - 96.1 (16.7%),44.8 - 51.2 (12.6%)
2016-05-17,117.69276504608172,117.88096495141788,116.08813111983041,116.23670959472656,21328600,29180530,-26.91,115.16,111.43,106.92,87.85,54.46,115.5 - 116.6 (36.9%),109.2 - 110.6 (17.9%),93.0 - 96.1 (16.6%),44.8 - 51.2 (12.6%)
2016-05-18,115.69194741337284,117.14799550258657,115.62261179007695,116.53388214111328,21642300,29211250,-25.91,115.42,111.63,107.01,87.96,55.32,115.6 - 116.0 (20.3%),109.2 - 110.6 (18.1%),93.0 - 96.1 (16.6%),44.8 - 51.2 (12.6%)
2016-05-19,115.93957951335031,116.37540020675206,114.78067326173988,115.70185089111328,20544100,29194695,-29.63,115.58,111.79,107.11,88.06,52.32,116.4 - 116.8 (22.3%),109.2 - 110.5 (18.2%),93.0 - 96.1 (16.6%),44.8 - 51.2 (12.6%)
2016-05-20,115.85041009420563,116.87063736773607,115.84050284734184,116.23670959472656,18944800,28219025,-32.87,115.92,111.95,107.21,88.17,54.05,118.0 - 118.4 (20.2%),109.2 - 110.4 (18.4%),93.0 - 96.1 (16.7%),44.8 - 51.2 (12.6%)
2016-05-23,116.30605306637877,116.48434573689659,114.84009782613505,114.86981201171875,20441000,28190180,-27.49,116.21,112.08,107.3,88.27,49.14,118.0 - 118.4 (20.7%),109.2 - 110.4 (18.5%),93.0 - 96.1 (16.7%),44.8 - 51.2 (12.6%)
2016-05-24,115.13724859242845,116.61311865456983,115.01839184869652,116.5833969116211,20183600,28073285,-28.1,116.65,112.26,107.39,88.37,54.69,118.0 - 118.4 (20.9%),109.2 - 110.4 (18.6%),93.0 - 96.1 (16.6%),44.8 - 51.2 (12.7%)
2016-05-25,117.00932750936292,117.54420557123866,116.26644257181601,116.7716064453125,20019800,26463620,-24.35,117.1,112.39,107.49,88.48,55.27,116.4 - 116.8 (25.5%),109.2 - 110.4 (18.7%),93.0 - 96.1 (16.6%),44.8 - 51.2 (12.7%)
2016-05-26,117.1182743701742,118.62385861105878,116.80131046004308,118.33660888671875,18481300,23032180,-19.76,117.23,112.55,107.61,88.58,59.85,118.0 - 118.4 (27.0%),109.2 - 110.4 (18.9%),93.0 - 96.1 (16.6%),44.8 - 51.2 (12.6%)
2016-05-27,118.42575208434725,118.71300181024026,117.88097437552872,118.2474594116211,13493600,21849830,-38.24,117.32,112.71,107.72,88.69,59.48,118.0 - 118.4 (24.0%),109.2 - 110.4 (19.0%),93.0 - 96.1 (16.6%),44.8 - 51.2 (12.6%)
2016-05-31,118.32671170957357,118.96063958378762,116.99942758450548,117.68287658691406,23547600,21622450,8.9,117.34,112.88,107.83,88.8,57.05,116.4 - 116.8 (21.2%),109.2 - 110.4 (19.4%),93.0 - 96.1 (16.6%),44.8 - 51.2 (12.7%)
2016-06-01,117.37580237748328,117.95030178930145,116.70225316704496,117.65314483642578,15029500,21168050,-29.0,117.4,113.1,107.93,88.91,56.92,116.4 - 116.8 (21.7%),109.2 - 110.4 (19.5%),93.0 - 96.1 (16.6%),44.8 - 51.2 (12.7%)
2016-06-02,117.56402148679199,118.30690643330314,117.09847904452235,117.80174255371094,13228300,20657045,-35.96,117.45,113.31,108.05,89.03,57.45,116.4 - 116.8 (22.4%),109.2 - 110.4 (19.6%),93.0 - 96.0 (14.5%),44.8 - 51.2 (12.7%)
2016-06-03,117.85127136303136,117.85127136303136,116.74189378788702,117.34610748291016,14135100,20260965,-30.23,117.48,113.49,108.16,89.14,55.21,117.6 - 117.9 (19.0%),109.2 - 110.4 (19.7%),93.0 - 96.0 (14.5%),44.8 - 51.2 (12.7%)
2016-06-06,117.49467000179126,118.29698321748516,117.23713447246385,117.66305541992188,12744700,19578420,-34.9,117.44,113.68,108.29,89.25,56.48,117.6 - 117.9 (25.4%),109.2 - 110.4 (20.0%),93.0 - 96.0 (14.6%),44.8 - 51.2 (12.8%)
2016-06-07,118.10878511547703,118.16822104285788,116.55367978245606,116.64282989501953,17103000,19376665,-11.73,117.37,113.82,108.4,89.35,51.42,117.6 - 117.9 (25.9%),108.9 - 110.0 (19.1%),93.0 - 96.0 (14.5%),44.8 - 51.2 (12.8%)
2016-06-08,116.6428327573246,117.47486019091784,116.15747586404613,117.26685333251953,14505600,18940945,-23.42,117.27,113.96,108.52,89.46,54.13,117.6 - 117.9 (26.6%),108.9 - 110.0 (19.2%),93.0 - 96.0 (14.5%),44.8 - 51.2 (12.8%)
2016-06-09,117.00932832583372,117.5541136399761,116.59331457158851,117.43524932861328,13859200,18531985,-25.21,117.22,114.09,108.61,89.56,54.86,117.6 - 117.9 (27.4%),109.0 - 110.0 (19.3%),93.0 - 96.0 (14.6%),44.8 - 51.2 (12.7%)
2016-06-10,116.42491929253741,116.98951149901845,115.15706363987935,115.5136489868164,18510800,18355750,0.84,117.04,114.16,108.7,89.66,45.87,117.6 - 117.9 (27.4%),109.0 - 110.0 (19.4%),93.0 - 96.0 (14.6%),44.8 - 51.2 (12.8%)
2016-06-13,113.90901463036035,114.3844642773827,112.23504495363436,112.86897277832031,31718200,19035445,66.63,116.75,114.21,108.78,89.76,36.91,117.5 - 118.0 (26.2%),109.0 - 110.0 (19.2%),93.0 - 96.0 (14.6%),44.8 - 51.2 (12.8%)
2016-06-14,112.98783730605358,113.8594861774919,112.50248796740168,113.8495864868164,17618500,18353980,-4.01,116.56,114.27,108.87,89.86,41.48,117.5 - 118.0 (26.5%),109.0 - 110.0 (18.1%),93.0 - 96.0 (14.5%),44.8 - 51.2 (12.8%)
2016-06-15,114.2061811947357,114.34485244571707,112.98784656738073,113.5128173828125,19819400,18278520,8.43,116.43,114.32,108.94,89.95,40.4,117.5 - 118.0 (26.5%),109.0 - 110.0 (18.2%),93.0 - 96.0 (14.5%),44.8 - 51.2 (12.8%)
2016-06-16,112.7897460076391,113.41376663190009,111.86856838686353,113.3048095703125,19236300,18158220,5.94,116.26,114.35,109.02,90.05,39.71,117.5 - 118.0 (26.4%),109.0 - 110.0 (16.7%),92.8 - 95.7 (14.5%),44.8 - 51.2 (12.8%)
2016-06-17,113.33451196428629,113.3444192116768,111.49215691446177,111.94779205322266,24644300,18363230,34.2,116.08,114.36,109.09,90.13,35.46,117.6 - 118.2 (25.2%),109.0 - 110.0 (16.9%),92.8 - 95.7 (14.5%),44.8 - 51.2 (12.8%)
2016-06-20,112.69068624376024,113.63167834139094,111.68036607970063,112.29448699951172,20785400,18455260,12.63,115.88,114.36,109.15,90.21,37.31,117.6 - 118.2 (23.3%),109.0 - 110.0 (16.8%),92.8 - 95.7 (14.6%),44.8 - 51.2 (12.8%)
2016-06-21,113.03736337951642,114.11701908546736,112.88878489563828,113.29489135742188,19166300,18391525,4.21,115.8,114.38,109.21,90.29,42.42,112.8 - 113.4 (25.8%),109.0 - 110.0 (16.8%),92.8 - 95.7 (14.5%),44.8 - 51.2 (12.8%)
2016-06-22,113.56234628460847,113.65148885025924,112.53221159177319,112.8293685913086,14846300,18124660,-18.09,115.61,114.34,109.27,90.37,40.75,112.8 - 113.4 (31.2%),109.0 - 110.0 (16.9%),92.8 - 95.7 (14.5%),44.8 - 51.2 (12.8%)
2016-06-23,113.28500249445501,113.99816568260422,112.46287468783272,113.98826599121094,16176900,17932515,-9.79,115.47,114.35,109.36,90.46,46.4,112.8 - 113.4 (30.9%),109.0 - 110.0 (16.9%),92.8 - 95.7 (14.6%),44.8 - 51.2 (12.8%)
2016-06-24,109.95686723197433,112.60153553683617,109.94695998447982,111.01671600341797,40643100,19040605,113.45,115.11,114.31,109.44,90.53,36.73,112.7 - 113.4 (28.2%),109.0 - 110.0 (16.5%),92.8 - 95.7 (14.6%),44.8 - 51.2 (12.8%)
2016-06-27,110.51156654163272,110.51156654163272,107.20325580798367,107.93623352050781,36130400,20172445,79.11,114.59,114.19,109.49,90.61,29.81,112.5 - 113.4 (26.2%),109.0 - 110.0 (16.3%),92.8 - 95.7 (14.7%),56.7 - 63.0 (13.1%)
2016-06-28,109.58047443075705,111.68036517045233,109.50123911676215,111.6308364868164,26813800,20335755,31.86,114.29,114.2,109.57,90.69,43.56,112.5 - 113.4 (25.4%),109.0 - 110.0 (16.4%),92.8 - 95.7 (14.6%),56.7 - 63.0 (13.2%)
2016-06-29,112.29448190142173,113.1661307790189,111.96761073844186,113.07698822021484,20968300,20632695,1.63,114.06,114.23,109.7,90.78,47.86,112.5 - 113.4 (31.1%),109.0 - 110.0 (16.5%),92.8 - 95.7 (14.6%),56.7 - 63.0 (13.2%)
2016-06-30,113.5821460985672,114.08730994327716,112.59163290494854,113.19584655761719,23192700,21130915,9.76,113.83,114.24,109.84,90.86,48.21,112.8 - 113.6 (42.5%),109.0 - 110.0 (16.5%),92.8 - 95.7 (14.6%),56.7 - 63.0 (13.1%)
2016-07-01,113.1166044028613,114.03778198102522,112.73030485947152,113.10670471191406,14980000,21173160,-29.25,113.62,114.25,109.98,90.95,47.95,112.8 - 113.4 (41.6%),109.0 - 110.0 (16.6%),92.8 - 95.7 (14.7%),56.7 - 63.0 (13.1%)
2016-07-05,112.85907966767068,113.11660766601562,111.89828062695301,113.11660766601562,14207000,21246275,-33.13,113.39,114.31,110.1,91.03,47.99,112.8 - 113.4 (40.6%),109.0 - 110.0 (17.2%),92.8 - 95.7 (14.7%),56.7 - 63.0 (13.2%)
2016-07-06,112.28456258250826,115.68202272586471,111.89826308852147,115.5928726196289,24337600,21608005,12.63,113.34,114.43,110.28,91.12,55.67,112.8 - 113.6 (40.0%),109.0 - 110.0 (17.1%),92.8 - 95.7 (14.7%),56.7 - 63.0 (13.2%)
2016-07-07,115.52355276769588,115.86033118817845,114.26560431819628,114.7509536743164,16630200,21714235,-23.41,113.21,114.52,110.42,91.21,52.82,112.8 - 113.6 (34.2%),109.0 - 110.0 (17.2%),92.8 - 95.7 (14.7%),56.7 - 63.0 (13.1%)
2016-07-08,115.32544859201491,116.38529738077624,114.75094914019623,116.12776184082031,18142600,21928405,-17.26,113.15,114.63,110.61,91.3,56.73,112.8 - 113.6 (35.0%),116.0 - 117.0 (15.7%),92.8 - 95.7 (14.7%),56.7 - 63.0 (13.1%)
2016-07-11,116.59329955025511,117.57390543235829,116.38529269993113,116.75178527832031,17711600,21888445,-19.08,113.21,114.75,110.79,91.39,58.41,112.5 - 113.4 (35.3%),116.0 - 117.0 (17.1%),92.8 - 95.7 (14.8%),55.8 - 62.0 (12.9%)
2016-07-12,117.50457445685197,117.59372457166381,116.45463291650289,116.81121826171875,15217700,21063420,-27.75,113.41,114.88,110.99,91.48,58.58,112.5 - 113.4 (29.4%),116.0 - 117.0 (18.2%),92.8 - 95.7 (14.7%),55.8 - 62.0 (12.9%)
2016-07-13,117.2668613126733,117.27676856099,115.57308458729571,115.67213439941406,16207700,20992880,-22.79,113.5,114.99,111.18,91.57,54.14,112.5 - 113.4 (24.3%),116.0 - 117.0 (19.1%),92.8 - 95.7 (14.8%),55.8 - 62.0 (12.9%)
2016-07-14,116.38529108816606,116.52396231979498,115.59287757284474,116.17728424072266,14579700,20730895,-29.67,113.63,115.07,111.34,91.66,55.74,112.5 - 113.4 (24.5%),116.0 - 117.0 (20.3%),92.8 - 95.7 (14.8%),55.8 - 62.0 (12.9%)
2016-07-15,116.62302218750236,117.15790022296558,115.47403080381604,115.75137329101562,16646000,20601380,-19.2,113.75,115.14,111.5,91.75,54.03,112.5 - 113.4 (26.6%),116.0 - 117.0 (20.4%),92.8 - 95.7 (14.8%),55.8 - 62.0 (12.9%)
2016-07-18,116.20699399564671,118.47526985085412,115.78107306987387,118.237548828125,20868400,20412585,2.23,114.07,115.24,111.68,91.84,61.47,115.5 - 116.2 (34.5%),116.0 - 117.0 (20.4%),92.8 - 95.7 (14.2%),55.8 - 62.0 (12.9%)
2016-07-19,117.86117084982855,119.7035261204658,117.53430721692177,119.46580505371094,21541300,20450380,5.33,114.43,115.41,111.9,91.93,64.53,112.8 - 113.4 (28.7%),116.0 - 117.0 (20.5%),92.8 - 95.7 (14.2%),55.8 - 62.0 (12.9%)
2016-07-20,120.09971708600177,121.04070153727147,119.41626060763855,120.76335906982422,20046500,20494390,-2.19,114.8,115.6,112.0,92.03,67.47,115.2 - 116.0 (22.5%),115.5 - 116.6 (25.3%),93.0 - 96.0 (14.2%),56.7 - 63.0 (13.2%)
2016-07-21,120.76337500780947,120.94166769712973,119.1092196750704,119.46580505371094,17801700,20642160,-13.76,115.13,115.8,112.07,92.12,61.94,115.2 - 116.0 (23.0%),115.5 - 116.6 (25.3%),93.0 - 96.0 (14.3%),56.7 - 63.0 (13.2%)
2016-07-22,118.76254111489672,119.86201143555377,118.17813436317928,119.85210418701172,18422400,20754435,-11.24,115.42,116.0,112.12,92.22,62.92,119.2 - 120.0 (22.9%),115.5 - 116.6 (25.7%),93.0 - 96.0 (14.3%),56.7 - 63.0 (13.2%)
2016-07-25,120.23839893874138,120.6940341122184,116.6626456168943,120.47611999511719,18487400,19646650,-5.9,115.9,116.08,112.18,92.31,64.5,119.2 - 120.0 (21.3%),115.5 - 116.6 (25.7%),93.0 - 96.0 (14.0%),46.4 - 52.2 (11.5%)
2016-07-26,120.84261406391573,120.91194968773732,119.6044725263756,120.07001495361328,17612000,18720730,-5.92,116.5,116.14,112.25,92.41,62.63,119.4 - 120.0 (21.1%),115.5 - 116.6 (25.8%),93.0 - 96.0 (13.9%),74.1 - 79.8 (12.5%)
2016-07-27,121.25862105025269,123.81414685502418,120.35725799079633,122.16989135742188,52654200,20012750,163.1,117.03,116.22,112.36,92.51,67.82,115.5 - 116.2 (21.7%),116.4 - 117.6 (21.3%),93.0 - 96.1 (15.1%),46.4 - 52.2 (11.5%)
2016-07-28,126.31022228038218,127.11254299898633,122.45712707561721,123.81413269042969,78955800,22912125,244.6,117.57,116.34,112.53,92.61,71.2,123.2 - 124.0 (21.6%),115.7 - 117.0 (23.8%),92.4 - 95.7 (13.6%),53.1 - 59.0 (11.6%)
2016-07-29,123.46746938349035,124.64617492877721,122.53638457615774,122.76420593261719,35058800,23505430,49.15,118.05,116.44,112.73,92.71,66.41,123.2 - 124.0 (20.7%),115.7 - 117.0 (21.1%),92.4 - 95.7 (13.6%),46.4 - 52.2 (11.5%)
2016-08-01,122.67504876919858,123.39812667405799,121.69444289341646,123.13068389892578,25006900,24006775,4.17,118.55,116.55,112.93,92.81,67.24,123.2 - 124.0 (20.3%),115.7 - 117.0 (21.2%),102.3 - 105.6 (13.8%),46.4 - 52.2 (11.7%)
2016-08-02,122.8830554064807,123.61604055727139,120.91193641111819,121.92225646972656,23968400,24494845,-2.15,118.99,116.61,113.12,92.91,61.82,123.2 - 124.0 (19.8%),115.7 - 117.0 (19.4%),102.3 - 105.6 (13.8%),46.4 - 52.2 (11.7%)
2016-08-03,121.92226258674583,122.74439033233078,121.14966352251547,121.34777069091797,18525300,24204230,-23.46,119.28,116.66,113.29,93.0,59.37,123.2 - 124.0 (19.7%),115.7 - 117.0 (17.8%),102.3 - 105.6 (13.8%),46.4 - 52.2 (11.7%)
2016-08-04,121.77370217641872,123.60615018960158,121.34778117382885,123.18022918701172,21066000,24426020,-13.76,119.7,116.73,113.47,93.1,64.24,122.4 - 123.2 (20.0%),115.7 - 117.0 (16.2%),102.3 - 105.6 (13.8%),46.4 - 52.2 (11.7%)
2016-08-05,123.79433735576454,124.64617171605126,123.43775201563726,123.96272277832031,20184000,24528090,-17.71,120.09,116.82,113.66,93.19,66.1,123.6 - 124.2 (24.2%),115.7 - 117.0 (16.3%),102.3 - 105.6 (13.8%),46.4 - 52.2 (11.7%)
2016-08-08,124.06177854303174,124.25987816061341,123.36842232447988,124.07168579101562,15233900,24404205,-37.58,120.46,116.9,113.83,93.29,66.37,123.5 - 124.0 (24.5%),115.7 - 117.0 (16.3%),102.3 - 105.6 (13.9%),53.1 - 59.0 (11.8%)
2016-08-09,124.1509234252237,124.8938083405695,123.3486101348954,123.87358093261719,19621000,24624370,-20.32,120.81,116.99,114.01,93.39,65.37,123.5 - 124.0 (29.5%),115.7 - 117.0 (16.4%),102.3 - 105.6 (13.9%),53.1 - 59.0 (11.8%)
2016-08-10,123.88349718502266,124.28961126229709,123.35852634914437,123.69529724121094,10670100,24347490,-56.18,121.21,117.09,114.18,93.49,64.44,123.5 - 124.0 (32.9%),115.7 - 117.0 (16.5%),102.3 - 105.6 (13.9%),53.1 - 59.0 (11.8%)
2016-08-11,124.01226023002873,124.19055292356747,123.56653227469022,123.7151107788086,11729500,24204980,-51.54,121.59,117.21,114.32,93.6,64.5,123.6 - 124.0 (36.5%),115.7 - 117.0 (16.6%),102.3 - 105.6 (13.9%),53.1 - 59.0 (11.8%)
2016-08-12,123.51700454628843,123.81416155683151,123.00194095929936,123.69529724121094,12159000,23980630,-49.3,121.98,117.33,114.48,93.7,64.38,123.6 - 124.0 (40.2%),115.7 - 117.0 (16.7%),102.3 - 105.6 (14.0%),53.1 - 59.0 (11.8%)
2016-08-15,123.72500693066762,123.7349066215754,122.52647931342133,122.7245864868164,19295100,23901965,-19.27,122.21,117.45,114.62,93.79,58.69,123.6 - 124.0 (40.2%),115.7 - 117.0 (16.9%),102.3 - 105.6 (14.0%),46.4 - 52.2 (11.8%)
2016-08-16,122.3283791565194,122.7443928832869,121.6152084494803,122.13027954101562,14222400,23536020,-39.57,122.34,117.55,114.75,93.89,55.46,123.6 - 123.9 (35.2%),115.7 - 117.0 (15.3%),102.3 - 105.6 (14.0%),46.4 - 52.2 (11.8%)
2016-08-17,122.48687624617278,123.20003946228933,121.68455534788966,123.19013977050781,13794200,23223405,-40.6,122.46,117.69,114.88,93.98,59.72,123.6 - 123.9 (39.2%),115.7 - 117.0 (13.8%),102.3 - 105.6 (14.0%),46.4 - 52.2 (11.8%)
2016-08-18,122.8335392456423,123.08116753596097,122.467046655445,122.73448944091797,12400800,22953360,-45.97,122.63,117.79,115.02,94.08,57.18,122.7 - 123.0 (24.5%),123.5 - 124.8 (13.0%),102.3 - 105.6 (14.0%),46.4 - 52.2 (11.8%)
2016-08-19,122.42743118864178,122.98212372475919,122.11046726386729,122.38780975341797,11688300,22616655,-48.32,122.75,117.88,115.14,94.17,55.26,123.0 - 123.3 (24.0%),123.5 - 124.8 (13.1%),102.3 - 105.6 (14.0%),74.1 - 79.8 (12.8%)
2016-08-22,122.15998565460785,123.64575534374582,121.94207155774515,122.97220611572266,14386400,22411605,-35.81,122.88,117.96,115.25,94.27,57.83,123.6 - 123.9 (22.7%),123.5 - 124.8 (13.2%),102.3 - 105.6 (14.2%),74.1 - 79.8 (12.8%)
2016-08-23,123.3288110256152,123.90330298662435,123.07127545598009,123.19013977050781,13309500,22196480,-40.04,123.03,118.04,115.38,94.36,58.79,123.6 - 123.9 (23.7%),123.5 - 124.8 (13.2%),102.3 - 105.6 (14.2%),74.1 - 79.8 (12.9%)
2016-08-24,123.28917679461584,123.50709090346368,121.9222637689397,122.3085708618164,12243700,20175955,-39.32,123.04,118.12,115.5,94.45,53.53,123.0 - 123.2 (21.7%),122.2 - 123.5 (14.1%),102.4 - 105.6 (14.0%),74.1 - 79.8 (12.9%)
2016-08-25,121.95198408827432,123.19012554952907,121.93216959296541,122.71467590332031,10730800,16764705,-35.99,122.99,118.21,115.65,94.55,55.5,122.6 - 122.8 (20.0%),122.2 - 123.5 (15.0%),107.3 - 110.2 (12.3%),74.1 - 79.8 (12.9%)
2016-08-26,122.87315784768089,124.00234222095405,122.73448661285896,123.77452087402344,17504800,15887005,10.18,123.04,118.3,115.81,94.65,60.25,123.6 - 123.8 (24.9%),122.2 - 123.5 (15.0%),107.3 - 110.2 (12.4%),74.1 - 79.8 (12.9%)
2016-08-29,123.17030479666637,125.52773085561866,123.17030479666637,125.33953094482422,15925900,15432955,3.19,123.15,118.44,115.97,94.75,66.02,123.6 - 123.9 (34.2%),123.0 - 124.5 (20.3%),111.0 - 114.0 (13.0%),72.8 - 78.4 (13.8%)
2016-08-30,125.39896368221156,125.39896368221156,123.96272263289507,124.64617156982422,17804300,15124750,17.72,123.28,118.55,116.12,94.85,61.74,122.7 - 123.0 (27.3%),123.0 - 124.5 (20.4%),111.0 - 114.0 (12.9%),72.8 - 78.4 (13.8%)
2016-08-31,124.40845187207175,125.02257275420372,123.91319529013116,124.92352294921875,14200600,14908515,-4.75,123.46,118.69,116.26,94.95,62.78,122.7 - 123.0 (26.9%),123.0 - 124.5 (20.4%),111.0 - 114.0 (13.0%),72.8 - 78.4 (13.8%)
2016-09-01,125.1810445667249,125.42867284510608,124.4084455472981,124.97303771972656,13536100,14532020,-6.85,123.55,118.82,116.39,95.05,62.97,122.7 - 123.0 (26.6%),123.0 - 124.5 (20.4%),111.0 - 114.0 (13.0%),72.8 - 78.4 (13.8%)
2016-09-02,125.64658527990862,125.65649252687733,124.80465065593434,125.309814453125,12118800,14128760,-14.23,123.62,118.95,116.52,95.15,64.33,122.7 - 123.0 (26.7%),123.0 - 124.5 (20.4%),111.0 - 114.0 (13.0%),72.8 - 78.4 (13.8%)
2016-09-06,125.46831463594515,128.70729727468176,125.27021500390117,128.49928283691406,26278400,14680985,79.0,123.84,119.17,116.67,95.26,74.03,124.8 - 125.4 (27.1%),122.4 - 124.1 (27.7%),102.3 - 105.6 (14.7%),46.4 - 52.2 (12.1%)
2016-09-07,128.80633465324178,130.72793275072897,128.71719208930455,129.8067626953125,27990800,15099475,85.38,124.14,119.45,116.83,95.38,76.81,122.5 - 123.2 (23.1%),122.4 - 124.2 (27.4%),102.0 - 105.4 (14.0%),46.4 - 52.2 (12.1%)
2016-09-08,129.6779919912034,129.83647773748953,128.5785216866465,129.03416442871094,15676600,15349800,2.13,124.4,119.7,116.99,95.5,71.91,124.6 - 125.3 (20.4%),122.4 - 124.2 (27.4%),102.0 - 105.4 (14.0%),46.4 - 52.2 (12.1%)
2016-09-09,128.47947368503657,128.71718717980235,125.89422607421875,125.89422607421875,27100700,16118360,68.14,124.51,119.91,117.11,95.61,56.2,125.3 - 126.0 (23.1%),122.4 - 124.2 (27.2%),102.0 - 105.4 (14.0%),46.4 - 52.2 (12.1%)
2016-09-12,124.76503488710603,127.53846716000254,124.55702803341495,127.4691390991211,21252800,16573050,28.24,124.7,120.15,117.25,95.73,60.82,125.3 - 126.0 (22.4%),122.4 - 124.2 (27.4%),102.0 - 105.4 (14.1%),46.4 - 52.2 (12.2%)
2016-09-13,126.81539428901294,127.13236574400865,125.45839614313583,126.003173828125,18016200,16509105,9.13,124.87,120.38,117.37,95.84,55.01,125.3 - 126.0 (22.0%),122.4 - 124.2 (27.4%),102.0 - 105.4 (14.0%),46.4 - 52.2 (12.2%)
2016-09-14,125.686220057096,127.57810390720594,125.686220057096,126.55786895751953,15691100,16582540,-5.38,125.09,120.62,117.49,95.95,56.69,125.3 - 126.0 (21.7%),122.4 - 124.2 (27.5%),102.0 - 105.4 (14.0%),46.4 - 52.2 (12.2%)
2016-09-15,126.76587740578502,127.87525486431959,126.45881318774403,127.13236999511719,15077200,16646690,-9.43,125.28,120.85,117.61,96.05,58.43,124.8 - 125.4 (21.6%),122.4 - 124.2 (27.6%),102.0 - 105.4 (14.0%),46.4 - 52.2 (12.2%)
2016-09-16,126.9837710109381,127.95446957583557,126.9837710109381,127.84552764892578,24119200,17232610,39.96,125.54,121.1,117.72,96.16,60.55,124.5 - 125.0 (17.2%),122.4 - 124.2 (27.6%),102.0 - 105.4 (14.0%),74.1 - 79.8 (13.2%)
2016-09-19,128.67758368708897,128.7072978763328,127.04322770851171,127.42952728271484,14958800,17396135,-14.01,125.79,121.32,117.83,96.26,58.67,127.0 - 127.5 (19.4%),122.4 - 124.2 (27.7%),102.0 - 105.4 (14.2%),74.1 - 79.8 (13.3%)
2016-09-20,127.42952402009671,127.94459514385775,126.81541063940305,127.41962432861328,11083800,17231005,-35.68,126.01,121.6,117.95,96.36,58.63,127.0 - 127.5 (24.3%),122.4 - 124.2 (27.9%),102.0 - 105.4 (14.2%),74.1 - 79.8 (13.3%)
2016-09-21,127.90499252048532,128.77663398275405,127.17200720731846,128.70730590820312,14068300,17268945,-18.53,126.29,121.94,118.07,96.46,62.77,127.0 - 127.5 (24.3%),122.4 - 124.2 (27.9%),102.0 - 105.4 (14.2%),74.1 - 79.8 (13.3%)
2016-09-22,129.26196095847433,129.48977474202815,128.3308762160841,128.845947265625,15538300,17433675,-10.87,126.62,122.23,118.21,96.56,63.2,127.2 - 127.6 (18.3%),122.4 - 124.2 (28.0%),102.0 - 105.4 (14.2%),74.1 - 79.8 (13.3%)
2016-09-23,126.34985645643836,127.37999860820493,126.09232847551242,126.74606323242188,28326300,18313450,54.67,126.82,122.46,118.34,96.66,53.23,127.2 - 127.6 (17.2%),122.4 - 124.2 (28.2%),102.0 - 105.4 (14.2%),74.1 - 79.8 (13.3%)
2016-09-26,126.16166218488229,126.94416847742599,125.59706999368184,126.10222625732422,15064900,18191455,-17.19,126.93,122.67,118.46,96.77,50.6,127.2 - 127.6 (16.3%),123.0 - 124.5 (21.2%),102.0 - 105.4 (14.3%),74.1 - 79.8 (13.5%)
2016-09-27,126.39938308841081,127.78609544635128,126.2210904199591,127.4691390991211,15637100,18177015,-13.97,127.04,122.91,118.58,96.88,55.62,127.2 - 127.6 (22.5%),121.8 - 123.2 (23.1%),102.0 - 105.4 (14.3%),74.1 - 79.8 (13.5%)
2016-09-28,127.98422893660329,128.24175695112336,127.18190047537908,128.0040283203125,12047600,17889180,-32.65,127.21,123.16,118.73,96.99,57.44,127.2 - 127.5 (23.9%),121.8 - 123.2 (23.3%),102.0 - 105.4 (14.3%),74.1 - 79.8 (13.5%)
2016-09-29,127.95448021957269,128.06343726957573,126.33995407829417,126.87482452392578,14532200,17905760,-18.84,127.31,123.35,118.89,97.1,52.54,127.2 - 127.5 (24.0%),121.8 - 123.2 (23.4%),102.3 - 105.4 (14.4%),74.1 - 79.8 (13.5%)
2016-09-30,126.81540249688234,127.37008746499485,126.24090303304244,127.05313110351562,18402900,18149100,1.4,127.41,123.55,119.04,97.21,53.22,127.2 - 127.5 (24.8%),121.8 - 123.2 (23.4%),102.3 - 105.4 (14.4%),74.1 - 79.8 (13.5%)
2016-10-03,127.16208608690262,127.86534197643171,126.587586632424,127.54838562011719,13156900,18201005,-27.71,127.52,123.74,119.19,97.32,55.14,126.6 - 126.9 (17.4%),121.8 - 123.2 (23.1%),107.3 - 110.2 (13.1%),74.1 - 79.8 (13.6%)
2016-10-04,127.94459862423695,128.05355568964964,126.33997194637105,126.9738998413086,14307500,17602460,-18.72,127.45,123.91,119.33,97.43,52.45,126.9 - 127.2 (19.7%),123.5 - 124.8 (16.8%),107.3 - 110.2 (13.0%),74.1 - 79.8 (13.7%)
2016-10-05,127.03332184202931,127.57810714174119,126.61730809880363,127.25123596191406,12386800,16822260,-26.37,127.32,124.09,119.49,97.54,53.62,127.2 - 127.5 (22.6%),123.5 - 124.8 (17.0%),107.3 - 110.2 (13.1%),74.1 - 79.8 (13.7%)
2016-10-06,127.21158974328783,127.83561783064383,126.86491922789148,127.51866149902344,11682700,16622565,-29.72,127.24,124.29,119.64,97.65,54.78,127.2 - 127.5 (23.0%),123.6 - 124.8 (17.1%),107.3 - 110.2 (13.1%),74.1 - 79.8 (13.7%)
2016-10-07,127.81581758523922,128.02383200889005,127.11256167210443,127.76630401611328,12804400,15907750,-19.51,127.34,124.48,119.77,97.77,55.89,127.2 - 127.5 (24.1%),123.6 - 124.8 (17.2%),107.3 - 110.2 (13.1%),74.1 - 79.8 (13.7%)
2016-10-10,128.4497706246829,129.46009852592957,127.97432842399303,129.0044708251953,15138700,15602045,-2.97,127.41,124.7,119.92,97.88,61.0,126.6 - 126.9 (19.1%),123.6 - 124.8 (17.2%),103.6 - 106.4 (12.4%),74.1 - 79.8 (13.9%)
2016-10-11,128.9945169928,129.40063099183388,127.01349078954838,127.65733337402344,17537900,15578130,12.58,127.5,124.86,120.05,97.99,53.7,127.5 - 127.8 (23.9%),123.6 - 124.8 (17.2%),103.6 - 106.4 (12.4%),74.1 - 79.8 (13.9%)
2016-10-12,127.78609275188502,128.42993535123452,127.2413226246296,127.82572174072266,11073000,15347225,-27.85,127.56,125.0,120.2,98.1,54.44,127.5 - 127.8 (24.2%),123.6 - 124.8 (17.2%),103.6 - 106.4 (12.4%),74.1 - 79.8 (13.9%)
2016-10-13,126.9936984408987,127.03331231698363,125.54754258228206,126.60739135742188,17139300,15450330,10.93,127.53,125.09,120.35,98.22,48.45,126.6 - 126.9 (26.2%),123.6 - 124.8 (17.2%),103.6 - 106.4 (12.4%),74.1 - 79.8 (13.9%)
2016-10-14,127.27105321563171,127.72668084778321,126.36968252876608,126.66683197021484,13345300,14911635,-10.5,127.47,125.21,120.51,98.33,48.75,127.5 - 127.8 (25.8%),123.0 - 124.0 (20.6%),103.6 - 106.4 (12.4%),74.1 - 79.8 (13.9%)
2016-10-17,126.98378235444292,127.25122513591812,126.11213350607633,126.33004760742188,11351700,14731280,-22.94,127.42,125.32,120.66,98.44,47.1,127.5 - 127.8 (26.2%),123.3 - 124.2 (15.9%),103.6 - 106.4 (12.5%),74.1 - 79.8 (14.0%)
2016-10-18,127.45923033279772,128.1625013495178,126.79558830762821,127.35028839111328,13504000,14852290,-9.08,127.42,125.44,120.76,98.55,52.36,127.5 - 127.8 (26.5%),126.9 - 127.8 (16.5%),103.6 - 106.4 (12.5%),74.1 - 79.8 (14.0%)
2016-10-19,127.51867315679162,129.23225673865977,127.38000191514966,128.87567138671875,16752300,14986490,11.78,127.42,125.58,120.86,98.67,58.94,127.5 - 127.8 (25.9%),126.9 - 127.8 (16.5%),103.6 - 106.4 (12.5%),74.1 - 79.8 (14.0%)
2016-10-20,128.83605154865208,129.4204506746744,128.27145180335413,128.76670837402344,13167500,14867950,-11.44,127.42,125.69,120.96,98.78,58.32,127.5 - 127.8 (26.1%),127.2 - 128.0 (15.5%),103.6 - 106.4 (12.5%),74.1 - 79.8 (14.0%)
2016-10-21,128.54879408257028,130.87650600686567,128.46955121769733,130.81707763671875,19088800,14406075,32.51,127.62,125.81,121.08,98.9,65.64,127.2 - 127.6 (23.9%),126.9 - 127.8 (16.6%),107.3 - 110.2 (13.3%),58.0 - 63.8 (12.3%)
2016-10-24,131.46092471848849,132.14438130506912,130.8963248899103,132.01560974121094,17470200,14526340,20.27,127.92,125.96,121.2,99.01,69.05,127.2 - 127.8 (31.3%),123.0 - 124.0 (21.1%),111.0 - 114.0 (13.9%),58.0 - 63.8 (12.3%)
2016-10-25,132.2335006621293,132.2335006621293,130.96564508587701,131.03497314453125,13336800,14411325,-7.46,128.1,126.09,121.32,99.13,63.49,127.2 - 127.8 (31.5%),126.9 - 127.8 (16.6%),111.0 - 114.0 (13.9%),58.0 - 63.8 (12.3%)
2016-10-26,130.39114312581,131.00525640777084,129.6977869826235,129.7968292236328,13084700,14463180,-9.53,128.19,126.23,121.42,99.24,57.22,127.2 - 127.8 (25.7%),126.9 - 127.8 (17.2%),111.0 - 114.0 (13.9%),58.0 - 63.8 (12.3%)
2016-10-27,130.49021078818086,130.54963916028672,128.04364204294623,128.45965576171875,16741400,14573640,14.87,128.27,126.34,121.5,99.35,51.32,128.4 - 129.0 (21.1%),126.9 - 127.8 (18.3%),111.0 - 114.0 (13.9%),58.0 - 63.8 (12.3%)
2016-10-28,129.2619653772259,131.70853405364147,128.69736563003872,130.04446411132812,24545500,14880770,64.95,128.42,126.46,121.59,99.47,56.98,128.4 - 129.0 (20.0%),126.9 - 127.8 (18.4%),111.0 - 114.0 (13.9%),58.0 - 63.8 (12.4%)
2016-10-31,130.75762691778493,130.86658396170282,129.63835740920715,129.747314453125,15669000,15006375,4.42,128.53,126.56,121.69,99.59,55.67,129.6 - 130.2 (22.8%),126.9 - 127.8 (18.6%),111.0 - 114.0 (14.0%),58.0 - 63.8 (12.6%)
2016-11-01,130.16335309888362,130.68832392552616,127.42952678682333,128.27146911621094,22077800,15394890,43.41,128.59,126.63,121.76,99.7,49.59,129.6 - 130.2 (22.4%),126.9 - 127.8 (18.6%),111.0 - 114.0 (14.0%),58.0 - 63.8 (12.6%)
2016-11-02,128.99452998983858,128.99452998983858,125.08200586701048,125.96356201171875,39640900,16757595,136.55,128.53,126.66,121.82,99.8,41.88,129.6 - 130.2 (20.0%),127.2 - 128.0 (17.1%),111.0 - 114.0 (13.9%),58.0 - 63.8 (12.6%)
2016-11-03,120.84262173970541,122.11047754555669,118.36633850733439,118.8615951538086,63766300,19361775,229.34,128.09,126.58,121.83,99.89,27.64,118.3 - 119.6 (20.3%),126.5 - 127.6 (22.9%),111.0 - 114.0 (13.9%),58.0 - 63.8 (12.5%)
2016-11-04,118.45547035611263,120.77327518149926,118.11869949435595,119.6044692993164,30545500,20248830,50.85,127.69,126.51,121.86,99.98,30.31,118.3 - 119.6 (19.3%),126.5 - 127.6 (22.7%),111.0 - 114.0 (13.9%),58.0 - 63.8 (12.6%)
2016-11-07,121.6647373229092,122.0411296157638,120.19877447202514,120.9911880493164,23008900,20642340,11.46,127.28,126.47,121.9,100.07,35.12,118.3 - 119.6 (18.6%),126.5 - 127.6 (22.6%),111.0 - 114.0 (14.0%),58.0 - 63.8 (12.7%)
2016-11-08,120.87231588317785,123.42784156884495,120.38696656609106,123.04154205322266,19460800,20738485,-6.16,127.05,126.47,121.96,100.17,41.55,118.3 - 119.6 (18.3%),126.5 - 127.6 (22.6%),111.0 - 114.0 (14.0%),58.0 - 63.8 (12.7%)
2016-11-09,120.34735113281768,122.63543415586322,119.3667452025147,122.01141357421875,31916000,21780635,46.53,126.76,126.47,122.01,100.26,39.43,118.3 - 119.6 (17.5%),126.5 - 127.6 (22.1%),111.0 - 114.0 (14.0%),58.0 - 63.8 (12.7%)
2016-11-10,122.75429514224587,123.00192343006957,114.17644762466536,119.65399169921875,67846700,24316005,179.02,126.42,126.41,122.05,100.36,35.04,119.6 - 120.9 (23.5%),126.5 - 127.6 (21.1%),111.0 - 114.0 (13.9%),58.0 - 63.8 (12.7%)
2016-11-11,118.3960406138323,119.55493923462397,117.02913512959205,117.89087677001953,32840100,25290745,29.85,125.98,126.33,122.06,100.45,32.16,119.0 - 120.4 (22.8%),127.2 - 128.4 (17.7%),111.0 - 114.0 (13.9%),58.0 - 63.8 (12.7%)
2016-11-14,117.99984009724257,117.99984009724257,112.47278193624234,113.98826599121094,51377000,27292010,88.25,125.36,126.19,122.04,100.52,26.88,119.0 - 120.7 (21.1%),126.0 - 127.5 (21.8%),111.0 - 114.0 (14.7%),58.0 - 63.8 (12.8%)
2016-11-15,115.62262274301669,117.36592073874647,114.73115924689527,116.0881576538086,34681400,28350880,22.33,124.8,126.07,122.02,100.6,33.23,118.4 - 120.0 (33.3%),126.0 - 127.5 (21.4%),111.0 - 114.0 (14.6%),58.0 - 63.8 (12.8%)
2016-11-16,113.39394257165345,116.76168105293094,113.12649980376607,115.23628997802734,32397900,29133160,11.21,124.11,125.94,121.99,100.67,32.02,118.4 - 120.0 (32.0%),126.0 - 127.5 (21.1%),111.0 - 114.0 (14.6%),58.0 - 63.8 (12.7%)
2016-11-17,115.70184772772633,116.67255401611328,114.90944167965048,116.67255401611328,18597800,29404675,-36.75,123.51,125.85,121.98,100.75,36.25,118.4 - 120.0 (31.9%),126.0 - 127.5 (21.0%),111.0 - 114.0 (14.7%),58.0 - 63.8 (12.7%)
2016-11-18,117.26684915693053,117.9998267590463,115.73155077868628,115.90984344482422,22879300,29594200,-22.69,122.76,125.74,121.97,100.82,35.0,118.4 - 120.0 (32.0%),126.0 - 127.5 (20.8%),111.0 - 114.0 (14.7%),58.0 - 63.8 (12.8%)
2016-11-21,117.07865255967455,120.79307691191062,116.68245334104859,120.61478424072266,35415400,30491460,16.15,122.19,125.68,121.99,100.91,47.08,119.0 - 120.4 (18.7%),126.0 - 127.5 (20.5%),111.0 - 114.0 (14.7%),58.0 - 63.8 (12.8%)
2016-11-22,121.23882749789841,121.81332701642037,119.75305757159333,120.3176498413086,26089200,31129080,-16.19,121.66,125.6,122.02,100.99,46.49,118.8 - 120.0 (30.6%),126.0 - 127.5 (20.3%),111.0 - 114.0 (14.6%),58.0 - 63.8 (12.8%)
2016-11-23,120.07991824445561,120.15915355691453,118.80215531298295,119.69361114501953,15672100,31258450,-49.86,121.15,125.52,122.04,101.08,45.21,118.8 - 119.7 (35.1%),126.0 - 127.5 (20.2%),111.0 - 114.0 (14.6%),58.0 - 63.8 (12.8%)
2016-11-25,119.86200422555105,119.99076822078636,118.93091940103363,119.23797607421875,8658600,30854310,-71.94,120.69,125.42,122.06,101.17,44.26,118.8 - 119.7 (21.9%),126.0 - 127.5 (20.5%),111.0 - 114.0 (14.7%),58.0 - 63.8 (12.9%)
2016-11-28,118.98044284425855,120.5355481946108,118.68328587508933,119.26769256591797,18101300,30532100,-40.71,120.15,125.33,122.07,101.25,44.34,118.8 - 119.7 (26.5%),126.0 - 127.5 (20.5%),111.0 - 114.0 (14.7%),74.1 - 79.8 (14.8%)
2016-11-29,119.42617827818997,120.94166229116342,119.25779284497428,119.72333526611328,18891000,30693200,-38.45,119.65,125.23,122.09,101.34,45.67,119.2 - 120.0 (31.1%),126.0 - 127.5 (20.5%),111.0 - 114.0 (14.6%),74.1 - 79.8 (14.8%)
2016-11-30,119.17854639145722,120.6346019858839,116.8310274170738,117.29656982421875,30188900,31098755,-2.93,119.1,125.05,122.11,101.43,40.17,119.0 - 119.7 (26.7%),126.0 - 127.5 (20.2%),111.0 - 114.0 (14.6%),74.1 - 79.8 (14.8%)
2016-12-01,117.25694625605831,117.32628187562564,112.91850129524053,114.00806427001953,43277000,31280560,38.35,118.51,124.78,122.12,101.51,34.16,113.4 - 114.1 (24.3%),126.0 - 127.5 (19.8%),111.0 - 114.0 (14.6%),74.1 - 79.8 (14.8%)
2016-12-02,114.01796422067997,115.3749698962405,113.21565102317422,114.30521392822266,25070400,29345765,-14.57,118.28,124.54,122.12,101.59,35.11,113.4 - 114.1 (24.8%),126.0 - 127.5 (19.6%),111.0 - 114.0 (14.6%),74.1 - 79.8 (14.8%)
2016-12-05,114.84999337137425,116.4546273481186,113.97834454531178,116.31595611572266,20201500,28828565,-29.93,118.11,124.38,122.14,101.67,41.25,115.5 - 116.2 (16.4%),126.0 - 127.5 (19.3%),111.0 - 114.0 (14.6%),72.8 - 78.4 (15.8%)
2016-12-06,116.57349762013557,116.68245467360674,115.226399101779,116.19709777832031,19131200,28634680,-33.19,117.87,124.19,122.17,101.75,41.0,119.7 - 120.4 (13.4%),126.0 - 127.5 (19.4%),111.0 - 114.0 (14.6%),72.8 - 78.4 (15.8%)
2016-12-07,115.8900548268551,116.83103942871094,115.46413381025353,116.83103942871094,21913700,28757325,-23.8,117.56,124.04,122.21,101.84,42.96,116.2 - 116.9 (18.7%),126.0 - 127.5 (19.5%),111.0 - 114.0 (14.6%),72.8 - 78.4 (15.8%)
2016-12-08,116.86075143175768,118.36632818059958,116.52397301188839,117.78192901611328,22442800,28283665,-20.65,117.35,123.89,122.25,101.93,45.87,119.7 - 120.4 (13.7%),126.0 - 127.5 (19.4%),111.0 - 114.0 (14.6%),72.8 - 78.4 (15.8%)
2016-12-09,118.08898154704835,118.80215223984229,117.82153875874273,118.54461669921875,17464700,25764565,-32.21,117.3,123.75,122.3,102.02,48.15,119.7 - 120.4 (13.9%),126.0 - 127.5 (19.6%),111.0 - 114.0 (14.6%),71.5 - 77.0 (14.3%)
2016-12-12,118.08898920492393,118.10879614455676,116.53388372668616,116.65274047851562,17805500,25012835,-28.81,117.23,123.56,122.33,102.11,43.28,114.0 - 114.6 (22.4%),126.0 - 127.5 (18.1%),111.0 - 114.0 (14.6%),74.2 - 79.5 (13.6%)
2016-12-13,116.74188583046137,120.36716019647567,116.4942575315773,119.16864013671875,29768000,23932385,24.38,117.49,123.42,122.37,102.2,50.46,114.0 - 114.6 (22.1%),118.5 - 120.0 (19.5%),111.0 - 114.0 (14.6%),74.2 - 79.5 (13.7%)
2016-12-14,118.86158084787763,120.5355505297303,117.72248918668231,119.06958770751953,25913100,23493970,10.3,117.64,123.28,122.44,102.29,50.19,118.8 - 119.4 (25.9%),118.5 - 120.0 (21.2%),111.0 - 114.0 (14.6%),74.2 - 79.5 (13.6%)
2016-12-15,118.94082861934046,121.33786878491783,118.49509313857396,119.42617797851562,20139600,22881055,-11.98,117.85,123.13,122.54,102.38,51.2,118.8 - 119.4 (24.3%),118.5 - 120.0 (22.6%),111.0 - 114.0 (14.6%),74.2 - 79.5 (13.6%)
2016-12-16,119.75306136825692,120.34736784621758,118.13851982732714,118.73283386230469,25324300,23217380,9.07,117.95,122.96,122.6,102.47,49.11,118.8 - 119.4 (20.7%),118.5 - 120.0 (24.3%),111.0 - 114.0 (14.6%),74.2 - 79.5 (13.7%)
2016-12-19,118.71299350268133,119.2181572995566,117.38570957628248,118.10877990722656,15918100,22869320,-30.4,118.06,122.82,122.64,102.55,47.25,114.0 - 114.6 (19.3%),118.5 - 120.0 (24.3%),111.0 - 114.0 (14.7%),74.2 - 79.5 (13.8%)
2016-12-20,118.36632674463867,118.63376198207092,117.67297053128398,117.96021270751953,13684400,21782770,-37.18,117.93,122.68,122.68,102.64,46.79,119.0 - 119.5 (21.8%),118.5 - 120.0 (24.3%),111.0 - 114.0 (14.6%),74.2 - 79.5 (13.9%)
2016-12-21,117.79182600503424,118.06916848737858,117.35600534292851,117.91069030761719,10767600,21016690,-48.77,117.81,122.52,122.72,102.73,46.63,119.0 - 119.5 (23.1%),118.5 - 120.0 (24.3%),111.0 - 114.0 (14.6%),74.2 - 79.5 (13.9%)
2016-12-22,117.73239556960283,117.86115956071654,115.8207048560608,116.28624725341797,16258600,21046015,-22.75,117.64,122.33,122.74,102.81,41.56,119.0 - 119.5 (25.1%),118.5 - 120.0 (24.3%),111.0 - 114.0 (14.6%),74.2 - 79.5 (13.9%)
2016-12-23,115.89004309661435,116.44472806413083,115.19668688721875,116.15747833251953,10890000,21157585,-48.53,117.49,122.15,122.75,102.9,41.18,116.1 - 116.4 (23.1%),118.5 - 120.0 (24.6%),111.0 - 114.0 (14.7%),74.2 - 79.5 (13.9%)
2016-12-27,115.8504153389776,117.55409913995037,115.75136553690103,116.89045715332031,12051500,20855095,-42.21,117.37,121.98,122.77,102.98,44.32,118.5 - 118.8 (16.4%),118.5 - 120.0 (25.0%),111.0 - 114.0 (14.6%),74.2 - 79.5 (14.0%)
2016-12-28,117.06876232187419,117.12819069806352,115.54337102454583,115.81080627441406,12087400,20514915,-41.08,117.17,121.78,122.76,103.07,40.86,118.8 - 119.2 (22.2%),118.5 - 120.0 (25.0%),111.0 - 114.0 (14.6%),74.2 - 79.5 (14.0%)
2016-12-29,115.89004327607714,116.41501405786332,114.95895845886186,115.24620819091797,9934900,19502215,-49.06,117.07,121.59,122.75,103.15,39.14,118.8 - 119.2 (23.4%),118.5 - 120.0 (25.0%),111.0 - 114.0 (14.7%),74.2 - 79.5 (14.0%)
2016-12-30,115.49384046324981,115.72166182996789,113.68119944876305,113.95854949951172,18684100,18272570,2.25,117.07,121.37,122.73,103.24,35.48,119.0 - 119.5 (31.7%),118.5 - 120.0 (25.0%),111.0 - 114.0 (14.9%),74.2 - 79.5 (14.0%)
2017-01-03,114.92924552037682,116.72207199621421,114.41418198086558,115.75137329101562,20663900,18052245,14.47,117.14,121.17,122.73,103.32,43.42,119.0 - 119.5 (21.7%),118.5 - 120.0 (25.2%),111.0 - 114.0 (14.9%),74.2 - 79.5 (14.1%)
2017-01-04,116.43482621035429,118.5248096045857,116.17729067007032,117.56401062011719,19630900,18023715,8.92,117.2,121.0,122.74,103.41,50.11,117.5 - 118.0 (21.4%),118.5 - 120.0 (25.0%),111.0 - 114.0 (15.0%),74.2 - 79.5 (14.1%)
2017-01-05,117.73241138325781,119.802580551847,117.19753329468523,119.52523803710938,19492200,18041765,8.04,117.37,120.84,122.77,103.51,56.15,117.6 - 118.2 (19.7%),118.5 - 120.0 (26.3%),111.0 - 114.0 (15.0%),74.2 - 79.5 (14.1%)
2017-01-06,119.83228759949638,122.70476977008299,118.89129554618714,122.2392349243164,28545300,18373345,55.36,117.64,120.75,122.8,103.61,62.86,115.2 - 116.0 (20.5%),118.5 - 120.0 (26.0%),111.0 - 114.0 (15.0%),74.2 - 79.5 (14.1%)
2017-01-09,122.3779193557764,124.24008161061248,121.87275546458054,123.7151107788086,22880400,18395225,24.38,117.94,120.68,122.84,103.71,65.91,117.0 - 118.0 (20.4%),118.5 - 120.0 (25.9%),111.0 - 114.0 (15.1%),74.2 - 79.5 (14.2%)
2017-01-10,123.63585337237265,124.30940262913785,123.10097535461655,123.1703109741211,17324600,18388220,-5.78,118.17,120.63,122.86,103.81,63.82,115.0 - 116.0 (19.5%),118.5 - 120.0 (25.9%),111.0 - 114.0 (15.1%),74.2 - 79.5 (14.2%)
2017-01-11,123.17030807175566,124.92352057036867,122.88305835285817,124.893798828125,18356500,18415770,-0.32,118.58,120.6,122.9,103.91,67.34,115.5 - 116.6 (26.4%),118.5 - 120.0 (25.7%),111.0 - 114.0 (15.1%),74.2 - 79.5 (14.2%)
2017-01-12,124.4183570708104,125.52773451661425,123.61604383952381,125.41877746582031,18653900,17860065,4.44,118.89,120.58,122.95,104.01,68.35,122.1 - 123.2 (20.0%),118.5 - 120.0 (25.7%),111.0 - 114.0 (15.1%),74.2 - 79.5 (14.2%)
2017-01-13,126.28052470997191,128.04364453931612,126.16166796344295,127.1224594116211,24884300,17808625,39.73,119.29,120.58,123.01,104.11,71.44,122.2 - 123.5 (18.9%),118.5 - 120.0 (25.5%),111.0 - 114.0 (15.1%),74.2 - 79.5 (14.2%)
2017-01-17,126.82529925441177,127.12245622732253,126.19137898909925,126.65692138671875,15294500,17566370,-12.93,119.66,120.54,123.06,104.21,69.45,122.2 - 123.5 (18.6%),118.5 - 120.0 (25.7%),111.0 - 114.0 (15.3%),74.2 - 79.5 (14.3%)
2017-01-18,127.1918006843966,127.2116000658336,125.63668774179025,126.7064437866211,13145900,16957450,-22.48,120.05,120.51,123.1,104.31,69.54,126.1 - 127.4 (21.5%),118.5 - 120.0 (25.7%),111.0 - 114.0 (15.3%),74.2 - 79.5 (14.3%)
2017-01-19,127.01349989356672,127.13237175182299,126.240900828043,126.33995819091797,12195500,16771320,-27.28,120.47,120.43,123.12,104.42,67.82,126.1 - 127.4 (26.2%),118.5 - 120.0 (25.8%),111.0 - 114.0 (15.3%),74.2 - 79.5 (14.3%)
2017-01-20,126.8847421820077,127.26112690627609,125.57725755256503,125.83479309082031,19097200,17041960,12.06,120.86,120.33,123.15,104.51,65.42,126.5 - 127.6 (21.3%),118.5 - 120.0 (25.8%),111.0 - 114.0 (15.4%),74.2 - 79.5 (14.3%)
2017-01-23,126.10219914063035,128.02379664978847,125.7456138800234,127.70682525634766,16593600,17333260,-4.27,121.35,120.27,123.18,104.61,69.7,126.0 - 127.2 (24.6%),119.0 - 120.4 (20.0%),111.0 - 114.0 (15.6%),74.2 - 79.5 (14.4%)
2017-01-24,128.15259974127866,128.66765571147525,127.16208656377992,128.14268493652344,15162700,17278465,-12.25,121.94,120.25,123.24,104.72,70.62,126.5 - 127.6 (20.4%),118.3 - 119.6 (16.3%),111.0 - 114.0 (15.5%),74.2 - 79.5 (14.4%)
2017-01-25,128.76672585811252,130.4902243991115,128.53891203660052,130.23268127441406,18731300,17670530,6.0,122.65,120.28,123.31,104.82,74.58,126.5 - 127.6 (20.5%),119.0 - 120.4 (19.9%),111.0 - 114.0 (15.5%),74.2 - 79.5 (14.4%)
2017-01-26,130.3812558446068,131.8769253182576,130.19305592053826,131.5203399658203,20020100,18068960,10.8,123.38,120.3,123.38,104.93,76.66,126.9 - 127.8 (15.9%),118.5 - 120.0 (25.6%),111.0 - 114.0 (15.6%),74.2 - 79.5 (14.4%)
2017-01-27,131.42128198256538,131.68872477414206,129.83646995677518,130.926025390625,19539500,18441565,5.95,124.13,120.32,123.44,105.04,73.66,126.4 - 127.2 (21.2%),118.5 - 120.0 (25.7%),114.4 - 117.0 (13.6%),74.2 - 79.5 (14.4%)
2017-01-30,130.33175610733028,130.33175610733028,128.37054379038173,129.73744201660156,18956100,18892625,0.34,124.86,120.34,123.48,105.14,67.93,126.4 - 127.2 (21.5%),118.5 - 120.0 (25.6%),114.4 - 117.0 (14.0%),71.4 - 76.5 (13.8%)
2017-01-31,128.9351084015549,129.4204653368486,128.29128083235736,129.0836944580078,19790500,18947945,4.45,125.61,120.4,123.53,105.25,64.93,130.9 - 131.6 (15.8%),118.5 - 120.0 (25.7%),114.4 - 117.0 (13.9%),71.4 - 76.5 (13.8%)
2017-02-01,130.99536578547148,132.22360754844325,129.440252865079,131.966064453125,50139800,20421740,145.52,126.43,120.61,123.6,105.36,71.0,131.6 - 132.3 (17.8%),118.5 - 120.0 (25.5%),114.4 - 117.0 (13.9%),71.4 - 76.5 (13.8%)
2017-02-02,131.956165806725,134.20463493609086,129.16291141068046,129.59873962402344,54366400,22158515,145.35,127.03,120.78,123.65,105.47,61.58,129.0 - 129.6 (23.3%),118.5 - 120.0 (21.1%),114.4 - 117.0 (13.9%),71.4 - 76.5 (13.8%)
2017-02-03,129.99498517580042,131.58971236808617,129.51952785760338,129.73744201660156,24804900,22424150,10.62,127.54,120.93,123.7,105.58,61.9,129.0 - 129.6 (23.3%),118.5 - 120.0 (19.0%),114.4 - 117.0 (14.0%),71.4 - 76.5 (13.8%)
2017-02-06,129.73741858096622,130.8071746826172,129.06387683957436,130.8071746826172,17058500,21849810,-21.93,127.97,121.06,123.76,105.69,64.35,129.0 - 129.6 (22.1%),118.5 - 120.0 (19.1%),114.4 - 117.0 (14.2%),71.4 - 76.5 (13.9%)
2017-02-07,130.98544767627803,131.73823213313108,130.41094830893124,130.5892333984375,14596400,21435610,-31.91,128.31,121.2,123.83,105.8,63.46,129.0 - 129.6 (22.2%),118.5 - 120.0 (19.2%),114.4 - 117.0 (14.2%),71.4 - 76.5 (13.9%)
2017-02-08,131.34205261766644,133.16459322629117,131.18356688282128,132.92686462402344,22390600,21688910,3.24,128.8,121.42,123.92,105.91,68.53,129.5 - 130.2 (28.6%),118.4 - 120.0 (19.3%),114.4 - 117.0 (14.3%),72.8 - 78.0 (16.1%)
2017-02-09,133.21413258291588,133.2240322743752,132.04531908730834,132.86744689941406,16470600,21594615,-23.73,129.2,121.67,124.0,106.03,68.27,129.5 - 130.2 (28.2%),115.2 - 116.8 (17.7%),115.0 - 117.5 (15.1%),72.8 - 78.0 (16.1%)
2017-02-10,132.82781911402196,133.65984653048346,132.41179029176004,132.91696166992188,15061900,21415015,-29.67,129.57,121.99,124.09,106.14,68.38,129.5 - 130.0 (28.6%),115.2 - 116.8 (17.9%),115.0 - 117.5 (15.2%),72.8 - 78.0 (16.1%)
2017-02-13,133.42211729203137,133.42211729203137,132.43160414938225,132.77828979492188,13526200,20847110,-35.12,129.85,122.26,124.17,106.24,67.69,129.5 - 130.0 (28.8%),115.2 - 116.8 (18.4%),115.0 - 117.5 (15.4%),72.8 - 78.0 (16.2%)
2017-02-14,132.82782849966384,132.9565849403846,131.29252998987917,132.5802001953125,14364900,20800630,-30.94,130.15,122.55,124.25,106.35,66.65,129.2 - 129.6 (16.0%),115.2 - 116.8 (16.0%),115.0 - 117.5 (15.3%),72.8 - 78.0 (16.2%)
2017-02-15,132.18397195570762,132.43160023404877,131.401473246323,132.174072265625,13226500,20804660,-36.43,130.42,122.81,124.33,106.45,64.47,129.2 - 129.6 (16.3%),118.4 - 120.0 (16.1%),115.0 - 117.5 (15.3%),72.8 - 78.0 (16.2%)
2017-02-16,131.8076128777323,132.6000114312668,131.758084189628,132.57029724121094,12831100,20836440,-38.42,130.73,123.09,124.41,106.55,65.65,129.2 - 129.6 (16.6%),118.4 - 120.0 (16.2%),115.0 - 117.3 (14.4%),72.8 - 78.0 (16.2%)
2017-02-17,132.23353043793057,132.81792967916448,131.90665922316396,132.26324462890625,12276500,20495405,-40.1,131.06,123.28,124.48,106.65,63.88,129.2 - 129.6 (17.0%),118.4 - 120.0 (16.3%),115.0 - 117.3 (14.5%),72.8 - 78.0 (16.2%)
2017-02-21,132.233517153129,132.63963120770865,131.6392031652547,132.45143127441406,14759100,20403680,-27.66,131.29,123.48,124.54,106.76,64.51,129.3 - 129.6 (18.4%),118.4 - 120.0 (17.0%),116.6 - 118.8 (12.1%),72.8 - 78.0 (16.4%)
2017-02-22,132.3325765440908,135.49230112293012,132.19390529333936,134.8286590576172,27360100,21013550,30.2,131.63,123.74,124.63,106.87,71.33,132.5 - 133.0 (34.7%),115.6 - 117.3 (15.3%),115.0 - 117.3 (14.6%),74.2 - 79.5 (14.9%)
2017-02-23,134.60085280205686,134.82866663093782,133.05565446002316,134.0758819580078,18422500,20998110,-12.27,131.82,123.98,124.7,106.97,66.95,132.5 - 133.0 (39.9%),115.6 - 117.3 (15.0%),115.0 - 117.3 (14.6%),74.2 - 79.5 (14.9%)
2017-02-24,132.88723483316747,134.33337542685754,132.88723483316747,134.15509033203125,12625700,20628390,-38.79,131.95,124.23,124.78,107.08,67.17,132.4 - 132.8 (24.7%),115.6 - 117.3 (15.0%),115.0 - 117.3 (14.7%),74.2 - 79.5 (14.9%)
2017-02-27,133.97682167276733,135.8786053689054,133.73910815702087,135.1159210205078,14306700,20366750,-29.75,132.16,124.49,124.86,107.2,69.9,132.5 - 133.0 (42.6%),131.4 - 133.2 (17.0%),115.0 - 117.3 (14.8%),74.2 - 79.5 (15.0%)
2017-02-28,135.49229187137607,135.51210636699696,133.4716516249643,134.254150390625,16112100,20224550,-20.33,132.39,124.77,124.91,107.31,64.71,132.3 - 132.6 (18.8%),131.4 - 133.2 (17.1%),115.0 - 117.3 (14.8%),74.2 - 79.5 (15.0%)
2017-03-01,135.1753332621181,136.17574612086545,135.0069478372219,136.11631774902344,16257000,20047875,-18.91,132.74,125.14,124.96,107.42,69.91,132.4 - 132.8 (25.5%),131.4 - 133.2 (17.3%),115.2 - 117.6 (16.2%),70.2 - 75.6 (13.0%)
2017-03-02,135.78947192816452,136.51255755792067,135.01687272198842,135.4626007080078,12294800,18155625,-32.28,132.91,125.49,125.02,107.53,66.22,132.4 - 132.8 (26.0%),131.4 - 133.2 (17.7%),115.2 - 117.6 (16.2%),70.2 - 75.6 (13.0%)
2017-03-03,135.33382762540373,136.02718386448876,134.78904232539674,135.8686981201172,11160600,15995335,-30.23,133.23,125.82,125.1,107.65,67.37,132.4 - 132.8 (26.5%),131.4 - 133.2 (17.9%),115.2 - 117.6 (16.3%),70.2 - 75.6 (13.0%)
2017-03-06,135.58144728841384,136.52243177531918,135.21494713866895,136.11631774902344,12748200,15392500,-17.18,133.55,126.15,125.17,107.76,68.09,134.0 - 134.4 (22.6%),131.4 - 133.2 (18.0%),115.2 - 117.6 (16.4%),70.2 - 75.6 (12.8%)
2017-03-07,135.7300090130435,137.0572929409393,135.69039513917923,135.99745178222656,13527100,15215930,-11.1,133.81,126.47,125.25,107.87,67.32,134.0 - 134.4 (22.7%),131.4 - 133.2 (18.1%),115.2 - 117.6 (16.3%),70.2 - 75.6 (12.8%)
2017-03-08,135.84888287257525,136.68092546891012,135.74984061841488,136.41348266601562,10184500,14995335,-32.08,134.1,126.78,125.34,107.99,68.65,134.0 - 134.4 (23.0%),131.1 - 133.0 (18.3%),115.2 - 117.6 (16.4%),70.2 - 75.6 (12.8%)
2017-03-09,136.41347202166733,137.25541424351175,136.09650055940975,136.9285430908203,15535300,14652570,6.02,134.3,127.09,125.42,108.1,70.25,134.0 - 134.5 (22.7%),131.1 - 133.0 (18.4%),115.2 - 117.6 (16.4%),70.2 - 75.6 (12.8%)
2017-03-10,137.59219950453718,138.16669900455585,136.90874294220407,137.47332763671875,16314100,14644745,11.4,134.53,127.43,125.5,108.22,71.89,134.0 - 134.5 (22.3%),130.0 - 132.0 (12.6%),115.2 - 117.6 (16.4%),71.5 - 77.0 (16.0%)
2017-03-13,137.39409387295004,138.35487778078718,137.35446488073137,138.27565002441406,10955500,14439425,-24.13,134.79,127.75,125.59,108.33,74.15,135.6 - 136.2 (24.1%),130.0 - 132.0 (12.7%),115.0 - 117.3 (15.1%),71.5 - 77.0 (16.1%)
2017-03-14,138.13697751784844,138.13697751784844,137.20589269163247,137.99830627441406,12944000,14410315,-10.18,135.06,128.07,125.68,108.46,71.99,134.0 - 134.4 (21.4%),130.0 - 132.0 (12.9%),115.0 - 117.3 (15.1%),71.5 - 77.0 (16.1%)
2017-03-15,137.96858742366652,138.77091587219905,137.17618889489825,138.39451599121094,19344800,14659310,31.96,135.35,128.38,125.76,108.57,73.19,134.0 - 134.4 (22.2%),130.0 - 132.0 (13.0%),115.2 - 117.6 (16.5%),71.5 - 77.0 (16.1%)
2017-03-16,138.86995610796893,138.9194847938036,138.40441366638223,138.66195678710938,13612900,14678630,-7.26,135.67,128.72,125.84,108.69,74.0,136.0 - 136.5 (18.8%),130.2 - 132.3 (15.4%),115.2 - 117.6 (16.5%),71.5 - 77.0 (16.1%)
2017-03-17,139.0085926883948,139.0085926883948,138.37466496431063,138.51333618164062,20592800,15066715,36.68,135.97,129.06,125.94,108.8,72.69,138.4 - 138.8 (15.8%),130.2 - 132.3 (15.5%),115.2 - 117.6 (16.5%),71.5 - 77.0 (16.1%)
2017-03-20,138.3846129420205,138.8600550705529,137.92897019640375,138.6124267578125,12099500,15057865,-19.65,136.29,129.4,126.04,108.92,73.03,138.4 - 138.8 (21.7%),130.2 - 132.3 (15.5%),115.2 - 117.6 (16.7%),71.5 - 77.0 (16.2%)
2017-03-21,139.81093824443678,140.9599372340183,137.0870268253958,137.19598388671875,29894800,15814650,89.03,136.52,129.72,126.12,109.04,61.19,135.9 - 136.2 (18.7%),130.2 - 132.3 (15.3%),115.2 - 117.6 (16.6%),71.5 - 77.0 (16.2%)
2017-03-22,136.62146122038135,138.4638161449869,136.29460520588125,138.26571655273438,17055400,15299415,11.48,136.69,130.09,126.21,109.16,65.71,138.3 - 138.6 (17.5%),130.2 - 132.3 (15.2%),115.2 - 117.6 (16.6%),71.5 - 77.0 (16.2%)
2017-03-23,138.1567854010615,139.05815609586577,137.7704858338644,138.20631408691406,13022800,15029430,-13.35,136.9,130.46,126.3,109.28,65.26,138.0 - 138.3 (17.9%),130.2 - 132.3 (15.3%),115.2 - 117.6 (16.6%),71.5 - 77.0 (16.2%)
2017-03-24,138.75110845102915,139.68219339525334,138.4341369321299,139.00863647460938,16664700,15231380,9.41,137.14,130.82,126.4,109.4,68.44,138.0 - 138.3 (17.5%),130.2 - 132.3 (15.2%),115.2 - 117.6 (16.6%),72.8 - 78.4 (18.0%)
2017-03-27,137.73087447012531,139.31568664813267,137.45353196112322,138.98883056640625,12800500,15156070,-15.54,137.34,131.21,126.5,109.53,68.27,138.0 - 138.3 (17.5%),130.2 - 132.3 (15.0%),115.2 - 117.6 (16.6%),72.8 - 78.4 (18.2%)
2017-03-28,139.02844854691205,140.6033610796205,138.68176284342013,140.4151611328125,14679400,15084435,-2.69,137.65,131.63,126.61,109.66,73.29,138.0 - 138.4 (25.6%),132.0 - 134.2 (15.0%),115.0 - 117.5 (16.2%),74.1 - 79.8 (17.2%)
2017-03-29,140.64296471564623,141.50470630192484,140.08826466727365,141.29669189453125,16527600,15097965,9.47,137.9,132.09,126.73,109.79,75.84,138.0 - 138.4 (24.9%),131.1 - 133.4 (18.5%),114.4 - 117.0 (15.5%),74.1 - 79.8 (17.1%)
2017-03-30,141.04906041567529,141.59384564742598,140.50429029795515,141.05897521972656,12404000,15103425,-17.87,138.18,132.51,126.84,109.92,73.79,138.0 - 138.4 (25.3%),131.1 - 133.4 (18.4%),114.4 - 117.0 (15.0%),74.1 - 79.8 (17.1%)
2017-03-31,140.95992054984674,141.27689200491736,140.54390685058968,140.702392578125,11478300,15119310,-24.08,138.43,132.89,126.95,110.06,70.72,138.0 - 138.4 (25.8%),130.2 - 132.3 (15.0%),114.4 - 117.0 (15.0%),74.1 - 79.8 (17.2%)
2017-04-03,140.58353588051446,141.11842149009965,139.4840807015468,140.9302215576172,13564000,15160100,-10.53,138.67,133.25,127.05,110.19,71.53,138.0 - 138.4 (20.9%),130.2 - 132.3 (14.8%),114.4 - 117.0 (14.7%),74.1 - 79.8 (17.3%)
2017-04-04,140.51417802359825,140.74199178692155,139.929778967494,140.38540649414062,12948600,15131175,-14.42,138.89,133.55,127.15,110.32,66.74,138.0 - 138.4 (20.9%),130.0 - 132.0 (12.6%),114.4 - 117.0 (14.6%),74.1 - 79.8 (17.4%)
2017-04-05,140.91040190244345,142.07921533368807,139.94960289265177,140.50430297851562,17158100,15479855,10.84,139.09,133.83,127.26,110.45,67.26,138.4 - 138.8 (19.7%),131.4 - 133.2 (18.5%),114.4 - 117.0 (14.7%),74.1 - 79.8 (17.4%)
2017-04-06,140.76181899675805,140.8707760436748,139.57320628477677,139.8307342529297,15103400,15458260,-2.3,139.24,134.11,127.37,110.58,61.45,140.4 - 140.8 (18.4%),131.2 - 132.8 (13.7%),114.4 - 117.0 (14.7%),74.1 - 79.8 (17.4%)
2017-04-07,139.8604564663982,140.20714212122624,138.9095722878363,139.44444274902344,11818300,15233470,-22.42,139.33,134.35,127.47,110.71,58.33,140.4 - 140.8 (19.1%),138.0 - 139.5 (13.6%),114.4 - 117.0 (14.8%),74.1 - 79.8 (17.5%)
2017-04-10,139.66235145696885,140.0882648485212,139.29586643502554,139.70196533203125,9039400,15137665,-40.29,139.41,134.59,127.59,110.83,59.79,140.4 - 140.8 (19.3%),138.0 - 139.5 (13.8%),114.4 - 117.0 (14.9%),74.1 - 79.8 (17.7%)
2017-04-11,139.46427740096365,139.69209123087353,137.49315046834525,138.59262084960938,16638100,15322370,8.59,139.44,134.78,127.68,110.96,51.42,140.4 - 140.7 (15.1%),131.6 - 133.0 (17.2%),114.4 - 117.0 (14.9%),74.1 - 79.8 (17.7%)
2017-04-12,138.39450009543208,139.06804179032977,138.11715761941167,138.25582885742188,11612500,14935755,-22.25,139.43,134.98,127.76,111.08,49.17,140.4 - 140.7 (15.5%),137.8 - 139.1 (16.6%),114.4 - 117.0 (15.0%),74.1 - 79.8 (17.7%)
2017-04-13,138.2954254610356,139.2463246272208,138.0081833303299,138.06761169433594,10965600,14803390,-25.93,139.4,135.16,127.84,111.2,47.91,140.4 - 140.7 (15.7%),137.8 - 139.1 (17.8%),114.4 - 117.0 (15.0%),74.1 - 79.8 (17.7%)
2017-04-17,138.43412874889705,140.20715596060907,138.42422905727938,140.07838439941406,11519700,14349735,-19.72,139.48,135.39,127.91,111.32,59.79,140.4 - 140.7 (17.2%),137.8 - 139.1 (18.0%),114.4 - 117.0 (15.4%),74.1 - 79.8 (18.0%)
2017-04-18,139.9298136529537,140.5637415401419,139.27607126846908,139.6227569580078,14807500,14485135,2.23,139.53,135.62,127.98,111.45,56.63,141.0 - 141.3 (15.6%),137.8 - 139.1 (18.0%),114.4 - 117.0 (15.3%),74.1 - 79.8 (18.0%)
2017-04-19,140.0090482640972,141.6830028930307,139.92980539362185,140.92031860351562,15563900,13768590,13.04,139.71,135.84,128.06,111.58,62.67,140.7 - 141.0 (22.0%),137.8 - 139.1 (18.0%),114.4 - 117.0 (15.4%),74.1 - 79.8 (18.0%)
2017-04-20,141.59387914729854,142.88154951407975,141.33635111955596,142.43582153320312,15968200,13714230,16.44,139.92,136.08,128.16,111.71,68.23,139.6 - 140.0 (20.7%),131.6 - 133.0 (17.6%),116.1 - 118.8 (18.2%),75.4 - 81.2 (15.1%)
2017-04-21,142.53485443756193,142.8022972541365,140.9203280744681,142.3169403076172,12382000,13682190,-9.5,140.13,136.28,128.28,111.84,67.38,139.6 - 140.0 (20.6%),138.0 - 139.2 (16.8%),116.1 - 118.8 (18.2%),75.4 - 81.2 (15.1%)
2017-04-24,143.58479429108974,144.28805017067208,142.97066585448817,144.08995056152344,14407200,13569315,6.17,140.38,136.49,128.4,111.97,72.81,139.8 - 140.4 (20.8%),137.8 - 139.1 (18.1%),114.8 - 117.6 (18.3%),70.8 - 76.7 (16.0%)
2017-04-25,144.40687907474077,145.75397731690313,144.40687907474077,145.10025024414062,17767500,13817665,28.59,140.69,136.73,128.52,112.11,75.33,139.3 - 140.0 (26.1%),137.8 - 139.1 (18.0%),116.0 - 118.9 (20.3%),72.0 - 78.0 (19.9%)
2017-04-26,145.69455687452387,146.1898133858499,144.70404385187183,145.16958618164062,12395000,13703445,-9.55,140.93,136.99,128.66,112.25,75.5,139.3 - 140.0 (26.7%),137.8 - 139.1 (18.1%),116.0 - 118.9 (20.3%),72.0 - 78.0 (19.9%)
2017-04-27,145.278570213639,146.3483262905635,144.75359942320827,146.29879760742188,11275100,13440820,-16.11,141.18,137.27,128.83,112.39,78.11,139.2 - 140.0 (19.2%),131.6 - 133.0 (18.0%),117.0 - 120.0 (18.3%),72.0 - 78.0 (19.9%)
2017-04-28,148.0817153600607,150.09245583776712,147.65580196192056,148.82460021972656,30652200,14353230,113.56,141.56,137.55,129.08,112.53,82.58,137.5 - 138.6 (19.1%),137.6 - 139.2 (18.1%),114.7 - 117.8 (20.2%),74.4 - 80.6 (18.3%)
2017-05-01,150.30045549424028,151.1225831385825,149.9834840638304,151.0136260986328,25218300,15040230,67.67,142.08,137.91,129.35,112.67,85.37,137.8 - 139.1 (17.7%),136.8 - 138.6 (18.6%),115.5 - 118.8 (21.9%),75.6 - 81.9 (16.4%)
2017-05-02,151.88528186619612,151.98433922620376,150.2212270390921,151.33059692382812,21870400,15455550,41.51,142.6,138.27,129.6,112.82,85.72,150.8 - 152.1 (20.8%),136.8 - 138.6 (18.6%),115.5 - 118.8 (21.8%),75.6 - 81.9 (16.4%)
2017-05-03,152.14282042767405,152.14282042767405,149.904251116,150.35989379882812,29782500,16297245,82.75,143.1,138.6,129.83,112.97,79.35,150.8 - 152.1 (19.3%),136.8 - 138.6 (18.9%),115.5 - 118.8 (21.2%),75.6 - 81.9 (16.4%)
2017-05-04,148.74537318330678,150.08257211861783,147.30913199125263,149.41893005371094,36225500,17250615,110.0,143.54,138.91,130.05,113.11,73.63,148.8 - 150.0 (24.8%),136.8 - 138.6 (19.3%),115.5 - 118.8 (20.7%),75.6 - 81.9 (16.3%)
2017-05-05,150.0132250640894,150.19152530407717,148.36896948146082,148.81471252441406,17148500,17352870,-1.18,143.99,139.18,130.3,113.25,70.14,148.8 - 150.0 (29.3%),137.7 - 139.4 (18.8%),115.5 - 118.8 (20.2%),75.6 - 81.9 (16.4%)
2017-05-08,149.28023683001018,149.64672184267798,148.31943790823135,149.6269073486328,15827500,17553330,-9.83,144.5,139.45,130.56,113.4,72.06,148.8 - 150.0 (34.3%),137.7 - 139.4 (18.8%),115.5 - 118.8 (19.4%),75.6 - 81.9 (16.5%)
2017-05-09,150.05282652941162,151.14238180977725,148.78497104176785,149.05239868164062,17453900,17974055,-2.89,144.97,139.72,130.85,113.54,68.69,149.0 - 150.0 (23.6%),137.6 - 139.2 (18.7%),115.5 - 118.8 (19.3%),75.6 - 81.9 (16.5%)
2017-05-10,148.80476841372905,149.09202565657267,147.44777039776187,148.86419677734375,12080700,17746185,-31.93,145.48,139.99,131.13,113.68,67.58,148.5 - 149.4 (26.6%),137.6 - 139.2 (18.9%),115.5 - 118.8 (18.9%),75.6 - 81.9 (16.5%)
2017-05-11,148.8840199142611,149.22079073698401,147.9925641802228,148.6165771484375,11841900,17757655,-33.31,146.0,140.26,131.41,113.82,66.07,148.5 - 149.4 (31.1%),137.6 - 139.2 (19.0%),115.5 - 118.8 (19.0%),75.6 - 81.9 (16.5%)
2017-05-12,148.97316717041724,149.03261065339032,148.21048295028308,148.90383911132812,9598200,17689285,-45.74,146.54,140.54,131.67,113.96,66.99,148.4 - 149.1 (34.8%),137.6 - 139.2 (19.1%),115.5 - 118.8 (18.6%),75.6 - 81.9 (16.5%)
2017-05-15,148.74538325560277,150.04295328485532,148.349183973736,148.76519775390625,15064700,17866535,-15.68,146.98,140.81,131.95,114.1,66.05,148.8 - 149.4 (30.6%),137.6 - 139.2 (19.1%),115.5 - 118.8 (18.3%),75.6 - 81.9 (16.6%)
2017-05-16,148.68594100257752,148.7849983708192,147.61618490450311,148.35906982421875,14550800,17853700,-18.5,147.41,141.08,132.18,114.24,63.27,148.8 - 149.4 (30.9%),137.6 - 139.2 (19.1%),115.5 - 118.8 (18.2%),74.4 - 80.6 (18.9%)
2017-05-17,146.59595592069434,147.2595979615163,143.04991679487475,143.47584533691406,28300100,18490510,53.05,147.54,141.26,132.37,114.37,40.9,148.8 - 149.6 (41.5%),137.6 - 139.2 (18.8%),115.5 - 118.8 (17.6%),74.4 - 80.6 (18.8%)
2017-05-18,143.34705954903322,146.7445122867383,143.13904514422052,146.25917053222656,23031600,18843680,22.22,147.73,141.45,132.59,114.49,51.44,148.8 - 149.6 (39.9%),137.6 - 139.2 (18.6%),115.5 - 118.8 (17.2%),74.4 - 80.6 (18.8%)
2017-05-19,147.0416797879191,147.97276460321424,146.5563379986074,146.65538024902344,16187900,19033975,-14.95,147.95,141.66,132.82,114.61,52.73,148.8 - 149.6 (31.4%),137.6 - 139.2 (18.5%),115.5 - 118.8 (16.7%),74.4 - 80.6 (18.8%)
2017-05-22,146.67520870541915,147.18036503850809,146.2889091297551,146.8336944580078,12586700,18942950,-33.55,148.09,141.87,133.05,114.74,53.33,148.8 - 149.6 (32.9%),137.6 - 139.2 (18.3%),115.5 - 118.8 (16.0%),72.0 - 78.0 (20.7%)
2017-05-23,147.11102638422298,147.3982685653454,145.85307037385732,146.66529846191406,12817800,18695465,-31.44,148.17,142.06,133.28,114.86,52.65,148.4 - 149.1 (30.5%),148.4 - 149.8 (16.2%),115.5 - 118.8 (16.0%),72.0 - 78.0 (20.7%)
2017-05-24,147.1010933321542,148.80477705349745,147.01195078155644,148.6165771484375,17862400,18968835,-5.83,148.34,142.3,133.54,114.99,59.16,148.2 - 148.8 (22.8%),148.4 - 149.8 (18.1%),115.5 - 118.8 (16.0%),72.0 - 78.0 (20.7%)
2017-05-25,148.87413136351546,151.14239985572502,148.5274457109884,150.5183868408203,19891400,19399650,2.53,148.55,142.54,133.84,115.13,64.32,148.4 - 149.1 (41.4%),148.4 - 149.8 (18.0%),115.5 - 118.8 (15.6%),72.0 - 78.0 (20.7%)
2017-05-26,150.78580982288705,150.80562431745182,149.7160538268529,150.686767578125,14996200,18616850,-19.45,148.64,142.8,134.14,115.26,64.74,148.4 - 149.1 (34.7%),148.4 - 149.8 (18.0%),115.5 - 118.8 (15.2%),72.0 - 78.0 (20.7%)
2017-05-30,150.5282884366413,151.44945843479545,150.20141727515806,150.9344024658203,13226000,18017235,-26.59,148.64,143.05,134.43,115.4,65.39,148.4 - 149.1 (29.9%),137.8 - 139.1 (18.8%),115.5 - 118.8 (14.6%),72.0 - 78.0 (20.9%)
2017-05-31,151.25135898978212,151.89520162276025,149.65663217146664,150.02313232421875,18023900,17824910,1.12,148.57,143.28,134.72,115.53,60.93,148.4 - 149.1 (23.8%),137.8 - 139.1 (18.7%),115.5 - 118.8 (14.5%),72.0 - 78.0 (20.8%)
2017-06-01,150.3103823810478,150.8452528741076,148.87414122294805,150.09246826171875,14530600,17062315,-14.84,148.56,143.51,134.99,115.66,61.15,150.5 - 151.2 (20.9%),137.8 - 139.1 (18.7%),115.5 - 118.8 (14.0%),72.0 - 78.0 (20.8%)
2017-06-02,150.40939735293912,152.17250919305653,149.86461220817742,152.15269470214844,16854400,16093760,4.73,148.7,143.78,135.28,115.8,67.02,145.8 - 146.7 (21.9%),137.8 - 139.1 (18.6%),125.8 - 129.2 (15.1%),72.0 - 78.0 (20.8%)
2017-06-05,152.18243081779664,153.24228708074472,151.95461703861383,152.1725311279297,12520400,15862355,-21.07,148.86,144.03,135.56,115.94,67.07,145.8 - 146.7 (22.1%),137.8 - 139.1 (18.6%),125.8 - 129.2 (15.2%),72.0 - 78.0 (20.9%)
2017-06-06,151.95461969721606,153.0540898528987,151.03343464644007,151.3603057861328,13457100,15743835,-14.52,148.95,144.26,135.85,116.08,62.74,145.8 - 146.7 (22.2%),137.8 - 139.1 (18.6%),125.8 - 129.2 (15.1%),72.0 - 78.0 (21.0%)
2017-06-07,151.81594442927226,152.29138647707714,150.89475940299326,151.6673583984375,12066700,15474475,-22.02,149.08,144.49,136.12,116.21,63.69,150.0 - 150.6 (24.1%),137.8 - 139.1 (18.6%),125.8 - 129.2 (15.1%),72.0 - 78.0 (21.0%)
2017-06-08,152.61828139441488,153.26210895295213,151.6475826539328,153.2423095703125,17799400,15760410,12.94,149.3,144.74,136.4,116.34,68.19,150.5 - 151.2 (22.6%),137.8 - 139.1 (18.5%),115.5 - 119.0 (13.9%),73.2 - 79.3 (20.7%)
2017-06-09,153.30173774861268,154.11395074273491,145.21914611648856,148.1807861328125,35577700,16947200,109.93,149.28,144.9,136.64,116.46,47.73,150.5 - 151.2 (20.7%),137.8 - 139.1 (18.2%),115.5 - 119.0 (13.5%),73.2 - 79.3 (20.7%)
2017-06-12,146.76432602659534,147.78455332307783,143.18857308685554,147.03176879882812,33170200,18125800,83.0,149.18,145.04,136.88,116.58,44.47,150.5 - 151.2 (19.0%),148.2 - 149.5 (17.2%),119.0 - 122.5 (13.3%),73.2 - 79.3 (20.9%)
2017-06-13,148.72556322734812,149.74579069855278,147.4874216250091,149.2505340576172,20483400,18396735,11.34,149.21,145.22,137.14,116.7,51.38,150.0 - 150.6 (20.1%),148.2 - 149.5 (19.0%),119.0 - 122.5 (13.3%),73.2 - 79.3 (20.9%)
2017-06-14,149.8250130563587,150.95419743848956,147.63598746706742,148.82460021972656,20808800,18709635,11.22,149.23,145.39,137.4,116.81,50.09,150.0 - 150.6 (19.9%),148.2 - 149.5 (21.0%),119.0 - 122.5 (13.3%),73.2 - 79.3 (20.9%)
2017-06-15,146.26910792970438,148.6166197864606,144.9814375224158,148.37890625,18994200,18244340,4.11,149.48,145.58,137.65,116.91,48.71,148.8 - 149.4 (15.7%),148.2 - 149.5 (22.6%),119.0 - 122.5 (13.3%),73.2 - 79.3 (20.9%)
2017-06-16,148.17088025804802,149.399122185616,147.19028176840786,149.21092224121094,22882400,18236880,25.47,149.62,145.76,137.92,117.02,51.4,148.8 - 149.4 (23.7%),148.2 - 149.5 (24.7%),119.0 - 122.5 (13.3%),73.2 - 79.3 (20.9%)
2017-06-19,150.2707550145975,152.11311005827173,150.2707550145975,151.41973876953125,19026500,18378810,3.52,149.86,145.98,138.22,117.14,57.73,148.8 - 149.4 (22.2%),148.2 - 149.5 (24.6%),119.0 - 122.5 (13.4%),73.2 - 79.3 (20.9%)
2017-06-20,151.42964637070307,152.3805304753498,150.7660044126185,150.8056182861328,14743900,18486670,-20.25,150.06,146.18,138.5,117.26,55.56,148.8 - 149.4 (22.1%),148.2 - 149.5 (24.9%),119.0 - 122.5 (13.3%),73.2 - 79.3 (21.0%)
2017-06-21,150.91459165494612,152.61827556692154,150.43914955119521,152.44989013671875,15039800,18597770,-19.13,150.35,146.4,138.81,117.38,59.9,148.8 - 149.4 (22.3%),148.2 - 149.5 (25.0%),119.0 - 122.5 (13.3%),73.2 - 79.3 (21.0%)
2017-06-22,151.5584178674162,153.0838166449466,151.45937561676567,151.94471740722656,13005500,18354925,-29.14,150.52,146.59,139.11,117.5,58.03,148.8 - 149.4 (22.4%),148.2 - 149.5 (25.0%),119.0 - 122.5 (13.4%),73.2 - 79.3 (21.0%)
2017-06-23,151.27116507278504,153.72763338133495,151.201821899569,153.598876953125,18027000,18261705,-1.29,150.67,146.8,139.44,117.62,62.2,147.7 - 148.4 (19.0%),148.2 - 149.5 (24.9%),119.0 - 122.5 (13.4%),73.2 - 79.3 (21.0%)
2017-06-26,154.76768806043194,155.01531636132862,151.74661976668588,152.13291931152344,18049700,18414380,-1.98,150.74,146.98,139.75,117.74,56.81,147.7 - 148.4 (18.6%),148.2 - 149.5 (24.8%),119.0 - 122.5 (13.5%),73.2 - 79.3 (21.1%)
2017-06-27,151.39004379566705,151.85558623934105,148.9632893192167,149.1514892578125,19360800,18721120,3.42,150.65,147.12,140.01,117.86,47.75,149.1 - 149.8 (21.0%),148.2 - 149.5 (26.5%),119.0 - 122.5 (13.4%),73.2 - 79.3 (21.1%)
2017-06-28,149.48824187526282,152.01405341520933,148.4383003608926,151.78623962402344,16719100,18655880,-10.38,150.74,147.3,140.28,117.98,54.63,149.1 - 149.8 (20.7%),148.2 - 149.5 (26.5%),124.8 - 128.0 (12.9%),73.2 - 79.3 (21.1%)
2017-06-29,150.8353585872598,151.05327271439666,147.50723341666327,149.60711669921875,23973500,19128025,25.33,150.72,147.46,140.51,118.1,48.9,149.1 - 149.8 (28.0%),148.2 - 149.5 (26.2%),117.8 - 120.9 (13.1%),73.2 - 79.3 (21.1%)
2017-06-30,150.4589540766756,150.4787685732686,148.63641335496501,149.5476837158203,17666000,19168605,-7.84,150.59,147.61,140.72,118.21,48.75,149.1 - 149.8 (35.7%),148.2 - 149.5 (26.1%),117.8 - 120.9 (13.1%),73.2 - 79.3 (21.1%)
2017-07-03,150.2806783075121,150.70659176957219,146.39786800528728,147.02188110351562,13862700,19235720,-27.93,150.33,147.73,140.92,118.32,42.73,149.1 - 149.8 (38.3%),148.2 - 149.5 (26.0%),117.8 - 120.9 (13.2%),73.2 - 79.3 (21.2%)
2017-07-05,147.58648832876165,149.41894406167876,146.72474655554774,148.9137725830078,14334300,19279580,-25.65,150.21,147.89,141.12,118.43,47.91,149.1 - 149.8 (34.1%),148.2 - 149.5 (27.8%),117.8 - 120.9 (13.2%),73.2 - 79.3 (21.2%)
2017-07-06,147.6162024634037,148.61661549990123,146.59597492809442,147.408203125,14951800,19423835,-23.02,150.0,148.02,141.3,118.55,44.46,149.1 - 149.8 (34.7%),148.2 - 149.5 (27.8%),126.0 - 129.0 (12.4%),73.2 - 79.3 (21.2%)
2017-07-07,147.83406994135484,150.54808108853146,147.77464157771357,150.0032958984375,13615900,19214660,-29.14,149.83,148.21,141.49,118.67,51.01,149.1 - 149.8 (26.3%),148.2 - 149.5 (27.7%),126.0 - 129.0 (12.4%),73.2 - 79.3 (21.2%)
2017-07-10,150.2509358982747,152.51920426734617,150.07263567938747,152.04376220703125,13378700,18104710,-26.1,150.03,148.44,141.71,118.79,55.46,149.1 - 149.8 (26.9%),148.2 - 149.5 (27.6%),126.0 - 129.0 (12.5%),70.8 - 76.7 (17.4%)
2017-07-11,151.91498267650087,153.9455374656342,151.45935513425482,153.79696655273438,13667700,17129585,-20.21,150.36,148.7,141.93,118.92,58.91,149.1 - 149.8 (27.0%),148.2 - 149.5 (27.7%),117.8 - 120.9 (13.2%),70.8 - 76.7 (17.4%)
2017-07-12,155.0054221884616,157.65009072250334,154.7181648853373,157.39254760742188,22739400,17242385,31.88,150.77,148.99,142.19,119.05,64.91,149.0 - 150.0 (26.1%),148.8 - 150.4 (32.4%),125.4 - 128.7 (13.4%),73.2 - 79.3 (21.3%)
2017-07-13,157.23407425583574,158.26420135624346,156.91710277015193,157.74913024902344,13929200,16898405,-17.57,151.22,149.29,142.46,119.18,65.45,148.5 - 149.6 (21.9%),148.5 - 150.0 (29.5%),125.8 - 129.2 (15.3%),73.2 - 79.3 (21.3%)
2017-07-14,158.6108630382055,158.7990629401094,157.81844955788767,158.45237731933594,16371200,16767255,-2.36,151.72,149.58,142.71,119.32,66.54,148.5 - 149.6 (22.1%),148.8 - 150.4 (31.9%),125.8 - 129.2 (15.3%),74.4 - 80.6 (19.8%)
2017-07-17,158.72971640413007,159.25468711197612,157.30337519261263,158.2146453857422,12858800,16266075,-20.95,152.17,149.84,142.96,119.45,65.79,148.5 - 149.6 (22.6%),148.8 - 150.4 (31.8%),125.8 - 129.2 (15.4%),72.0 - 78.0 (21.7%)
2017-07-18,158.14534783130006,162.17672886659162,157.90761921218902,161.3149871826172,23722900,16500895,43.77,152.67,150.16,143.22,119.6,70.5,148.4 - 149.8 (24.1%),147.9 - 149.6 (31.4%),118.8 - 122.4 (14.9%),74.4 - 80.6 (19.9%)
2017-07-19,162.0380394622111,164.12802277304417,161.6220257609023,162.58282470703125,26273600,17077380,53.85,153.26,150.47,143.48,119.76,72.19,148.8 - 150.4 (28.8%),147.9 - 149.6 (31.1%),125.8 - 129.5 (15.3%),75.6 - 81.9 (17.6%)
2017-07-20,163.236574258899,163.43467387108794,161.2654475996448,162.96913146972656,18523100,17251545,7.37,153.78,150.77,143.75,119.93,72.7,156.8 - 158.4 (21.0%),147.9 - 149.6 (31.1%),125.4 - 129.2 (15.7%),75.6 - 81.9 (17.5%)
2017-07-21,162.60265897415246,163.48421516332067,162.19654491371818,162.87008666992188,14744000,17338470,-14.96,154.33,151.06,144.02,120.1,72.33,161.6 - 163.2 (25.6%),148.8 - 150.4 (31.2%),125.4 - 129.2 (15.7%),75.6 - 81.9 (17.6%)
2017-07-24,163.07808764197958,164.5935715823785,162.7512164823206,164.42518615722656,17367000,17305470,0.36,154.87,151.36,144.32,120.26,74.51,161.5 - 163.2 (25.2%),147.9 - 149.6 (30.9%),124.8 - 128.7 (15.0%),74.4 - 80.6 (20.1%)
2017-07-25,163.44456284359998,163.96953358278896,162.30547881268748,163.71200561523438,15383200,17172145,-10.42,155.45,151.61,144.58,120.42,71.72,161.5 - 163.2 (23.6%),147.9 - 149.6 (31.0%),124.8 - 128.7 (14.9%),74.4 - 80.6 (19.9%)
2017-07-26,164.43510919058878,164.43510919058878,162.54324025471092,164.03890991210938,35236900,17965950,96.13,156.19,151.83,144.87,120.57,72.23,163.2 - 164.9 (24.9%),147.9 - 149.6 (30.4%),124.8 - 128.7 (14.9%),74.4 - 80.6 (19.9%)
2017-07-27,173.0426551846207,173.8251690862799,165.91096307809985,168.8230743408203,68910700,20575530,234.92,157.04,152.12,145.2,120.74,78.41,167.2 - 169.1 (21.1%),149.1 - 151.2 (26.3%),126.0 - 130.2 (17.0%),71.5 - 78.0 (21.9%)
2017-07-28,167.46605612108485,171.7846787031002,167.4462416272688,170.81398010253906,24557600,20604735,19.18,158.1,152.46,145.53,120.91,80.37,167.2 - 169.1 (20.4%),147.2 - 149.5 (26.3%),123.2 - 127.6 (15.9%),72.6 - 79.2 (22.0%)
2017-07-31,170.36825926652511,171.08142993304233,166.9509919726481,167.64434814453125,25478900,20995380,21.35,159.01,152.76,145.84,121.08,69.56,168.3 - 170.0 (19.7%),147.2 - 149.5 (26.3%),118.8 - 123.2 (15.0%),72.6 - 79.2 (21.7%)
2017-08-01,168.20893654247342,168.85276399136757,167.44623724782238,168.24855041503906,14385000,21021495,-31.57,160.07,153.09,146.13,121.25,70.37,167.7 - 169.0 (23.8%),147.2 - 149.5 (26.5%),118.8 - 123.2 (15.0%),72.6 - 79.2 (21.7%)
2017-08-02,168.68440666598877,168.93203497433166,165.32656740942036,167.6938934326172,17433800,21176470,-17.67,161.01,153.39,146.42,121.41,68.55,167.7 - 169.0 (24.1%),147.2 - 149.5 (26.8%),123.2 - 127.6 (14.5%),72.6 - 79.2 (21.7%)
2017-08-03,167.6938715399928,168.09007073600418,166.65382975792477,166.9906005859375,10793800,20968570,-48.52,161.99,153.69,146.71,121.58,66.21,167.7 - 169.0 (24.4%),147.2 - 149.5 (24.2%),123.2 - 127.6 (14.5%),72.6 - 79.2 (21.7%)
2017-08-04,167.36700624572848,168.4466619394825,167.08966377603073,168.01083374023438,10777700,20826660,-48.25,162.89,154.01,147.0,121.74,67.92,167.7 - 169.0 (28.0%),147.2 - 149.5 (22.9%),123.2 - 127.6 (14.6%),72.6 - 79.2 (21.5%)
2017-08-07,168.3377393506598,170.42772310560667,168.0504971318245,170.34848022460938,12787800,20797115,-38.51,163.8,154.37,147.31,121.91,71.49,168.3 - 169.2 (20.5%),147.2 - 149.5 (23.0%),123.2 - 127.6 (14.2%),72.6 - 79.2 (21.6%)
2017-08-08,170.24941822724324,171.40831688870003,169.0013618887264,169.60557556152344,14393500,20833405,-30.91,164.6,154.71,147.63,122.07,68.87,168.8 - 169.6 (21.1%),147.2 - 149.5 (21.5%),123.2 - 127.6 (14.2%),72.6 - 79.2 (21.7%)
2017-08-09,168.36743269252366,169.8234883332202,167.95141895432926,169.55604553222656,10815000,20237185,-46.56,165.2,155.06,147.93,122.23,68.69,168.8 - 169.6 (25.6%),147.2 - 149.5 (20.5%),123.2 - 127.6 (13.9%),72.6 - 79.2 (21.6%)
2017-08-10,168.44667366681978,168.9716444577271,165.26713473427026,165.81190490722656,20832700,20582360,1.22,165.61,155.35,148.21,122.39,56.6,168.8 - 169.6 (25.4%),147.2 - 149.5 (19.3%),127.6 - 132.0 (13.6%),72.6 - 79.2 (21.6%)
2017-08-11,166.35668682315412,167.2184435738484,165.26713138528825,166.48545837402344,13791200,20453360,-32.57,166.01,155.74,148.5,122.54,58.03,168.7 - 169.4 (22.0%),147.2 - 149.5 (18.4%),127.6 - 132.0 (13.5%),72.6 - 79.2 (21.5%)
2017-08-14,168.4763694214737,169.45698283076706,167.68395591927978,169.13011169433594,12954200,20458130,-36.68,166.55,156.12,148.78,122.7,63.17,168.7 - 169.4 (26.5%),149.5 - 151.8 (18.2%),127.6 - 132.0 (13.6%),72.6 - 79.2 (21.3%)
2017-08-15,169.86311876317023,169.87301845438998,168.39714830490075,169.3777618408203,8729200,19708445,-55.71,166.96,156.5,149.08,122.86,63.62,168.7 - 169.4 (30.0%),149.5 - 151.8 (18.3%),127.6 - 132.0 (13.6%),72.6 - 79.2 (21.1%)
2017-08-16,169.62537900139304,169.75415054894984,167.63445298671996,168.38723754882812,15779900,19183760,-17.74,167.25,156.85,149.36,123.01,60.44,168.5 - 169.0 (24.4%),148.0 - 150.0 (18.5%),127.6 - 132.0 (13.6%),72.6 - 79.2 (21.1%)
2017-08-17,167.73349304232028,168.2485641117844,165.26712497402517,165.32655334472656,17216000,19118405,-9.95,167.37,157.17,149.61,123.16,51.84,167.5 - 168.0 (18.6%),148.0 - 150.0 (18.6%),127.6 - 132.0 (13.6%),72.6 - 79.2 (21.1%)
2017-08-18,165.25722332544456,167.06986434629488,164.63321026937192,165.8218231201172,15093600,19135885,-21.12,167.51,157.45,149.88,123.31,53.01,167.5 - 168.0 (19.4%),148.0 - 150.0 (18.6%),127.6 - 132.0 (13.5%),72.6 - 79.2 (21.0%)
2017-08-21,165.57418014658464,166.4062075570022,164.24689616605696,166.18829345703125,11907500,18862910,-36.87,167.6,157.71,150.13,123.46,53.9,168.0 - 168.5 (19.7%),148.0 - 150.0 (18.6%),127.6 - 132.0 (13.6%),72.6 - 79.2 (20.7%)
2017-08-22,166.68357151707806,168.25848398570884,165.56428668783371,168.03067016601562,11391000,18663300,-38.97,167.82,158.0,150.4,123.62,58.18,168.0 - 168.5 (18.5%),148.0 - 150.0 (18.6%),127.6 - 132.0 (13.6%),72.6 - 79.2 (20.6%)
2017-08-23,167.23825351527998,167.7533246372481,166.60432563979336,167.1094970703125,9856500,17394280,-43.33,167.97,158.27,150.66,123.79,55.41,168.0 - 168.5 (19.3%),148.0 - 150.0 (17.2%),127.6 - 132.0 (13.6%),72.6 - 79.2 (20.6%)
2017-08-24,167.27788139239973,167.68398033555448,164.83131247192532,166.14869689941406,14030400,14650265,-4.23,167.84,158.54,150.91,123.95,52.59,166.0 - 166.5 (19.8%),148.0 - 150.0 (17.3%),127.6 - 132.0 (13.6%),72.6 - 79.2 (20.6%)
2017-08-25,166.26752520743088,166.7825962378431,164.60345538380292,164.7421417236328,12614500,14053110,-10.24,167.53,158.79,151.15,124.11,48.69,165.6 - 166.2 (30.6%),148.0 - 150.0 (17.3%),127.6 - 132.0 (13.6%),72.6 - 79.2 (20.5%)
2017-08-28,165.32655596595208,166.10905471597883,164.75205651667798,165.65342712402344,8553700,13206850,-35.23,167.43,159.01,151.39,124.27,51.22,165.5 - 166.0 (22.5%),148.0 - 150.0 (17.2%),127.6 - 132.0 (13.6%),72.6 - 79.2 (20.1%)
2017-08-29,163.6822944705618,166.83211896418632,163.43466618845807,166.4557342529297,11121000,13043650,-14.74,167.34,159.25,151.64,124.43,53.39,166.0 - 166.5 (26.1%),148.0 - 150.0 (17.2%),127.6 - 132.0 (13.6%),72.6 - 79.2 (20.0%)
2017-08-30,166.57461568433615,168.5655419265275,166.0397451658782,168.30801391601562,11138300,12728875,-12.5,167.37,159.53,151.9,124.58,58.04,166.0 - 166.5 (26.1%),148.0 - 150.0 (17.3%),127.6 - 132.0 (13.6%),72.6 - 79.2 (20.0%)
2017-08-31,168.78341874107824,170.5168165895331,168.44664792931704,170.33853149414062,17226500,13050510,32.0,167.54,159.84,152.16,124.75,62.46,165.6 - 166.2 (25.9%),148.0 - 150.0 (17.3%),127.6 - 132.0 (13.6%),72.6 - 79.2 (20.0%)
2017-09-01,170.76446150276178,171.27953257416357,169.68480579354153,170.38807678222656,11677600,13095505,-10.83,167.66,160.13,152.43,124.91,62.56,165.6 - 166.2 (26.2%),148.0 - 150.0 (17.4%),127.6 - 132.0 (13.6%),72.6 - 79.2 (19.9%)
2017-09-05,169.64517276861292,170.75454253807365,167.94148912892422,169.1003875732422,13210900,13116660,0.72,167.6,160.48,152.69,125.07,58.08,165.6 - 166.2 (27.4%),148.0 - 150.0 (17.6%),127.6 - 132.0 (13.6%),72.6 - 79.2 (19.4%)
2017-09-06,169.28861440011377,170.84371226261933,167.96133034135727,170.45741271972656,13906300,13092300,6.22,167.64,160.87,152.95,125.23,61.23,165.6 - 166.2 (27.7%),148.0 - 150.0 (17.5%),127.6 - 132.0 (13.6%),72.6 - 79.2 (19.4%)
2017-09-07,170.30881665242774,171.6658146977623,168.65466166855933,171.5667724609375,18049500,13454025,34.16,167.74,161.24,153.23,125.4,63.64,170.1 - 170.8 (23.8%),148.0 - 150.0 (17.5%),127.6 - 132.0 (13.1%),72.6 - 79.2 (19.4%)
2017-09-08,171.44789859659588,171.84411288131489,169.17963038344416,169.3282012939453,10998500,12962315,-15.15,167.92,161.58,153.49,125.56,56.07,170.1 - 170.8 (24.4%),168.0 - 170.0 (18.8%),127.6 - 132.0 (12.5%),72.6 - 79.2 (19.2%)
2017-09-11,170.7644822986186,172.24035251712354,170.56638266673352,171.86395263671875,12372000,12891355,-4.03,168.19,161.97,153.77,125.72,61.64,170.1 - 170.8 (24.3%),168.0 - 170.1 (19.2%),126.0 - 130.5 (16.7%),73.7 - 80.4 (20.4%)
2017-09-12,172.11155122268408,172.34927980829823,170.12062532801852,171.31915283203125,11186300,12802960,-12.63,168.3,162.34,154.05,125.88,59.88,170.1 - 170.8 (24.3%),168.0 - 170.1 (19.3%),126.0 - 130.5 (16.7%),73.7 - 80.4 (20.3%)
2017-09-13,171.36869620046926,171.52718195177596,170.42771161238954,171.4083251953125,9119300,12822465,-28.88,168.4,162.67,154.33,126.04,60.08,170.1 - 170.8 (24.4%),168.0 - 170.1 (19.5%),126.0 - 130.5 (16.3%),73.7 - 80.4 (20.3%)
2017-09-14,170.62580514415262,170.64561964086582,168.8825072842061,169.33815002441406,15615700,12814255,21.86,168.44,162.98,154.58,126.18,53.41,170.1 - 170.8 (24.2%),168.0 - 170.1 (21.1%),126.0 - 130.5 (15.9%),73.7 - 80.4 (20.3%)
2017-09-15,169.25890362735308,170.70504446262106,168.64477515429186,170.01168823242188,15660500,12736480,22.96,168.68,163.28,154.84,126.34,55.15,169.8 - 170.4 (24.8%),168.0 - 170.1 (22.8%),126.0 - 130.5 (15.5%),73.7 - 80.4 (20.0%)
2017-09-18,170.35836748390363,170.4376103520873,167.73349848517728,168.3971405029297,12954000,12629500,2.57,168.81,163.55,155.07,126.49,50.29,170.0 - 170.5 (31.7%),168.0 - 170.1 (24.2%),126.0 - 130.5 (14.8%),73.7 - 80.4 (19.6%)
2017-09-19,169.00133217197242,170.92292991196385,168.74380421938696,170.88331604003906,13168600,12692555,3.75,169.04,163.84,155.32,126.64,56.63,170.0 - 170.4 (23.9%),168.0 - 170.1 (24.2%),126.0 - 130.5 (14.7%),73.7 - 80.4 (19.3%)
2017-09-20,170.86353806096125,171.40832337903467,169.08061116273592,170.5366668701172,12264100,12736210,-3.71,169.17,164.14,155.56,126.78,55.57,171.3 - 171.6 (20.5%),168.0 - 170.1 (24.3%),126.0 - 130.5 (14.4%),73.7 - 80.4 (19.3%)
2017-09-21,170.06119373809753,170.63569314025756,168.3971238983874,169.4866943359375,11161400,12801455,-12.81,169.29,164.48,155.8,126.92,52.36,171.3 - 171.6 (21.2%),168.0 - 170.1 (25.4%),148.5 - 153.0 (14.3%),73.7 - 80.4 (19.3%)
2017-09-22,168.59526307595084,170.10083229940642,167.61464953983122,168.922119140625,12097100,12704790,-4.78,169.43,164.77,156.04,127.06,50.66,171.3 - 171.6 (21.1%),168.0 - 170.1 (26.8%),148.5 - 153.0 (14.3%),73.7 - 80.4 (19.1%)
2017-09-25,167.63442232613244,167.693850686741,160.02727477363598,161.32484436035156,41251600,14136645,191.81,169.25,164.96,156.21,127.18,34.49,168.3 - 169.4 (29.1%),168.0 - 170.1 (26.2%),148.5 - 153.0 (14.3%),73.7 - 80.4 (18.6%)
2017-09-26,162.93940278954923,163.9299158764158,161.23571907101632,162.65216064453125,23363300,14877125,57.04,169.1,165.18,156.4,127.3,38.2,170.5 - 171.6 (27.4%),168.0 - 170.1 (26.1%),148.5 - 153.0 (14.3%),73.7 - 80.4 (18.5%)
2017-09-27,164.32615144023887,166.74300632542506,163.99929534956775,166.08926391601562,19242500,15283200,25.91,169.09,165.5,156.61,127.44,46.63,170.5 - 171.6 (26.7%),168.0 - 170.1 (26.0%),148.5 - 153.0 (14.2%),73.7 - 80.4 (18.5%)
2017-09-28,166.34678894323193,167.4660736938179,165.57418985766896,167.12928771972656,12178700,15335220,-20.58,169.03,165.8,156.85,127.57,48.91,168.3 - 169.4 (22.2%),168.0 - 170.1 (26.3%),148.5 - 153.0 (14.3%),73.7 - 80.4 (18.4%)
2017-09-29,167.22835255527164,170.0315068454034,167.20853805849126,169.24899291992188,15340400,15240915,0.65,168.97,166.17,157.09,127.72,53.27,168.3 - 169.4 (23.6%),168.0 - 170.1 (27.8%),148.5 - 153.0 (14.2%),73.7 - 80.4 (18.3%)
2017-10-02,169.764057711078,170.23949981785904,167.1491034527343,167.86227416992188,13392300,15326650,-12.62,168.85,166.47,157.34,127.85,50.25,169.0 - 170.0 (17.7%),168.0 - 170.0 (26.3%),148.5 - 153.0 (14.3%),73.7 - 80.4 (17.7%)
2017-10-03,167.69386821056608,169.11029466651377,167.59481085651467,168.3476104736328,8190300,15075620,-45.67,168.81,166.74,157.59,127.98,51.29,169.0 - 170.0 (17.9%),168.0 - 170.0 (26.9%),148.5 - 153.0 (14.3%),73.7 - 80.4 (17.6%)
2017-10-04,168.2188623784113,169.05088985788197,166.69346355201606,166.82223510742188,12127900,14986700,-19.08,168.63,166.95,157.83,128.1,47.89,169.0 - 170.0 (17.7%),168.0 - 170.0 (27.0%),148.5 - 153.0 (14.3%),73.7 - 80.4 (17.6%)
2017-10-05,167.57500871557787,169.68480657734727,167.0005243846287,169.615478515625,14580600,14813255,-1.57,168.53,167.16,158.07,128.24,53.91,161.0 - 162.0 (17.4%),167.4 - 169.2 (24.0%),148.5 - 153.0 (14.3%),73.7 - 80.4 (17.6%)
2017-10-06,168.63487268616444,170.7347558384828,168.13961608503033,170.59608459472656,13124500,14919555,-12.03,168.59,167.37,158.33,128.37,55.84,161.0 - 162.0 (17.6%),168.3 - 170.0 (24.9%),148.5 - 153.0 (14.3%),73.7 - 80.4 (17.4%)
2017-10-09,171.0616250059527,173.22095162091048,170.36826879528985,170.863525390625,14570400,15029475,-3.05,168.54,167.58,158.58,128.5,56.38,170.0 - 171.0 (22.5%),168.0 - 169.5 (24.5%),148.5 - 153.0 (14.3%),73.7 - 80.4 (17.0%)
2017-10-10,171.35878545763296,171.55688507697408,169.17965941681632,169.962158203125,11341100,15037215,-24.58,168.47,167.77,158.81,128.63,54.0,169.0 - 170.0 (22.4%),168.0 - 169.2 (18.6%),148.5 - 153.0 (14.3%),73.7 - 80.4 (17.1%)
2017-10-11,170.31877380252584,171.1409017270854,169.77398841709058,171.10128784179688,11283700,15145435,-25.5,168.46,167.94,159.05,128.77,56.5,169.0 - 170.0 (22.5%),168.0 - 169.2 (18.8%),148.5 - 153.0 (14.3%),73.7 - 80.4 (17.0%)
2017-10-12,170.97249905768007,172.20074097449745,170.65552755113364,170.91307067871094,10351000,14882200,-30.45,168.54,168.08,159.27,128.92,55.96,169.0 - 170.0 (17.8%),168.3 - 169.4 (20.3%),148.5 - 153.0 (14.3%),73.7 - 80.4 (17.0%)
2017-10-13,171.80450906965623,172.9931218699168,171.55688077318396,172.09176635742188,13658300,14782090,-7.6,168.64,168.23,159.5,129.06,58.63,170.5 - 171.6 (21.1%),168.0 - 169.2 (18.9%),148.5 - 153.0 (14.3%),73.7 - 80.4 (17.1%)
2017-10-16,172.83463518154224,173.33979141833902,172.40870669190423,172.86434936523438,11498800,14709330,-21.83,168.87,168.4,159.73,129.19,60.33,169.0 - 170.0 (20.2%),168.0 - 169.0 (16.4%),148.5 - 153.0 (14.4%),73.7 - 80.4 (17.2%)
2017-10-17,173.0525728040124,174.4590997748197,172.70588712841925,174.4392852783203,15990100,14850405,7.67,169.04,168.56,159.96,129.34,63.61,170.4 - 171.2 (25.1%),168.3 - 169.4 (20.5%),145.7 - 150.4 (13.2%),74.8 - 81.6 (17.1%)
2017-10-18,174.9741444533948,175.06330212485867,174.0826886510079,174.3600311279297,12752400,14874820,-14.27,169.23,168.74,160.18,129.48,63.32,170.4 - 171.2 (25.9%),168.3 - 169.4 (20.8%),145.7 - 150.4 (13.2%),74.8 - 81.6 (17.1%)
2017-10-19,173.2704461855036,174.36001662135328,170.99227818804914,172.90396118164062,14048400,15019170,-6.46,169.41,168.89,160.36,129.62,58.19,170.4 - 171.2 (25.7%),168.3 - 169.4 (20.9%),145.7 - 150.4 (13.2%),74.8 - 81.6 (17.1%)
2017-10-20,173.83507845527473,174.21147833343485,172.97333674899556,173.32000732421875,12602200,15044425,-16.23,169.63,168.96,160.54,129.76,59.21,170.4 - 171.2 (26.0%),168.3 - 169.4 (20.9%),145.7 - 150.4 (13.2%),74.8 - 81.6 (16.9%)
2017-10-23,173.53791231857943,173.67658356417678,169.62538814048133,169.64520263671875,13852700,13674480,1.3,170.04,168.94,160.7,129.9,48.07,170.4 - 171.2 (26.0%),168.3 - 169.4 (21.0%),145.7 - 150.4 (13.2%),74.8 - 81.6 (16.4%)
2017-10-24,170.66540729855313,171.5964920152263,169.87299380899958,170.17015075683594,12267900,13119710,-6.49,170.42,168.99,160.87,130.04,49.53,169.6 - 170.4 (26.8%),168.3 - 169.4 (21.0%),145.7 - 150.4 (13.2%),74.8 - 81.6 (16.2%)
2017-10-25,170.26919177322196,170.61587739554483,167.28775285455964,168.98153686523438,15868200,12950995,22.52,170.56,169.0,161.04,130.17,46.35,169.5 - 170.0 (20.1%),168.3 - 169.4 (23.1%),145.7 - 150.4 (13.2%),74.8 - 81.6 (16.2%)
2017-10-26,169.75414583724753,170.65550130303288,168.77353239298276,169.01126098632812,11833100,12933715,-8.51,170.66,169.02,161.2,130.3,46.45,170.5 - 171.0 (19.5%),168.3 - 169.4 (18.3%),145.7 - 150.4 (13.2%),74.8 - 81.6 (16.2%)
2017-10-27,172.49787951244258,176.51937607481491,172.25025119553467,176.1925048828125,30285300,13680960,121.37,171.0,169.17,161.43,130.45,63.04,170.8 - 171.5 (17.1%),169.2 - 170.4 (21.6%),115.2 - 120.0 (16.8%),75.9 - 82.8 (15.0%)
2017-10-30,177.55940628582866,178.97584814473237,175.92506540881925,178.1636199951172,24353200,14229005,71.15,171.52,169.34,161.67,130.61,66.14,172.8 - 173.7 (17.2%),168.0 - 169.4 (22.2%),147.0 - 151.9 (15.3%),77.0 - 84.0 (13.8%)
2017-10-31,178.85697805202625,179.08479185899282,177.24243667901501,178.351806640625,20174200,14828200,36.05,172.02,169.48,161.92,130.76,66.43,172.8 - 173.7 (16.5%),168.0 - 169.4 (20.5%),115.0 - 120.0 (16.8%),77.0 - 84.0 (13.8%)
2017-11-01,180.6299670746552,181.16483749123913,178.85695529983693,180.9271240234375,40918300,16267720,151.53,172.72,169.66,162.19,130.92,70.18,177.6 - 178.8 (17.1%),169.6 - 171.2 (22.7%),166.4 - 171.6 (15.0%),72.0 - 79.2 (13.3%)
2017-11-02,178.91637920080262,180.21394889359837,175.65758276341663,177.22259521484375,35529900,17315185,105.2,173.1,169.79,162.43,131.07,59.81,177.6 - 178.8 (15.6%),169.6 - 171.2 (22.1%),166.4 - 171.6 (14.9%),72.0 - 79.2 (13.2%)
2017-11-03,177.5890802112435,178.15367991123975,175.03356981198326,177.22259521484375,17822100,17550065,1.55,173.44,169.98,162.67,131.22,59.81,176.4 - 177.6 (18.4%),169.6 - 171.2 (22.0%),166.4 - 171.6 (15.0%),72.0 - 79.2 (13.0%)
2017-11-06,176.8660276008418,178.73809687047452,176.6183993106045,178.46075439453125,13312700,17487180,-23.87,173.82,170.18,162.96,131.38,61.99,177.6 - 178.8 (19.8%),169.6 - 171.2 (20.6%),166.4 - 171.6 (15.2%),72.0 - 79.2 (12.5%)
2017-11-07,178.78760629090456,179.03523455446538,177.26222283754305,178.53997802734375,12928200,17566535,-26.4,174.24,170.34,163.23,131.54,62.13,177.6 - 178.8 (24.5%),168.0 - 169.6 (20.5%),166.4 - 171.6 (15.2%),72.0 - 79.2 (12.4%)
2017-11-08,178.0843812120005,178.6390813609442,177.41083941647645,177.8565673828125,10494100,17527055,-40.13,174.58,170.48,163.49,131.69,60.06,177.6 - 178.8 (28.4%),168.0 - 169.6 (19.4%),166.4 - 171.6 (15.2%),72.0 - 79.2 (12.4%)
2017-11-09,176.6183856290089,177.69804126344135,175.40995845713817,177.5989990234375,12610300,17640020,-28.51,174.92,170.63,163.74,131.85,59.25,177.6 - 178.8 (28.5%),168.0 - 169.6 (19.5%),166.4 - 171.6 (15.3%),72.0 - 79.2 (12.4%)
2017-11-10,176.6580259813915,177.40091084234936,176.27172645825465,176.76698303222656,11070200,17510615,-36.78,175.15,170.82,163.99,131.99,56.62,177.6 - 178.8 (28.7%),168.0 - 169.6 (19.6%),166.4 - 171.6 (15.3%),72.0 - 79.2 (12.3%)
2017-11-13,175.81611004422973,177.34149386993172,175.61801040783166,177.07406616210938,9523400,17411845,-45.31,175.36,171.01,164.23,132.14,57.37,176.4 - 177.6 (31.0%),169.6 - 171.2 (19.5%),166.4 - 171.6 (15.7%),72.0 - 79.2 (11.9%)
2017-11-14,176.44011990165387,177.2721473563877,175.49912027709934,176.3806915283203,9585900,17091635,-43.91,175.46,171.18,164.45,132.3,55.05,176.4 - 177.6 (31.3%),169.6 - 171.2 (19.4%),166.4 - 171.6 (15.6%),72.0 - 79.2 (11.8%)
2017-11-15,174.98405500185467,176.8759387272934,174.72651191238342,176.26181030273438,10253700,16966700,-39.57,175.55,171.32,164.66,132.45,54.64,176.4 - 177.6 (32.0%),169.6 - 171.2 (19.6%),166.4 - 171.6 (15.8%),72.0 - 79.2 (11.8%)
2017-11-16,177.06413322114716,178.12398959407756,176.80660523160918,177.88626098632812,15607600,17044660,-8.43,175.8,171.5,164.89,132.6,59.11,177.0 - 177.5 (22.9%),169.6 - 171.2 (19.6%),166.4 - 171.6 (15.8%),72.0 - 79.2 (11.8%)
2017-11-17,177.59900632552416,178.27254799575226,177.2027920071275,177.30184936523438,13018000,17065450,-23.72,176.0,171.68,165.11,132.75,56.93,177.0 - 177.5 (29.5%),169.6 - 171.2 (19.6%),166.4 - 171.6 (15.9%),72.0 - 79.2 (11.7%)
2017-11-20,177.17306794496116,177.79709601537658,176.41038376337562,177.0443115234375,10052400,16875435,-40.43,176.37,171.89,165.34,132.91,55.96,177.0 - 177.5 (35.4%),169.6 - 171.2 (19.7%),166.4 - 171.6 (16.0%),72.0 - 79.2 (11.3%)
2017-11-21,177.45043762637363,180.16444929495103,177.29196699756224,180.13473510742188,14504000,16987240,-14.62,176.87,172.13,165.57,133.06,63.95,177.0 - 177.5 (36.2%),169.6 - 171.2 (19.6%),166.4 - 171.6 (16.0%),115.2 - 122.4 (11.3%)
2017-11-22,179.58002700054226,180.00594037631197,178.72818513497248,179.1540985107422,10376300,16712645,-37.91,177.38,172.34,165.8,133.22,60.21,177.2 - 177.6 (38.2%),169.6 - 171.2 (19.6%),166.4 - 171.6 (16.1%),115.2 - 122.4 (11.3%)
2017-11-24,178.6885638874436,181.41247501447188,178.57960683780124,181.04598999023438,9426300,16592305,-43.19,177.98,172.55,166.04,133.37,64.52,177.5 - 178.0 (23.8%),169.6 - 171.2 (20.0%),166.4 - 171.6 (16.2%),115.2 - 122.4 (11.3%)
2017-11-27,180.8280976970189,181.98699639349525,180.26351300008406,181.29364013671875,12344500,15695265,-21.35,178.23,172.74,166.29,133.53,65.05,177.5 - 178.0 (23.9%),170.0 - 171.7 (19.7%),166.4 - 171.6 (16.2%),115.2 - 122.4 (11.4%)
2017-11-28,181.76906305679282,182.50204823022054,180.36253619483526,180.6894073486328,14379700,15196590,-5.38,178.36,172.91,166.52,133.7,62.58,177.5 - 178.0 (23.7%),170.0 - 171.7 (19.7%),166.4 - 171.6 (16.1%),115.2 - 122.4 (11.4%)
2017-11-29,180.16441427190824,180.2436571279257,172.3492670762861,173.4685516357422,41933500,16284555,157.5,178.12,172.98,166.73,133.85,42.04,176.8 - 177.6 (23.2%),170.0 - 171.7 (19.0%),166.4 - 171.6 (16.0%),115.2 - 122.4 (11.3%)
2017-11-30,175.17225894674615,176.58868551529983,173.53790315914793,175.49911499023438,25307600,15504020,63.23,177.85,173.07,166.97,134.0,47.28,172.8 - 173.6 (20.2%),176.8 - 178.5 (18.7%),166.4 - 171.6 (16.0%),115.2 - 122.4 (11.3%)
2017-12-01,174.36001266408798,175.79625357763464,170.7050170560906,173.4388427734375,20182500,14736650,36.95,177.66,173.1,167.17,134.16,43.03,172.8 - 173.6 (28.7%),176.8 - 178.5 (18.6%),166.4 - 171.6 (16.0%),115.2 - 122.4 (11.3%)
2017-12-04,174.61757348138207,174.89493109516295,169.1697506285625,169.8433074951172,24459400,15068515,62.32,177.29,173.11,167.34,134.32,36.81,172.7 - 173.8 (26.8%),168.3 - 170.0 (19.0%),166.4 - 171.6 (16.8%),115.2 - 122.4 (11.3%)
2017-12-05,168.83297290365758,173.71621086748618,167.40663146907858,171.19039916992188,20184900,15412125,30.97,176.92,173.09,167.53,134.47,40.29,172.7 - 173.8 (25.7%),176.8 - 178.5 (18.0%),166.4 - 171.6 (17.2%),115.2 - 122.4 (11.3%)
2017-12-06,170.8635156507025,175.09301096569496,170.26920172456593,174.38973999023438,20255800,15778505,28.38,176.72,173.15,167.74,134.63,47.67,172.7 - 173.8 (24.6%),176.8 - 178.5 (17.9%),166.4 - 171.6 (17.2%),115.2 - 122.4 (11.3%)
2017-12-07,174.13220702165242,178.6786585498864,174.13220702165242,178.4310302734375,20404500,16274025,25.38,176.74,173.26,167.97,134.8,55.2,172.7 - 173.8 (24.2%),176.8 - 178.5 (19.8%),166.4 - 171.6 (17.2%),115.2 - 122.4 (11.3%)
2017-12-08,179.80784636222387,180.55073120593295,177.04432139379966,177.30184936523438,19883800,16637700,19.51,176.73,173.39,168.19,134.97,52.91,172.7 - 173.8 (23.6%),176.8 - 178.5 (21.6%),166.4 - 171.6 (17.2%),115.2 - 122.4 (11.3%)
2017-12-11,177.5990195450654,178.5102898741617,177.10376294572836,177.3414764404297,13168600,16742620,-21.35,176.76,173.52,168.4,135.14,52.98,172.7 - 173.8 (23.3%),176.8 - 178.5 (22.9%),166.4 - 171.6 (17.3%),115.2 - 122.4 (11.4%)
2017-12-12,176.90564509748748,177.48012939316584,174.92461890429738,175.2812042236328,16854100,17109155,-1.49,176.67,173.63,168.59,135.31,48.71,172.7 - 173.8 (23.1%),176.8 - 178.5 (22.7%),166.4 - 171.6 (17.2%),115.2 - 122.4 (11.4%)
2017-12-13,175.61797688329423,177.4603318667641,175.5684482051411,176.60848999023438,14615700,17360645,-15.81,176.68,173.73,168.78,135.49,51.43,172.7 - 173.8 (22.7%),176.8 - 178.5 (22.6%),166.4 - 171.6 (17.2%),115.2 - 122.4 (11.4%)
2017-12-14,176.5986049804972,178.64897471252007,175.99439127876437,176.69766235351562,13591000,17527510,-22.46,176.7,173.83,168.99,135.66,51.61,172.7 - 173.8 (21.6%),176.8 - 178.5 (22.7%),166.4 - 171.6 (17.3%),115.2 - 122.4 (11.4%)
2017-12-15,177.32168870813896,178.7777444149715,176.6679463266972,178.47067260742188,28463100,18170285,56.65,176.73,173.98,169.23,135.83,55.27,172.7 - 173.8 (20.3%),176.8 - 178.5 (25.1%),166.4 - 171.6 (17.3%),115.2 - 122.4 (11.4%)
2017-12-18,179.29276853107788,179.58002579031586,178.04472748185265,179.10458374023438,17265400,18382655,-6.08,176.82,174.15,169.46,136.0,56.53,178.2 - 179.3 (21.3%),176.8 - 178.5 (25.0%),166.4 - 171.6 (17.4%),115.2 - 122.4 (11.4%)
2017-12-19,178.24285032833433,178.37162188299996,176.5292666953149,177.80702209472656,14920600,18626065,-19.89,176.86,174.42,169.69,136.17,53.22,172.8 - 173.7 (19.9%),176.8 - 178.5 (26.3%),166.4 - 171.6 (17.3%),115.2 - 122.4 (11.4%)
2017-12-20,178.10417610881552,178.10417610881552,175.6774217911442,176.202392578125,11860500,18493890,-35.87,176.66,174.65,169.92,136.34,49.36,178.2 - 179.1 (17.4%),176.8 - 178.5 (26.4%),166.4 - 171.6 (17.3%),115.2 - 122.4 (11.4%)
2017-12-21,176.25192797255116,176.98489809562622,175.37037179536955,175.76657104492188,11600700,18555110,-37.48,176.49,174.81,170.16,136.48,48.34,178.2 - 179.1 (18.3%),176.8 - 178.5 (26.3%),166.4 - 171.6 (17.3%),115.2 - 122.4 (11.4%)
2017-12-22,175.45950778342427,175.84580732717117,174.55813714333746,175.51893615722656,8509500,18509270,-54.03,176.22,174.95,170.38,136.62,47.73,178.2 - 179.1 (19.1%),176.8 - 178.5 (26.4%),166.4 - 171.6 (17.4%),115.2 - 122.4 (11.4%)
2017-12-26,174.95436245397624,175.3208475247408,173.01294980861252,174.3204345703125,8897300,18336910,-51.48,175.87,175.04,170.6,136.74,44.8,178.0 - 178.5 (22.2%),176.8 - 178.1 (17.2%),166.4 - 171.6 (17.4%),115.2 - 122.4 (11.4%)
2017-12-27,174.87509533839662,176.7471645411221,174.58783806813028,175.9349365234375,9496100,18092730,-47.51,175.63,175.17,170.82,136.87,49.31,178.0 - 178.5 (23.3%),176.4 - 177.6 (17.2%),166.4 - 171.6 (17.4%),115.2 - 122.4 (11.4%)
2017-12-28,176.26180036505338,177.2424137597653,175.99435760030826,176.23208618164062,12220800,16607095,-26.41,175.77,175.3,171.02,137.01,50.12,177.0 - 177.5 (16.4%),176.4 - 177.6 (17.2%),166.4 - 171.6 (17.4%),115.2 - 122.4 (11.4%)
2017-12-29,176.31133324334516,177.15327543084976,174.78594970703125,174.78594970703125,10261500,15854790,-35.28,175.73,175.43,171.19,137.15,46.26,175.5 - 176.0 (15.4%),176.4 - 177.6 (17.3%),166.4 - 171.6 (17.4%),115.2 - 122.4 (11.4%)
2018-01-02,175.99435865728847,179.8573687784807,175.86560223306995,179.69888305664062,18151900,15753260,15.23,176.05,175.6,171.38,137.3,58.08,175.5 - 176.0 (16.5%),176.4 - 177.6 (17.4%),165.0 - 170.0 (14.3%),115.2 - 122.4 (11.5%)
2018-01-03,180.1545352839591,183.0270173530248,179.609750032507,182.91806030273438,16886600,15374620,9.83,176.7,175.81,171.59,137.48,63.72,175.5 - 176.4 (29.5%),176.4 - 177.6 (17.3%),166.4 - 171.6 (17.4%),102.2 - 109.5 (12.0%)
2018-01-04,183.1458528773527,184.44343764014158,182.35345454597817,182.58126831054688,13880900,15059420,-7.83,177.27,176.0,171.79,137.65,62.77,175.5 - 176.4 (29.4%),176.4 - 177.6 (17.3%),165.0 - 170.0 (14.2%),102.2 - 109.5 (12.0%)
2018-01-05,183.82935146199546,185.1269214084631,183.1756090859936,185.07740783691406,13574500,14725355,-7.82,177.8,176.25,172.01,137.83,66.73,174.9 - 176.0 (17.7%),176.8 - 178.1 (17.5%),165.0 - 170.0 (14.3%),111.0 - 118.4 (13.2%)
2018-01-08,185.42406414309644,187.10793352510868,184.5623225135912,186.4938201904297,17994700,14604865,23.21,178.21,176.51,172.22,138.01,68.76,175.2 - 176.4 (31.9%),177.0 - 178.5 (28.2%),147.0 - 151.9 (16.7%),75.0 - 82.5 (13.9%)
2018-01-09,186.90981995184484,187.00887730798945,185.32500805174465,186.0876922607422,12393100,14230330,-12.91,178.65,176.76,172.42,138.19,67.49,175.2 - 176.4 (32.4%),177.0 - 178.5 (28.2%),147.0 - 151.9 (16.6%),75.0 - 82.5 (13.8%)
2018-01-10,185.16652762376015,186.10751207792646,183.8689578369167,186.0579833984375,10529900,14098395,-25.31,179.08,177.0,172.61,138.37,67.39,175.2 - 176.4 (25.4%),177.0 - 178.5 (28.2%),147.0 - 151.9 (16.7%),75.0 - 82.5 (13.8%)
2018-01-11,186.6126757411536,186.6126757411536,185.60236318683116,185.98866271972656,9588600,13735120,-30.19,179.62,177.22,172.81,138.54,67.14,186.0 - 187.2 (25.2%),177.0 - 178.5 (28.2%),145.7 - 150.4 (14.4%),75.0 - 82.5 (13.8%)
2018-01-12,176.37076518129746,179.7583182659089,175.71702288934677,177.6683349609375,77551300,16881900,359.38,179.67,177.27,172.92,138.69,45.64,177.6 - 178.8 (33.5%),177.0 - 178.5 (33.9%),173.9 - 178.6 (14.6%),75.0 - 82.5 (13.6%)
2018-01-16,179.77815924037765,180.02578755889056,176.3509766619843,176.69766235351562,36183800,18011540,100.89,179.67,177.31,173.02,138.84,43.88,177.6 - 178.8 (30.0%),177.0 - 178.5 (33.6%),173.9 - 178.6 (15.5%),112.5 - 120.0 (13.4%)
2018-01-17,177.5593708559676,177.6188143370806,174.13220403260107,175.91513061523438,27992400,17988005,55.62,179.54,177.36,173.12,138.99,42.45,177.6 - 178.8 (28.0%),177.0 - 178.5 (33.1%),173.9 - 178.6 (16.1%),112.5 - 120.0 (13.4%)
2018-01-18,176.44011363895262,179.26306707032057,175.40007180043543,178.09426879882812,23304900,18289980,27.42,179.49,177.44,173.2,139.14,47.56,177.6 - 178.8 (35.0%),177.0 - 178.5 (35.0%),173.9 - 178.6 (16.6%),112.5 - 120.0 (13.3%)
2018-01-19,179.13431628713153,180.63988545239997,178.46075945927413,179.57012939453125,26826500,18885275,42.05,179.58,177.6,173.27,139.3,50.75,177.1 - 178.2 (33.1%),177.0 - 178.5 (34.5%),173.9 - 178.6 (16.5%),112.5 - 120.0 (13.3%)
2018-01-22,179.0847823947207,183.63123417286803,178.69848286678723,183.61141967773438,21059500,19345225,8.86,179.95,177.83,173.41,139.46,58.24,177.1 - 178.2 (30.9%),177.0 - 178.5 (34.3%),175.5 - 180.0 (15.7%),112.5 - 120.0 (13.4%)
2018-01-23,184.2849688450538,187.7517647621614,183.789712285467,187.5536651611328,25678800,20049130,28.08,180.54,178.14,173.57,139.62,63.99,177.6 - 178.8 (30.2%),177.0 - 178.5 (33.9%),174.8 - 179.4 (15.5%),76.0 - 83.6 (12.4%)
2018-01-24,188.08856895617123,188.85126842514185,184.75054398898786,184.78025817871094,24334500,20840380,16.77,181.0,178.4,173.71,139.79,57.94,177.6 - 178.8 (29.6%),177.0 - 178.5 (33.6%),174.8 - 179.4 (15.5%),76.0 - 83.6 (12.3%)
2018-01-25,186.16694314552277,186.83058514100517,184.82975946412904,185.70140075683594,17377700,21264400,-18.28,181.57,178.56,173.87,139.95,59.32,177.6 - 178.8 (29.3%),177.0 - 178.5 (33.5%),175.5 - 180.0 (15.6%),76.0 - 83.6 (12.3%)
2018-01-26,185.96883996662342,188.19749450683594,185.03775520713413,188.19749450683594,17759200,21677555,-18.08,182.19,178.73,174.03,140.11,62.86,177.6 - 178.8 (28.9%),177.0 - 178.5 (33.8%),175.5 - 180.0 (15.6%),76.0 - 83.6 (12.2%)
2018-01-29,186.9593784369299,187.0485210032538,183.86898189210538,184.2156524658203,20453200,22089175,-7.41,182.58,178.82,174.15,140.27,54.68,177.6 - 178.8 (28.7%),177.0 - 178.5 (31.8%),175.5 - 180.0 (15.6%),76.0 - 83.6 (12.0%)
2018-01-30,185.84007469644357,186.39475964915283,180.11490982678794,185.34481811523438,20858600,22619030,-7.78,183.11,178.9,174.28,140.43,56.41,177.6 - 178.8 (28.1%),177.0 - 178.5 (30.0%),175.5 - 180.0 (15.6%),76.0 - 83.6 (12.0%)
2018-01-31,186.58297502319792,188.02913101028977,183.4628643487493,185.1170196533203,43275100,23875190,81.26,183.38,179.03,174.41,140.6,55.95,177.6 - 178.8 (25.7%),177.0 - 178.5 (29.9%),175.5 - 180.0 (15.5%),76.0 - 83.6 (11.9%)
2018-02-01,186.43438455220476,193.46703389680712,186.1075134020891,191.2581787109375,54211300,25741425,110.6,183.8,179.26,174.62,140.78,64.45,184.5 - 186.0 (24.2%),176.4 - 178.2 (27.5%),173.9 - 178.6 (16.2%),109.2 - 117.0 (12.9%)
2018-02-02,190.2181513345879,192.36757831347683,188.17769652804336,188.474853515625,26677500,26381255,1.12,184.1,179.43,174.81,140.95,58.9,184.5 - 186.0 (27.4%),176.4 - 178.2 (25.7%),173.9 - 178.6 (16.3%),109.2 - 117.0 (12.9%)
2018-02-05,185.15661293096173,188.8017091243046,178.8965777817862,179.5404052734375,33128200,27358940,21.09,183.82,179.45,174.89,141.11,45.39,184.5 - 186.0 (25.3%),176.4 - 178.2 (25.3%),173.9 - 178.6 (16.5%),109.2 - 117.0 (13.0%)
2018-02-06,176.8759525388301,184.00764468343965,176.05382475445796,183.552001953125,37758500,28347130,33.2,183.67,179.54,175.01,141.26,50.84,184.5 - 186.0 (25.2%),176.4 - 178.2 (24.7%),173.9 - 178.6 (16.3%),109.2 - 117.0 (12.9%)
2018-02-07,182.403011473625,183.324196668208,178.242858788689,178.47067260742188,27601900,29107570,-5.17,183.29,179.56,175.09,141.41,44.75,184.6 - 185.9 (25.2%),176.4 - 178.2 (23.5%),173.9 - 178.6 (16.9%),109.2 - 117.0 (12.9%)
2018-02-08,179.29278739220896,180.1149151550205,169.85319788423868,169.95225524902344,38478300,30504990,26.14,182.49,179.44,175.13,141.53,36.79,182.7 - 184.8 (23.8%),176.4 - 178.2 (22.0%),175.5 - 180.0 (16.7%),109.2 - 117.0 (12.9%)
2018-02-09,173.10208637421223,175.2217840786728,165.5939942883854,174.4392852783203,39887600,32019940,24.57,181.91,179.4,175.2,141.66,42.58,182.7 - 184.8 (23.1%),176.4 - 178.2 (20.6%),175.5 - 180.0 (16.7%),109.2 - 117.0 (12.9%)
2018-02-12,175.38026246242566,175.86561936508068,170.20978241744464,174.73643493652344,32092100,29746980,7.88,181.76,179.37,175.28,141.8,42.96,182.7 - 184.8 (18.0%),176.4 - 178.2 (19.5%),175.5 - 180.0 (16.7%),109.2 - 117.0 (12.9%)
2018-02-13,173.9539235523314,174.3006092183524,171.45784116749542,171.50735473632812,21809400,29028260,-24.87,181.5,179.29,175.3,141.93,39.92,182.7 - 184.8 (18.1%),176.4 - 178.2 (19.4%),175.5 - 180.0 (16.6%),109.2 - 117.0 (12.9%)
2018-02-14,171.80450296923473,178.1041672123626,171.5667894860424,177.81692504882812,28929700,29075125,-0.5,181.6,179.29,175.39,142.07,47.7,184.8 - 186.9 (17.7%),176.4 - 178.2 (21.3%),175.5 - 180.0 (17.2%),109.2 - 117.0 (12.9%)
2018-02-15,178.7875864040769,178.7875864040769,175.16230540142527,178.25271606445312,20922100,28955985,-27.75,181.6,179.31,175.49,142.21,48.2,176.4 - 178.5 (16.7%),176.4 - 178.2 (20.0%),175.5 - 180.0 (17.6%),109.2 - 117.0 (12.9%)
2018-02-16,177.29195522108674,178.17351132530382,174.62747241338818,175.6774139404297,20645300,28646925,-27.93,181.41,179.28,175.59,142.34,45.44,174.3 - 176.4 (19.8%),176.4 - 178.2 (18.9%),175.5 - 180.0 (18.0%),109.2 - 117.0 (12.8%)
2018-02-20,174.10249648354807,176.26180784466655,173.44875419266546,174.3402099609375,21204900,28654195,-26.0,180.95,179.19,175.66,142.47,44.03,174.3 - 176.4 (25.5%),176.4 - 178.2 (18.2%),175.5 - 180.0 (18.1%),91.2 - 98.8 (11.7%)
2018-02-21,175.03360088269355,179.55033882832296,174.72652908322172,176.2222137451172,23200800,28530295,-18.68,180.38,179.14,175.74,142.6,46.54,174.3 - 176.4 (32.1%),176.4 - 178.2 (18.0%),175.5 - 180.0 (18.5%),91.2 - 98.8 (11.7%)
2018-02-22,177.00471961446172,178.5004043360287,175.72696413703656,177.29197692871094,18464200,28236780,-34.61,180.01,179.08,175.81,142.73,47.97,176.7 - 178.6 (24.5%),176.4 - 178.2 (19.1%),176.0 - 180.4 (17.5%),91.2 - 98.8 (11.7%)
2018-02-23,178.193323484886,181.65022008803572,177.80702393093205,181.55116271972656,19007300,28318260,-32.88,179.8,179.08,175.91,142.87,53.32,173.6 - 175.0 (24.3%),176.4 - 178.2 (19.0%),176.0 - 180.4 (17.5%),91.2 - 98.8 (11.7%)
2018-02-26,182.8289275942312,183.89868365996287,181.48182904264672,183.17559814453125,17599700,28310285,-37.83,179.55,179.12,176.01,143.02,55.21,173.6 - 175.0 (25.3%),176.4 - 178.2 (18.9%),176.0 - 180.4 (17.5%),91.2 - 98.8 (11.8%)
2018-02-27,182.70013456780723,182.94776283778637,179.73851013183594,179.73851013183594,15849800,28080115,-43.56,179.32,179.23,176.1,143.15,50.55,174.2 - 175.5 (27.0%),176.4 - 178.2 (18.9%),176.0 - 180.4 (17.8%),91.2 - 98.8 (11.8%)
2018-02-28,180.57053364049938,181.14503302828206,176.4499956885595,176.6282958984375,18783000,27976335,-32.86,178.89,179.24,176.15,143.29,46.7,174.2 - 175.5 (27.7%),176.4 - 178.2 (20.6%),176.0 - 180.4 (18.2%),91.2 - 98.8 (11.8%)
2018-03-01,177.3117413251509,178.41121145046785,172.75539021746417,174.2708740234375,23201600,26972660,-13.98,178.34,179.26,176.18,143.42,43.97,174.0 - 175.2 (36.2%),176.4 - 178.2 (20.7%),176.3 - 180.6 (16.3%),91.2 - 98.8 (11.7%)
2018-03-02,171.6460019202177,175.42976907303557,171.34886009274396,174.9444122314453,20025900,25263390,-20.73,177.53,179.34,176.22,143.55,44.96,174.0 - 175.2 (32.0%),176.4 - 178.2 (20.7%),176.3 - 180.6 (16.2%),91.2 - 98.8 (11.7%)
2018-03-05,174.52841586378588,179.431452985637,174.2213592022645,178.68856811523438,16189300,24738980,-34.56,177.04,179.47,176.28,143.69,50.23,177.6 - 178.8 (23.1%),176.4 - 178.2 (20.8%),176.3 - 180.6 (16.6%),91.2 - 98.8 (11.8%)
2018-03-06,180.05547387325277,180.64978779129012,177.41080565464497,178.07444763183594,15086800,23836910,-36.71,176.97,179.53,176.34,143.83,49.39,173.7 - 174.6 (15.9%),176.4 - 178.2 (22.0%),176.3 - 180.6 (16.9%),91.2 - 98.8 (11.8%)
2018-03-07,177.04432675553804,182.07613539633152,176.38068475541007,181.96717834472656,19097300,22903850,-16.62,176.89,179.59,176.43,143.99,54.55,173.7 - 174.6 (16.5%),176.4 - 178.2 (22.0%),176.3 - 180.6 (16.9%),91.2 - 98.8 (11.8%)
2018-03-08,181.8185803771312,182.65060774534095,179.72859715272776,180.6101531982422,17225900,22385050,-23.05,176.99,179.64,176.52,144.13,52.54,173.7 - 174.6 (16.7%),176.4 - 178.2 (22.1%),176.4 - 180.6 (16.7%),91.2 - 98.8 (11.8%)
2018-03-09,182.16529344510178,183.75010555937143,181.47193720048176,183.47276306152344,18526300,21387450,-13.38,177.67,179.75,176.63,144.29,56.2,173.7 - 174.6 (16.9%),176.4 - 178.2 (20.6%),176.4 - 180.6 (16.6%),91.2 - 98.8 (11.8%)
2018-03-12,183.47274453296083,184.33450124156306,182.47233170346976,183.0072021484375,15301200,20158130,-24.09,178.1,179.87,176.75,144.44,55.45,182.7 - 183.6 (18.4%),176.4 - 178.2 (19.6%),176.4 - 180.6 (16.7%),91.2 - 98.8 (11.8%)
2018-03-13,183.8491509246032,184.22555076740557,179.3918416393266,180.154541015625,18067500,19456900,-7.14,178.37,179.93,176.83,144.59,50.96,182.7 - 183.6 (18.7%),176.4 - 178.2 (19.6%),176.4 - 180.6 (17.0%),91.2 - 98.8 (11.8%)
2018-03-14,180.86771460779892,182.5020553263023,180.12482971501885,182.442626953125,16821700,19207515,-12.42,178.92,180.03,176.93,144.74,54.17,182.7 - 183.6 (19.1%),176.4 - 178.2 (18.4%),176.4 - 180.6 (17.0%),91.2 - 98.8 (11.8%)
2018-03-15,181.50163984109741,182.25442441392966,180.46159798332027,182.11575317382812,15614300,18541745,-15.79,179.13,180.09,177.03,144.89,53.63,181.8 - 182.7 (19.3%),176.4 - 178.2 (17.4%),176.4 - 180.6 (17.0%),91.2 - 98.8 (11.8%)
2018-03-16,182.73979231346402,183.57181980416672,181.67003620511807,183.33409118652344,24403400,18715810,30.39,179.39,180.16,177.16,145.04,55.41,182.7 - 183.6 (27.9%),176.4 - 178.2 (17.5%),176.4 - 180.6 (17.0%),91.2 - 98.8 (11.8%)
2018-03-19,175.33072351630383,175.489209244305,168.44666029283232,170.92294311523438,88140100,22090550,298.99,179.15,180.05,177.23,145.16,38.98,170.3 - 171.6 (25.7%),176.4 - 178.2 (16.6%),168.0 - 172.2 (17.2%),91.2 - 98.8 (11.8%)
2018-03-20,165.8812373698132,168.58533401994507,160.4136005851466,166.55477905273438,129851800,27522895,371.8,178.76,179.89,177.27,145.28,35.04,164.9 - 166.6 (28.5%),176.4 - 178.5 (17.5%),168.0 - 172.2 (16.7%),91.2 - 98.8 (11.7%)
2018-03-21,163.236568338648,171.75497226608036,161.75079863006934,167.78302001953125,106598800,31692795,236.35,178.34,179.75,177.28,145.4,36.97,164.9 - 166.6 (23.9%),176.4 - 178.5 (16.5%),168.0 - 172.2 (16.4%),91.2 - 98.8 (11.6%)
2018-03-22,164.55394049546263,168.6546639842509,162.16680037897171,163.32569885253906,73743000,34456735,114.02,177.64,179.55,177.25,145.52,33.13,166.0 - 168.0 (39.8%),165.6 - 167.9 (14.1%),176.3 - 180.4 (16.0%),91.2 - 98.8 (11.6%)
2018-03-23,163.87052292206974,165.01952197850233,157.51142934386212,157.87791442871094,53609700,36186855,48.15,176.45,179.27,177.16,145.62,29.14,166.4 - 169.0 (37.6%),176.4 - 179.2 (16.4%),176.3 - 180.4 (15.9%),91.2 - 98.8 (11.6%)
2018-03-26,159.29434943179874,159.5716919349605,147.60628996272092,158.5415496826172,126116600,41612700,203.07,175.22,178.99,177.08,145.71,30.24,166.4 - 169.0 (32.0%),176.4 - 179.2 (15.3%),176.3 - 180.4 (15.6%),91.2 - 98.8 (11.6%)
2018-03-27,154.82713582405677,161.30510145063508,149.31988414066313,150.77593994140625,79117000,44776060,76.69,173.77,178.56,176.93,145.78,25.29,165.0 - 168.3 (29.5%),176.8 - 180.2 (17.7%),176.3 - 180.4 (15.4%),91.2 - 98.8 (11.5%)
2018-03-28,150.2113187768467,154.40120044034754,149.3693916362378,151.57823181152344,60029200,46838370,28.16,172.52,178.17,176.8,145.86,26.62,165.0 - 168.3 (28.0%),176.8 - 180.2 (17.3%),176.3 - 180.4 (15.2%),91.2 - 98.8 (11.5%)
2018-03-29,153.6780982834858,159.8886195256846,152.67768551395085,158.27407836914062,59434300,48650005,22.17,171.72,177.82,176.71,145.94,36.79,165.0 - 168.3 (26.7%),176.8 - 180.2 (16.8%),176.3 - 180.4 (15.1%),91.2 - 98.8 (11.4%)
2018-04-02,156.3128724470169,157.68968507395377,152.64797693993603,153.91583251953125,36796000,49488510,-25.65,170.67,177.33,176.57,146.02,33.54,165.0 - 168.3 (26.6%),176.8 - 180.2 (16.6%),176.3 - 180.4 (15.1%),91.2 - 98.8 (11.5%)
2018-04-03,155.06482597696663,155.89685333830263,149.3792754464435,154.62899780273438,42543900,50806240,-16.26,169.47,176.87,176.44,146.1,34.56,165.0 - 168.3 (25.9%),176.8 - 180.2 (15.6%),176.3 - 180.4 (15.0%),91.2 - 98.8 (11.5%)
2018-04-04,150.58771834083862,154.08422867556507,149.0821340673657,153.62860107421875,49885600,52546180,-5.06,168.25,176.34,176.3,146.17,33.77,165.0 - 168.3 (25.0%),176.8 - 180.2 (15.3%),176.3 - 180.4 (14.9%),91.2 - 98.8 (11.4%)
2018-04-05,160.02729417512074,160.03720897910998,155.1638712219709,157.82835388183594,41449600,53663795,-22.76,167.04,175.87,176.19,146.25,39.93,165.0 - 168.3 (24.3%),176.8 - 180.2 (15.1%),176.3 - 180.4 (14.8%),91.2 - 98.8 (11.4%)
2018-04-06,156.23365001031036,159.8886463051413,155.32237963796206,155.70867919921875,41644800,54884740,-24.12,165.79,175.36,176.06,146.33,38.01,166.0 - 168.0 (23.9%),176.8 - 180.2 (14.9%),176.3 - 180.4 (14.7%),91.2 - 98.8 (11.4%)
2018-04-09,156.32279024233887,159.00707237470763,154.5596629568833,156.43173217773438,34915200,55704185,-37.32,164.44,174.87,175.93,146.41,39.09,158.1 - 159.8 (19.8%),176.8 - 180.2 (14.8%),176.3 - 180.4 (14.7%),91.2 - 98.8 (11.4%)
2018-04-10,156.43176881327932,164.40540444133873,155.52049832922032,163.4743194580078,57889300,57833590,0.1,163.46,174.49,175.85,146.5,48.48,158.1 - 159.8 (21.5%),176.8 - 180.2 (14.5%),176.3 - 180.4 (14.5%),91.2 - 98.8 (11.4%)
2018-04-11,163.79124252241257,167.05002388572345,161.7012593316959,164.7421417236328,56144600,59737445,-6.01,162.69,174.28,175.77,146.6,49.97,158.2 - 159.6 (22.8%),176.8 - 180.2 (14.2%),176.3 - 180.4 (14.4%),91.2 - 98.8 (11.3%)
2018-04-12,165.395880390504,165.8614227768486,161.55269967310542,162.3153839111328,38263000,60809510,-37.08,161.69,174.04,175.67,146.69,47.15,158.2 - 159.6 (23.9%),176.8 - 180.2 (14.0%),176.3 - 180.4 (14.4%),91.2 - 98.8 (11.3%)
2018-04-13,163.01865688668843,164.12802678395565,162.21634364926973,162.959228515625,19990600,61028325,-67.24,160.73,173.82,175.59,146.79,47.99,158.2 - 159.6 (24.9%),163.2 - 166.6 (14.2%),176.3 - 180.4 (14.3%),91.2 - 98.8 (11.3%)
2018-04-16,164.14785255076754,164.20728092591182,161.8399549271269,163.26629638671875,18119400,60714125,-70.16,159.73,173.57,175.51,146.89,48.41,162.4 - 163.8 (15.1%),163.2 - 166.6 (14.9%),176.0 - 180.0 (15.3%),91.2 - 98.8 (11.3%)
2018-04-17,164.25681275217087,167.39673791596394,164.08842731469673,167.05996704101562,22743000,57444270,-60.41,159.53,173.36,175.48,146.99,53.42,162.0 - 163.5 (23.2%),163.2 - 166.6 (15.0%),176.0 - 180.0 (15.3%),91.2 - 98.8 (11.3%)
2018-04-18,165.2968245640235,166.5250510874858,164.1973544610349,164.78175354003906,20969600,52000160,-59.67,159.44,173.05,175.44,147.09,50.26,153.4 - 154.7 (23.9%),163.2 - 166.6 (16.0%),176.0 - 180.0 (15.2%),91.2 - 98.8 (11.3%)
2018-04-19,164.6233104272026,166.733108631013,163.63279710921216,166.5052947998047,22235000,47781970,-53.47,159.38,172.7,175.42,147.2,52.55,153.4 - 154.7 (25.7%),163.2 - 166.6 (17.0%),167.7 - 171.6 (16.1%),91.2 - 98.8 (11.3%)
2018-04-20,166.19821476120657,166.83214264882764,164.23700272044655,164.70254516601562,19119400,45050790,-57.56,159.45,172.36,175.38,147.3,49.96,153.4 - 154.7 (24.7%),163.2 - 166.6 (17.9%),174.8 - 178.6 (15.3%),91.2 - 98.8 (11.3%)
2018-04-23,165.6831347440789,166.85193297750297,163.52380827106558,164.26669311523438,23088100,43524710,-46.95,159.77,172.01,175.28,147.4,49.33,163.8 - 165.1 (23.4%),163.2 - 166.6 (18.9%),166.5 - 170.2 (15.0%),91.2 - 98.8 (11.4%)
2018-04-24,163.86058468957233,164.52424180665622,156.68927908916314,158.175048828125,35079900,38972875,-9.99,159.75,171.51,175.12,147.48,41.44,163.8 - 165.1 (23.8%),163.2 - 166.6 (18.8%),166.5 - 170.2 (14.9%),91.2 - 98.8 (11.4%)
2018-04-25,158.6207767270073,159.5320470198868,154.70825277054732,158.175048828125,41083600,37071205,10.82,160.12,171.07,174.95,147.57,41.44,163.9 - 165.0 (24.2%),163.2 - 166.6 (18.7%),166.5 - 170.2 (14.8%),91.2 - 98.8 (11.4%)
2018-04-26,171.57669715918277,174.59776543223558,169.17965703660553,172.50778198242188,77556900,37947590,104.38,161.17,170.86,174.88,147.68,59.23,163.2 - 164.9 (36.9%),163.2 - 166.6 (18.2%),166.5 - 170.2 (14.7%),91.2 - 98.8 (11.3%)
2018-04-27,175.13264540407877,175.41990271058444,170.96259308329832,171.9431915283203,29804700,36466110,-18.27,161.85,170.64,174.83,147.79,58.48,163.2 - 164.8 (37.8%),163.2 - 166.6 (18.1%),166.5 - 170.2 (14.6%),91.2 - 98.8 (11.3%)
2018-04-30,172.14129827436884,174.05299678620298,170.08104392846093,170.3682861328125,20750500,35663835,-41.82,162.67,170.29,174.78,147.9,56.33,163.8 - 165.2 (23.7%),163.2 - 166.6 (18.1%),166.5 - 170.2 (14.7%),91.2 - 98.8 (11.3%)
2018-05-01,170.36824690416233,172.3690875241512,168.61503455002253,172.21060180664062,26025900,34837935,-25.29,163.55,170.02,174.72,148.02,58.26,163.8 - 165.2 (25.3%),163.2 - 166.6 (18.1%),166.5 - 170.2 (14.6%),91.2 - 98.8 (11.3%)
2018-05-02,172.59691700889962,176.3905842007417,172.54738832841505,174.399658203125,30424500,33864880,-10.16,164.59,169.93,174.69,148.14,60.5,171.2 - 172.8 (30.0%),163.2 - 166.6 (18.2%),166.5 - 170.2 (14.6%),91.2 - 98.8 (11.3%)
2018-05-03,173.46858035640216,174.44917874466034,170.4871259719792,172.36911010742188,24026100,32993705,-27.18,165.32,169.75,174.64,148.25,57.42,171.2 - 172.8 (36.5%),164.3 - 167.4 (11.8%),166.5 - 170.2 (14.6%),91.2 - 98.8 (11.3%)
2018-05-04,171.43802934931384,175.30102484858745,171.41821485305206,174.93453979492188,17677800,31795355,-44.4,166.28,169.69,174.62,148.37,60.18,171.7 - 173.4 (36.7%),156.6 - 159.3 (15.6%),166.5 - 170.2 (14.6%),91.2 - 98.8 (11.3%)
2018-05-07,175.66751813595442,177.79711542270283,175.48921790464635,176.28163146972656,18697200,30984455,-39.66,167.27,169.79,174.62,148.5,61.59,171.0 - 172.8 (36.7%),156.6 - 159.3 (15.7%),166.5 - 170.2 (14.7%),91.2 - 98.8 (11.3%)
2018-05-08,176.55895327707913,177.34145194577775,175.4297689911165,177.22259521484375,15577200,28868850,-46.04,167.96,169.84,174.62,148.62,62.58,171.0 - 172.9 (37.3%),156.6 - 159.3 (15.9%),166.5 - 170.2 (14.7%),91.2 - 98.8 (11.3%)
2018-05-09,177.96548445349003,181.27379453532498,177.08392841098836,180.9271240234375,23282800,27225760,-14.48,168.77,169.94,174.66,148.77,66.28,172.5 - 174.8 (25.4%),156.6 - 159.3 (15.9%),166.5 - 170.2 (14.6%),91.2 - 98.8 (11.3%)
2018-05-10,181.41248646809774,184.3642266851222,180.7686589339458,183.76991271972656,21071400,26366180,-20.08,169.84,170.15,174.72,148.91,68.83,171.6 - 174.2 (37.2%),156.6 - 159.3 (16.1%),166.5 - 170.2 (14.6%),91.2 - 98.8 (11.3%)
2018-05-11,183.09636685839305,186.53344879253777,182.43270972929454,185.216064453125,21207800,26427040,-19.75,170.95,170.27,174.78,149.06,70.07,170.1 - 172.8 (41.9%),156.6 - 159.5 (16.2%),166.5 - 170.2 (14.6%),91.2 - 98.8 (11.3%)
2018-05-14,185.92924115423364,186.0778120900049,184.43355653531984,184.869384765625,15646700,26303405,-40.51,172.03,170.38,174.84,149.21,69.36,170.1 - 172.8 (42.6%),156.6 - 159.5 (16.3%),166.5 - 170.2 (14.6%),112.5 - 120.0 (12.9%)
2018-05-15,183.12608083439602,183.5321797499342,181.4620108392467,182.57139587402344,15429400,25937725,-40.51,172.81,170.5,174.89,149.36,64.67,170.1 - 172.8 (44.7%),156.6 - 159.5 (16.4%),166.5 - 170.2 (14.6%),112.5 - 120.0 (12.9%)
2018-05-16,181.9572774894624,182.57140597014876,180.92715037952365,181.46202087402344,16975500,25738020,-34.05,173.64,170.62,174.9,149.5,62.47,171.0 - 172.5 (21.3%),156.6 - 159.5 (16.5%),166.5 - 170.2 (14.6%),112.5 - 120.0 (12.9%)
2018-05-17,180.94693708713623,182.3138500864891,180.49130949670618,182.01669311523438,14840700,25368305,-41.5,174.42,170.71,174.93,149.64,63.15,171.0 - 172.5 (25.6%),156.6 - 159.5 (16.5%),166.5 - 170.2 (14.6%),112.5 - 120.0 (12.9%)
2018-05-18,181.7492429300626,182.44259903441517,180.87758661943107,180.94691467285156,13130500,25068860,-47.62,175.23,170.77,174.92,149.79,60.88,180.0 - 181.5 (18.1%),156.6 - 159.5 (16.6%),175.0 - 178.5 (14.9%),112.5 - 120.0 (12.9%)
2018-05-21,182.02660593371087,183.54208984513974,181.39267812183232,182.73977661132812,13532900,24591100,-44.97,176.16,170.79,174.94,149.93,63.26,180.7 - 182.0 (18.6%),156.6 - 159.5 (16.5%),176.8 - 180.2 (12.4%),112.5 - 120.0 (12.9%)
2018-05-22,183.1755744210044,183.660931265403,181.68980481891924,182.05630493164062,12731400,23473675,-45.76,177.35,170.77,174.95,150.08,61.72,182.0 - 183.3 (20.6%),156.6 - 159.5 (16.5%),176.8 - 180.2 (12.3%),112.5 - 120.0 (12.9%)
2018-05-23,180.76862560188127,185.13679163420335,180.45165418170836,185.1268768310547,16628100,22250900,-25.27,178.7,170.86,175.04,150.24,65.76,182.0 - 183.3 (21.7%),156.6 - 159.5 (16.6%),176.8 - 180.2 (12.3%),112.5 - 120.0 (12.9%)
2018-05-24,184.11660886494886,185.02787924680064,183.2746665517212,184.16612243652344,12354700,18990790,-34.94,179.28,170.99,175.12,150.39,63.5,182.0 - 183.0 (22.7%),156.6 - 159.5 (16.6%),176.8 - 180.2 (12.3%),112.5 - 120.0 (12.9%)
2018-05-25,184.25526573260586,184.56232239975597,182.70015278732095,183.1656951904297,10965100,18048810,-39.25,179.84,171.14,175.2,150.54,61.14,184.5 - 185.4 (22.1%),156.6 - 159.5 (16.7%),176.8 - 180.2 (12.3%),112.5 - 120.0 (12.9%)
2018-05-29,182.59117789035727,185.03774641177642,181.96716492629983,183.9779052734375,16398900,17831230,-8.03,180.52,171.29,175.32,150.68,62.36,183.6 - 184.0 (16.7%),156.6 - 159.5 (16.8%),176.8 - 180.2 (12.4%),111.0 - 118.4 (12.8%)
2018-05-30,184.77033312233496,186.21648910277554,183.4925776930275,185.88961791992188,13736900,17216780,-20.21,181.21,171.41,175.44,150.83,65.14,185.0 - 185.5 (17.6%),156.6 - 159.5 (16.9%),176.8 - 180.2 (12.3%),111.0 - 118.4 (12.8%)
2018-05-31,186.0877218394342,190.89171720946445,185.70142227151663,189.96063232421875,30782600,17234685,78.61,181.98,171.61,175.57,150.99,70.18,184.5 - 185.4 (23.8%),161.7 - 165.0 (15.4%),176.8 - 180.2 (12.3%),111.0 - 118.4 (12.8%)
2018-06-01,191.2384030730144,192.70435847132836,190.24788980933658,192.14967346191406,17307200,16898740,2.42,182.97,171.78,175.68,151.15,72.49,184.8 - 185.9 (20.9%),163.2 - 166.6 (19.9%),175.0 - 178.5 (14.9%),112.5 - 120.0 (12.9%)
2018-06-04,190.02003925955626,192.13973679812477,189.653554230178,191.44638061523438,18939800,16961840,11.66,183.8,171.96,175.8,151.31,70.6,181.5 - 182.6 (19.2%),163.2 - 166.6 (19.8%),175.0 - 178.5 (15.0%),112.5 - 120.0 (12.9%)
2018-06-05,192.45673306292838,193.1500893351711,190.79266289551273,191.10963439941406,15544300,16804195,-7.5,184.54,172.08,175.92,151.47,69.66,191.4 - 192.5 (16.2%),163.2 - 166.6 (19.8%),175.0 - 178.5 (14.9%),112.5 - 120.0 (12.9%)
2018-06-06,189.21770838471184,190.70347797268624,187.31592512578817,189.52476501464844,22558900,17153280,31.51,185.15,172.19,176.03,151.62,65.28,189.2 - 190.3 (23.2%),163.2 - 166.6 (19.8%),175.0 - 178.5 (14.9%),112.5 - 120.0 (12.9%)
2018-06-07,188.9403862205783,189.15830032599717,184.9981480558733,186.39476013183594,21503200,17064300,26.01,185.43,172.3,176.12,151.77,57.57,189.2 - 190.3 (22.6%),163.2 - 166.6 (19.8%),175.0 - 178.5 (14.9%),112.5 - 120.0 (12.9%)
2018-06-08,185.75094774066767,187.68244554680632,184.66137712488037,187.30606079101562,12677100,16644585,-23.84,185.6,172.38,176.2,151.92,59.09,189.0 - 190.0 (22.6%),163.2 - 166.6 (19.8%),175.0 - 178.5 (14.9%),112.5 - 120.0 (12.9%)
2018-06-11,187.01878842106407,190.77284178339625,187.00888873045716,189.72288513183594,12928900,16230640,-20.34,185.83,172.5,176.3,152.07,62.87,189.0 - 190.0 (28.2%),163.2 - 166.6 (19.8%),175.0 - 178.5 (15.0%),112.5 - 120.0 (12.9%)
2018-06-12,190.34689325898046,191.44636336206202,189.74267968676392,190.57470703125,11562700,16026440,-27.85,186.12,172.63,176.39,152.23,64.13,189.9 - 190.8 (18.1%),163.2 - 166.6 (19.9%),175.0 - 178.5 (15.0%),112.5 - 120.0 (12.9%)
2018-06-13,190.91151165900177,192.6548093773548,190.08938392355344,190.5846405029297,15853800,16047660,-1.21,186.52,172.95,176.5,152.38,64.15,189.9 - 190.8 (25.0%),163.2 - 166.6 (19.9%),175.0 - 178.5 (15.0%),112.5 - 120.0 (12.9%)
2018-06-14,191.26809111059072,195.4084287319388,191.07989119797838,194.94288635253906,19120900,16154930,18.36,187.19,173.43,176.66,152.53,70.15,189.6 - 190.8 (29.7%),155.4 - 159.1 (20.4%),166.5 - 170.2 (14.7%),115.5 - 123.2 (12.0%)
2018-06-15,193.93257616449537,195.2004469875458,192.7934920102162,193.9920196533203,21860900,16505940,32.44,187.79,173.86,176.81,152.69,67.5,189.2 - 190.3 (26.4%),155.4 - 159.1 (20.5%),166.5 - 170.2 (14.7%),91.2 - 98.8 (11.4%)
2018-06-18,192.95195437195974,197.68660576781141,192.2883124104692,196.42864990234375,16826000,16690715,0.81,188.56,174.41,176.98,152.85,70.57,189.6 - 190.8 (26.6%),155.8 - 159.6 (19.1%),174.8 - 178.6 (16.0%),115.5 - 123.2 (12.0%)
2018-06-19,194.37829843003595,196.0819821908352,191.95152921578344,195.61643981933594,19994000,17013770,17.52,189.21,175.04,177.16,153.0,68.25,189.2 - 190.3 (24.4%),155.8 - 159.6 (20.2%),174.8 - 178.6 (15.9%),115.5 - 123.2 (12.0%)
2018-06-20,197.21119678108076,201.61897778023717,196.9239394708472,200.08367919921875,28230900,17788745,58.7,190.11,175.74,177.36,153.17,73.42,189.0 - 190.4 (23.2%),155.8 - 159.9 (21.1%),168.1 - 172.2 (14.6%),110.6 - 118.5 (12.9%)
2018-06-21,200.8364506124244,201.46047876373848,198.19178218709274,199.58840942382812,19045700,17909625,6.34,190.83,176.55,177.56,153.34,72.02,190.4 - 191.8 (22.6%),155.8 - 159.9 (21.7%),168.1 - 172.2 (14.6%),110.6 - 118.5 (12.9%)
2018-06-22,199.25164187926148,200.32139796472921,197.4191863866114,199.82614135742188,17420200,18162900,-4.09,191.61,177.35,177.76,153.5,72.3,198.8 - 200.2 (23.6%),155.8 - 159.9 (19.1%),168.1 - 172.2 (14.6%),110.6 - 118.5 (12.9%)
2018-06-25,198.10262578611707,198.10262578611707,191.2779909323466,194.4872589111328,25275100,18878400,33.88,192.18,177.96,177.89,153.64,58.48,198.8 - 200.2 (23.1%),155.8 - 159.9 (12.7%),168.1 - 172.2 (14.6%),110.6 - 118.5 (13.0%)
2018-06-26,195.72539403291194,197.21116367856453,194.3683808123419,197.1121063232422,17897600,18953335,-5.57,192.84,178.68,178.01,153.8,62.3,198.8 - 200.2 (22.9%),156.0 - 160.0 (13.2%),168.1 - 172.2 (14.5%),110.6 - 118.5 (13.0%)
2018-06-27,197.29039638169402,198.84550923794097,193.9424723069349,193.98208618164062,18734400,19203210,-2.44,193.24,179.33,178.1,153.95,55.72,193.2 - 194.6 (23.6%),156.0 - 159.9 (13.6%),168.1 - 172.2 (14.5%),110.6 - 118.5 (13.0%)
2018-06-28,193.32835110465624,195.46786315530628,191.42656765319995,194.36839294433594,18172400,18572700,-2.16,193.46,180.01,178.18,154.1,56.34,193.7 - 195.0 (37.4%),171.6 - 175.5 (13.5%),168.1 - 172.2 (14.5%),110.6 - 118.5 (12.9%)
2018-06-29,195.4480560834861,195.72539854794996,192.11993139588918,192.4765167236328,15811600,18497920,-14.52,193.48,180.59,178.23,154.25,52.51,194.0 - 195.0 (22.4%),171.6 - 175.5 (13.4%),168.1 - 172.2 (14.5%),110.6 - 118.5 (13.0%)
2018-07-02,191.53550313946727,195.57679818654742,190.39641918056782,195.48765563964844,13961600,18249010,-23.49,193.68,181.25,178.31,154.4,57.46,194.0 - 195.0 (22.4%),171.6 - 175.5 (13.6%),168.1 - 172.2 (14.6%),110.6 - 118.5 (13.0%)
2018-07-03,192.70433726558656,193.54626437864485,190.69359677071088,190.90159606933594,13489500,18146270,-25.66,193.67,181.83,178.35,154.54,49.06,193.5 - 194.4 (20.9%),171.6 - 175.5 (13.8%),168.1 - 172.2 (14.6%),110.6 - 118.5 (13.0%)
2018-07-05,192.89252663823507,196.76542137464364,192.18925568668544,196.56732177734375,19684200,18002535,9.34,194.02,182.38,178.43,154.69,57.36,193.5 - 194.4 (22.1%),162.8 - 166.5 (15.2%),168.1 - 172.2 (14.6%),110.6 - 118.5 (13.0%)
2018-07-06,196.5673200653723,201.70808543059442,195.82443524644492,201.30197143554688,19740100,17914380,10.19,194.77,182.99,178.63,154.85,62.81,194.0 - 195.0 (16.4%),162.8 - 166.5 (15.5%),168.1 - 172.2 (14.6%),112.0 - 120.0 (13.2%)
2018-07-09,202.985868533329,203.84762531912077,200.20252878125035,202.7976837158203,18149400,18187995,-0.21,195.54,183.66,178.85,155.01,64.36,199.2 - 200.4 (24.4%),162.8 - 166.5 (15.6%),176.0 - 180.0 (15.5%),113.4 - 121.5 (12.6%)
2018-07-10,202.55993857801187,202.96605259568244,200.34118368749978,201.60903930664062,13190100,18201055,-27.53,196.14,184.31,179.06,155.18,62.14,199.2 - 200.4 (25.0%),170.2 - 173.9 (13.4%),176.0 - 180.0 (15.5%),113.4 - 121.5 (12.6%)
2018-07-11,200.3015586844866,202.5599273252496,199.83601632209832,200.61851501464844,12927400,18269290,-29.24,196.64,184.93,179.25,155.34,60.28,194.4 - 195.6 (16.1%),170.2 - 173.9 (13.8%),176.0 - 180.0 (15.5%),113.4 - 121.5 (12.6%)
2018-07-12,201.50008903300315,205.1154712098636,201.26237554268863,204.9569854736328,15454700,18249335,-15.31,197.36,185.56,179.46,155.51,65.2,193.2 - 194.6 (25.9%),171.6 - 175.5 (16.2%),168.0 - 172.2 (14.9%),114.8 - 123.0 (12.1%)
2018-07-13,205.83853696491485,206.45265028644204,204.49143846534807,205.3531951904297,11486800,17867630,-35.71,197.88,186.24,179.64,155.68,65.62,193.2 - 194.6 (26.6%),171.6 - 175.5 (16.3%),168.0 - 172.2 (15.0%),107.9 - 116.2 (12.6%)
2018-07-16,205.53149614995922,206.73992350512015,204.8777537878494,205.26405334472656,11078200,17328495,-36.07,198.44,186.88,179.79,155.85,65.43,204.4 - 205.8 (17.3%),171.6 - 175.5 (16.4%),168.0 - 172.2 (15.0%),107.9 - 116.2 (12.7%)
2018-07-17,202.95612541293235,208.4633908705992,202.89669704597702,207.9978485107422,15349900,17254690,-11.04,199.02,187.6,179.98,156.03,68.46,193.8 - 195.5 (23.4%),172.2 - 176.4 (15.6%),167.2 - 171.6 (16.9%),109.2 - 117.6 (13.6%)
2018-07-18,207.8294983381178,208.98839703233375,206.4625852102582,207.3738555908203,15334900,17021735,-9.91,199.61,188.32,180.17,156.21,67.01,200.6 - 202.3 (21.4%),172.2 - 176.4 (15.7%),167.2 - 171.6 (16.9%),109.2 - 117.6 (13.6%)
2018-07-19,206.78943203722804,207.9978592746231,205.78900409494054,206.11587524414062,11350400,16177710,-29.84,199.91,189.12,180.31,156.38,64.08,200.6 - 202.3 (22.2%),172.2 - 176.4 (15.9%),167.2 - 171.6 (16.9%),109.2 - 117.6 (13.6%)
2018-07-20,206.86867803092966,209.49353184052944,206.52199238179853,207.94833374023438,16163900,16033620,0.81,200.33,189.95,180.51,156.56,66.39,200.6 - 202.3 (22.1%),172.2 - 176.4 (15.9%),167.2 - 171.6 (17.0%),109.2 - 117.6 (13.6%)
2018-07-23,208.58227799001997,209.61240510004794,206.81916564802717,208.90914916992188,16732000,15999210,4.58,200.78,190.56,180.71,156.74,67.56,207.0 - 208.8 (22.3%),172.2 - 176.4 (16.0%),166.5 - 171.0 (19.3%),110.5 - 119.0 (13.9%)
2018-07-24,213.0692968578593,214.14895262761908,210.58311414589252,212.6334686279297,28468700,16158890,76.18,201.69,191.24,180.94,156.92,71.7,204.8 - 206.4 (21.9%),171.0 - 175.5 (17.0%),168.0 - 172.8 (17.3%),105.6 - 114.4 (13.4%)
2018-07-25,213.67351788645288,216.54600024416015,212.23727670759925,215.43663024902344,58954200,18211720,223.72,202.61,191.99,181.14,157.11,74.35,207.1 - 209.0 (22.4%),193.8 - 197.6 (15.6%),175.0 - 180.0 (17.6%),106.8 - 115.7 (13.2%)
2018-07-26,173.2308617906081,178.42115666473603,172.10167728950017,174.58786010742188,169803700,25765185,559.04,201.64,192.03,181.02,157.22,30.1,172.2 - 176.3 (39.1%),171.0 - 174.8 (21.2%),170.0 - 175.0 (18.7%),106.8 - 115.7 (13.0%)
2018-07-27,178.1636173395232,178.22304571757837,171.35879599961297,173.23086547851562,60073700,27860250,115.63,200.58,192.01,180.97,157.32,29.47,172.2 - 176.4 (48.4%),171.0 - 174.8 (23.0%),170.0 - 175.0 (19.6%),106.8 - 115.7 (13.0%)
2018-07-30,173.63694518855146,173.63694518855146,164.97985546610522,169.43716430664062,65280800,30333710,115.21,199.43,191.96,180.85,157.41,27.73,170.2 - 174.8 (44.1%),171.0 - 174.8 (22.2%),170.0 - 175.0 (19.3%),106.8 - 115.7 (13.1%)
2018-07-31,169.05088050469726,172.5870197678499,168.38723849607297,170.94276428222656,40356500,31653455,27.49,198.2,191.89,180.79,157.51,29.51,170.2 - 174.8 (49.2%),171.0 - 174.8 (20.2%),170.0 - 175.0 (19.9%),106.8 - 115.7 (13.1%)
2018-08-01,172.2799446976345,173.41904388705146,169.27869106621378,170.02157592773438,34042100,32681085,4.16,197.16,191.79,180.79,157.6,29.04,170.2 - 174.8 (47.4%),171.0 - 174.8 (18.0%),170.0 - 175.0 (20.4%),106.8 - 115.7 (13.1%)
2018-08-02,169.06075581451387,175.11279100047358,168.65465696101683,174.69677734375,32400000,33316875,-2.75,196.06,191.75,180.79,157.7,34.74,170.2 - 174.8 (51.6%),171.0 - 174.8 (18.5%),170.0 - 175.0 (20.9%),106.8 - 115.7 (13.1%)
2018-08-03,176.00430225885964,177.1533012591529,174.4789033861176,176.09344482421875,24763400,33568040,-26.23,194.8,191.67,180.8,157.79,36.38,170.2 - 174.8 (50.4%),171.0 - 174.8 (18.4%),170.0 - 175.0 (20.9%),106.8 - 115.7 (13.1%)
2018-08-06,177.27214088016572,184.0274327501901,176.68774174502605,183.9283905029297,49716200,35146380,41.45,193.86,191.67,180.91,157.91,44.77,170.2 - 174.8 (47.4%),171.0 - 174.8 (18.0%),170.0 - 175.0 (20.8%),106.8 - 115.7 (13.1%)
2018-08-07,184.73073695112438,186.51366397667664,181.97711108934027,182.06625366210938,33398600,36156805,-7.63,192.88,191.62,180.94,158.02,43.31,170.2 - 174.8 (46.1%),171.0 - 174.8 (17.8%),170.0 - 175.0 (20.7%),106.8 - 115.7 (13.1%)
2018-08-08,182.9973195972365,185.07740342988168,182.01670605658393,183.42323303222656,22205200,36620695,-39.36,192.02,191.59,180.99,158.14,44.73,170.2 - 174.8 (45.6%),171.0 - 174.8 (17.8%),170.0 - 175.0 (20.4%),106.8 - 115.7 (13.1%)
2018-08-09,184.0868684729874,184.80003912492776,180.74882899781267,181.35304260253906,19732100,36834565,-46.43,190.84,191.57,181.03,158.26,42.96,170.2 - 174.8 (45.0%),171.0 - 174.8 (17.8%),170.0 - 175.0 (20.4%),106.8 - 115.7 (13.1%)
2018-08-10,180.31302386004026,180.37246735032673,177.71788400340412,178.54991149902344,21500400,37335245,-42.41,189.5,191.52,181.07,158.36,40.63,170.2 - 174.8 (44.7%),171.0 - 174.8 (17.8%),170.0 - 175.0 (20.4%),106.8 - 115.7 (13.1%)
2018-08-13,178.39141710602644,180.87759957037042,177.20278928313903,178.34188842773438,17423300,37652500,-53.73,188.15,191.46,181.09,158.47,40.45,170.2 - 174.8 (44.6%),171.0 - 174.8 (17.8%),170.0 - 175.0 (20.4%),106.8 - 115.7 (13.1%)
2018-08-14,178.9956464699601,180.26350215292612,176.92546240168247,179.391845703125,19102000,37840105,-49.52,186.72,191.44,181.1,158.58,41.82,170.2 - 174.8 (45.3%),171.0 - 174.8 (17.7%),170.0 - 175.0 (20.3%),106.8 - 115.7 (13.1%)
2018-08-15,177.63861283995405,179.15409664920458,173.1218755955972,177.82681274414062,33020200,38724370,-14.73,185.25,191.35,181.07,158.68,40.33,173.6 - 175.0 (31.5%),171.0 - 174.8 (17.5%),170.0 - 175.0 (20.3%),106.8 - 115.7 (13.1%)
2018-08-16,178.7083848746078,178.7876277421385,172.35919180775485,173.0426483154297,31351800,39724440,-21.08,183.59,191.2,180.99,158.78,36.1,169.4 - 170.8 (19.7%),171.0 - 174.8 (19.4%),170.0 - 175.0 (20.7%),106.8 - 115.7 (13.0%)
2018-08-17,172.8445708869509,174.5482549724378,170.40790151825524,172.15121459960938,24893200,40160905,-38.02,181.8,190.99,180.93,158.87,35.36,169.4 - 170.8 (21.2%),171.0 - 174.8 (20.9%),170.0 - 175.0 (21.1%),106.8 - 115.7 (13.0%)
2018-08-20,172.38890905408323,172.9138949500478,169.2886130448269,170.863525390625,21518000,40400205,-46.74,179.9,190.77,180.88,158.96,34.26,170.8 - 172.2 (20.4%),171.0 - 174.8 (20.8%),170.0 - 175.0 (21.5%),106.8 - 115.7 (13.1%)
2018-08-21,171.17057601645882,172.51767451275782,169.76404914906348,170.9823760986328,19578500,39955695,-51.0,177.82,190.56,180.85,159.05,34.46,177.8 - 179.2 (17.8%),171.0 - 174.8 (20.7%),170.0 - 175.0 (21.8%),169.1 - 178.0 (13.1%)
2018-08-22,170.57629485305836,172.58703555817914,170.49705197871458,171.9927215576172,16894100,37852690,-55.37,175.65,190.36,180.83,159.14,36.26,183.3 - 184.6 (18.6%),171.0 - 174.8 (21.8%),170.0 - 175.0 (22.0%),169.1 - 178.0 (13.2%)
2018-08-23,171.44790449230334,173.88457330652065,171.19037653390234,171.25970458984375,18053600,30265185,-40.35,175.48,190.12,180.76,159.24,35.5,183.3 - 184.6 (19.3%),171.0 - 174.8 (22.9%),170.0 - 175.0 (22.3%),169.1 - 178.0 (13.3%)
2018-08-24,172.05214897762818,173.16153409823602,171.27954984961585,172.99313354492188,14631600,27993080,-47.73,175.47,189.84,180.72,159.33,38.77,183.3 - 184.6 (19.8%),171.0 - 174.8 (23.8%),170.0 - 175.0 (22.5%),169.1 - 178.0 (13.4%)
2018-08-27,174.32043356073072,176.97500183506332,174.12231881808142,175.7764892578125,17921900,25625135,-30.06,175.78,189.56,180.67,159.43,43.7,170.3 - 171.6 (17.9%),171.0 - 174.8 (23.5%),170.0 - 175.0 (22.6%),111.8 - 120.4 (14.0%)
2018-08-28,176.41041597516693,176.54908722568783,174.16194666440515,174.58786010742188,15910700,24402845,-34.8,175.97,189.28,180.62,159.53,42.14,170.3 - 171.6 (18.9%),171.0 - 174.8 (24.5%),170.0 - 175.0 (22.8%),111.8 - 120.4 (14.0%)
2018-08-29,174.62747654720158,175.1128183321167,173.09217809635888,174.23126220703125,18494100,23625445,-21.72,176.18,189.0,180.54,159.63,41.66,170.0 - 171.0 (13.3%),171.0 - 174.8 (25.6%),170.0 - 175.0 (23.0%),111.8 - 120.4 (14.0%)
2018-08-30,174.23124423623833,178.08433950203755,174.03314464360164,175.95474243164062,24216500,23216270,4.31,176.24,188.77,180.48,159.73,44.93,172.8 - 173.7 (14.6%),171.0 - 174.8 (25.7%),170.0 - 175.0 (23.0%),111.8 - 120.4 (14.0%)
2018-08-31,175.46940840865383,175.93495082462655,173.31999656517846,174.06288146972656,18065200,22881360,-21.05,176.14,188.57,180.43,159.83,42.14,173.7 - 174.6 (16.9%),171.0 - 174.8 (26.9%),170.0 - 175.0 (23.3%),111.8 - 120.4 (14.0%)
2018-09-04,171.85403683933038,172.24033637521487,167.19862791317502,169.53623962402344,29809000,21886000,36.2,175.42,188.27,180.33,159.91,36.32,172.8 - 173.6 (15.1%),171.0 - 174.8 (26.9%),170.0 - 175.0 (22.8%),111.8 - 120.4 (14.0%)
2018-09-05,167.88207692261227,169.50651786168052,165.0888226233438,165.59397888183594,31226700,21777405,43.39,174.6,187.87,180.19,159.99,32.15,174.0 - 175.0 (17.3%),172.2 - 176.4 (27.2%),170.0 - 175.0 (22.7%),111.8 - 120.4 (14.0%)
2018-09-06,165.39586288282277,165.39586288282277,158.48208610827743,160.9880828857422,41514800,22742885,82.54,173.47,187.38,180.0,160.06,28.1,169.5 - 171.0 (22.7%),171.0 - 175.5 (26.5%),170.0 - 175.0 (22.6%),111.8 - 120.4 (14.0%)
2018-09-07,158.78915897630583,163.06818299371594,158.64058805099202,161.49325561523438,24300600,22971310,5.79,172.48,186.89,179.92,160.13,29.16,169.5 - 171.0 (22.7%),171.0 - 175.5 (26.3%),170.0 - 175.0 (22.3%),111.8 - 120.4 (14.0%)
2018-09-10,161.95882494083588,163.4445948972473,160.62164104848574,162.62246704101562,20197700,22906175,-11.82,171.68,186.35,179.89,160.2,31.57,160.5 - 162.0 (21.2%),171.0 - 175.5 (26.1%),170.0 - 175.0 (22.0%),111.8 - 120.4 (14.0%)
2018-09-11,162.3847118152826,165.60387922738684,162.166797735187,164.36573791503906,20457100,23057865,-11.28,170.99,185.86,179.86,160.28,35.25,160.5 - 162.0 (21.1%),171.0 - 175.5 (26.0%),170.0 - 175.0 (22.0%),111.8 - 120.4 (14.0%)
2018-09-12,161.7012916141086,162.92953351213754,160.26505039286957,160.46315002441406,24078100,23306670,3.31,170.04,185.26,179.84,160.35,31.21,160.5 - 162.0 (20.6%),170.2 - 174.8 (30.9%),170.0 - 175.0 (21.7%),111.8 - 120.4 (14.0%)
2018-09-13,160.4631362088056,161.77062086968667,159.33395178078638,159.82920837402344,25453800,22928350,11.01,169.14,184.66,179.85,160.42,30.59,160.0 - 161.6 (27.6%),170.2 - 174.8 (30.8%),170.0 - 175.0 (21.5%),111.8 - 120.4 (14.0%)
2018-09-14,160.18579164105753,161.29516155898105,158.8188786250221,160.7801055908203,21770400,22449280,-3.02,168.53,184.01,179.87,160.49,32.73,160.0 - 161.6 (33.5%),170.2 - 174.8 (30.8%),170.0 - 175.0 (21.3%),111.8 - 120.4 (14.0%)
2018-09-17,160.3838633844475,160.52253460009223,158.25426647689713,159.05657958984375,21005300,22254885,-5.61,167.87,183.33,179.94,160.55,30.87,159.8 - 161.5 (40.7%),173.9 - 178.6 (24.0%),170.0 - 175.0 (21.1%),111.8 - 120.4 (14.0%)
2018-09-18,157.87791090512496,160.22542253941643,157.36283976821395,158.77928161621094,22465200,22302245,0.73,167.27,182.65,180.0,160.62,30.57,159.8 - 161.5 (40.0%),173.9 - 178.6 (24.0%),170.0 - 175.0 (21.0%),111.8 - 120.4 (14.0%)
2018-09-19,158.56135173648215,161.88947662727907,157.96703778261312,161.51307678222656,19629000,22304770,-12.0,166.79,182.1,180.03,160.68,37.07,159.8 - 161.5 (39.8%),173.9 - 178.6 (24.1%),170.0 - 175.0 (21.0%),111.8 - 120.4 (14.0%)
2018-09-20,162.93939277520897,164.8708901530819,162.90967859355163,164.44497680664062,18936000,22406865,-15.49,166.42,181.56,180.12,160.75,43.21,160.5 - 162.0 (31.6%),173.9 - 178.6 (24.1%),170.0 - 175.0 (20.7%),111.8 - 120.4 (14.0%)
2018-09-21,165.05910286451194,165.6633164618488,161.2654358666795,161.38429260253906,45994800,23803925,93.22,165.92,181.01,180.17,160.81,38.94,160.6 - 161.7 (41.8%),173.9 - 178.6 (23.7%),170.0 - 175.0 (20.4%),111.8 - 120.4 (14.0%)
2018-09-24,159.50233720186387,164.1280319688129,159.35376626951194,163.84078979492188,19222800,24033485,-20.02,165.47,180.5,180.26,160.88,43.74,160.6 - 161.7 (39.7%),173.9 - 178.6 (23.8%),170.0 - 175.0 (20.4%),111.8 - 120.4 (14.1%)
2018-09-25,160.45323855085576,164.0190769989209,159.62119597701178,163.3455352783203,27622800,24518530,12.66,164.84,180.02,180.3,160.96,43.01,161.0 - 161.7 (23.4%),173.9 - 178.6 (23.7%),170.0 - 175.0 (20.3%),111.8 - 120.4 (14.1%)
2018-09-26,162.74132641088838,167.69389255173078,162.65218384772098,165.36618041992188,25252200,24985605,1.07,164.38,179.52,180.38,161.03,46.92,161.0 - 161.7 (23.8%),173.9 - 178.6 (23.6%),170.0 - 175.0 (20.4%),111.8 - 120.4 (14.0%)
2018-09-27,165.96048016905473,170.14044684255902,165.62370932772794,167.2382354736328,27266900,25424245,7.25,164.03,179.12,180.47,161.11,50.33,160.8 - 161.6 (24.7%),173.9 - 178.6 (23.5%),170.0 - 175.0 (20.4%),111.8 - 120.4 (14.0%)
2018-09-28,166.73306087974288,167.1886884116708,161.01779643982343,162.8997802734375,34265600,25926700,32.16,163.38,178.56,180.47,161.18,43.38,160.8 - 161.6 (17.6%),173.9 - 178.6 (23.2%),170.0 - 175.0 (20.3%),111.8 - 120.4 (14.0%)
2018-10-01,161.48335542195036,164.30632390636885,159.73014293855263,160.89895629882812,26407700,26343825,0.24,162.72,177.89,180.44,161.25,40.6,160.8 - 161.6 (24.2%),173.9 - 178.6 (23.0%),170.0 - 175.0 (20.3%),107.9 - 116.2 (12.9%)
2018-10-02,160.04712083309903,160.7404770336718,157.164723862827,157.81846618652344,36031000,26654925,35.18,162.14,177.14,180.4,161.33,36.69,160.2 - 161.1 (18.3%),172.8 - 177.6 (24.7%),170.0 - 175.0 (20.2%),107.9 - 116.2 (12.9%)
2018-10-03,158.48211350067055,162.10739547436611,158.01657108313975,160.88905334472656,23109500,26249065,-11.96,161.9,176.46,180.38,161.42,42.62,160.2 - 161.1 (18.1%),172.8 - 177.6 (24.4%),170.0 - 175.0 (20.2%),107.9 - 116.2 (12.9%)
2018-10-04,159.9282264466565,159.9282264466565,155.8572176458638,157.34298706054688,25739600,25460305,1.1,161.72,175.74,180.33,161.49,38.18,160.0 - 161.0 (18.1%),172.8 - 177.6 (24.3%),170.0 - 175.0 (20.1%),107.9 - 116.2 (12.9%)
2018-10-05,157.69960238585955,159.37355688304703,154.71814818574944,155.83743286132812,25744000,25532475,0.83,161.44,174.92,180.24,161.56,36.44,160.6 - 161.7 (28.9%),170.0 - 175.0 (30.3%),170.0 - 175.0 (20.1%),107.9 - 116.2 (12.9%)
2018-10-08,154.0644098207405,156.83784968370725,152.92532573557284,155.75819396972656,24046000,25724890,-6.53,161.09,174.09,180.16,161.63,36.35,160.6 - 161.7 (28.7%),170.0 - 175.0 (30.2%),170.0 - 175.0 (19.9%),114.8 - 123.0 (12.4%)
2018-10-09,156.1939935368366,159.0664751203958,155.92655080150305,156.40199279785156,18844400,25644255,-26.52,160.69,173.28,180.08,161.71,37.75,160.6 - 161.7 (28.9%),170.0 - 175.0 (30.1%),170.0 - 175.0 (19.8%),114.8 - 123.0 (12.4%)
2018-10-10,155.33231928678254,156.1940611118643,149.874580757171,149.9439239501953,30610000,25970850,17.86,160.17,172.31,179.96,161.78,30.5,159.8 - 161.5 (23.3%),170.5 - 176.0 (30.3%),170.0 - 175.0 (19.6%),114.8 - 123.0 (12.4%)
2018-10-11,148.70571910201858,153.34131261170683,147.74492029856094,151.89517211914062,35338900,26465105,33.53,159.77,171.39,179.85,161.86,34.58,159.8 - 161.5 (22.4%),170.5 - 176.0 (30.0%),170.0 - 175.0 (19.5%),114.8 - 123.0 (12.4%)
2018-10-12,155.2431187281612,155.4016044564258,149.86463968369813,152.281494140625,25293500,26641260,-5.06,159.35,170.49,179.81,161.93,35.39,156.4 - 158.1 (19.9%),170.5 - 176.0 (29.7%),170.0 - 175.0 (19.3%),114.8 - 123.0 (12.4%)
2018-10-15,151.86546852745758,154.09412289651334,151.10276924478575,152.06356811523438,15433500,26362670,-41.46,159.0,169.56,179.75,162.01,35.13,156.4 - 158.1 (20.1%),170.5 - 176.0 (29.7%),170.0 - 175.0 (18.9%),113.4 - 121.5 (12.9%)
2018-10-16,153.92575718695133,157.94725378701338,153.53945761351588,157.27369689941406,19180100,26198415,-26.79,158.92,168.7,179.63,162.09,45.59,156.4 - 158.1 (25.4%),170.5 - 176.0 (29.6%),170.0 - 175.0 (18.9%),113.4 - 121.5 (12.9%)
2018-10-17,158.04629454390417,158.96747974197547,156.45156757866937,157.90762329101562,17592000,26096565,-32.59,158.74,167.78,179.51,162.18,46.72,156.4 - 158.1 (30.5%),170.5 - 176.0 (29.6%),170.0 - 175.0 (18.7%),113.4 - 121.5 (12.8%)
2018-10-18,157.00625647372118,157.15484253594107,151.82587618849536,153.4503173828125,21675100,26233520,-17.38,158.19,166.75,179.37,162.25,40.39,157.3 - 158.6 (20.9%),170.5 - 176.0 (29.4%),170.0 - 175.0 (18.4%),113.4 - 121.5 (12.8%)
2018-10-19,154.38138849168806,155.85725860585532,152.09330541000207,152.58856201171875,19761300,24921845,-20.71,157.75,166.38,179.21,162.32,39.28,151.8 - 152.9 (26.3%),170.5 - 176.0 (29.4%),170.0 - 175.0 (18.2%),113.4 - 121.5 (12.8%)
2018-10-22,153.29181575330617,155.8473415956889,152.99467388770617,153.31163024902344,15424700,24731940,-37.63,157.23,166.05,179.03,162.39,40.75,151.8 - 152.9 (27.1%),170.5 - 176.0 (29.4%),175.0 - 180.0 (17.9%),113.4 - 121.5 (12.9%)
2018-10-23,149.78539863786975,153.3017233170181,149.41891361158602,152.92532348632812,19095000,24305550,-21.44,156.7,165.78,178.87,162.46,40.19,151.8 - 152.9 (28.4%),170.5 - 176.0 (29.5%),175.0 - 180.0 (17.8%),113.4 - 121.5 (12.9%)
2018-10-24,152.81637522116696,153.18286026851914,144.21872790359927,144.654541015625,27744600,24430170,13.57,155.67,165.34,178.62,162.51,30.53,152.1 - 153.4 (23.3%),171.6 - 174.9 (22.2%),172.8 - 178.2 (22.5%),113.4 - 121.5 (12.9%)
2018-10-25,146.32853585319808,150.76604663093266,145.60546532534883,149.5179901123047,22105700,24172110,-8.55,154.78,165.0,178.39,162.57,39.71,152.1 - 153.4 (23.6%),158.4 - 161.7 (17.8%),172.8 - 178.2 (22.5%),113.4 - 121.5 (12.9%)
2018-10-26,144.43661820167972,147.58644240224172,142.43577763651302,143.99087524414062,31303300,24023995,30.3,153.84,164.49,178.12,162.63,34.18,151.2 - 152.6 (27.9%),158.4 - 161.7 (18.1%),170.5 - 176.0 (19.1%),113.4 - 121.5 (12.9%)
2018-10-29,147.0911651727178,147.41803624234046,137.71100683103242,140.74197387695312,31336800,24270450,29.12,152.83,163.9,177.78,162.68,31.41,151.3 - 153.0 (32.8%),158.4 - 162.0 (18.5%),171.0 - 176.7 (19.5%),113.4 - 121.5 (12.9%)
2018-10-30,138.61240373336835,145.24883838964854,138.41430413888824,144.83282470703125,50528300,24995315,102.15,152.18,163.25,177.46,162.75,38.2,151.3 - 153.0 (30.1%),158.4 - 162.0 (18.3%),171.0 - 176.7 (19.4%),113.4 - 121.5 (12.9%)
2018-10-31,153.5295448429382,154.91625726687457,147.5468518102003,150.34999084472656,60101300,26844905,123.88,151.65,162.72,177.17,162.82,45.96,151.3 - 153.0 (27.9%),158.4 - 162.0 (18.1%),171.0 - 176.7 (19.3%),113.4 - 121.5 (12.8%)
2018-11-01,150.0825499871798,151.30087687509652,147.9331383617868,150.31036376953125,25640800,26839965,-4.47,151.3,162.16,176.88,162.89,45.92,149.6 - 151.3 (21.3%),158.4 - 162.0 (18.1%),171.0 - 176.7 (19.2%),113.4 - 121.5 (12.8%)
2018-11-02,150.3598705316641,152.66776754492352,147.54681734924725,148.9236297607422,24708700,26788200,-7.76,150.96,161.62,176.6,162.95,44.3,149.6 - 151.3 (21.3%),158.4 - 162.0 (18.1%),171.0 - 176.7 (19.3%),113.4 - 121.5 (12.8%)
2018-11-05,148.67602742392816,148.7651699785997,146.04125886074246,147.2694854736328,15971200,26384460,-39.47,150.53,161.1,176.31,163.02,42.38,149.6 - 151.3 (21.3%),158.4 - 162.0 (18.5%),171.0 - 176.7 (19.4%),113.4 - 121.5 (12.9%)
2018-11-06,147.89351947181757,149.53777496669238,146.5959496331744,148.51754760742188,16667100,26275595,-36.57,150.14,160.61,176.03,163.08,44.34,149.6 - 151.3 (21.5%),158.4 - 162.0 (18.7%),171.0 - 176.7 (19.4%),113.4 - 121.5 (12.9%)
2018-11-07,150.13209725470534,151.55842360754224,148.4085987965662,150.09246826171875,21877400,25838965,-15.33,150.14,160.12,175.78,163.15,46.8,149.5 - 150.8 (32.1%),159.8 - 163.2 (19.4%),171.0 - 176.7 (19.3%),113.4 - 121.5 (12.9%)
2018-11-08,149.06233314066114,149.50806104658648,145.34790873456416,146.46717834472656,24145800,25279310,-4.48,149.87,159.59,175.47,163.2,42.18,149.5 - 150.8 (31.9%),160.0 - 163.2 (17.8%),171.0 - 176.7 (19.3%),113.4 - 121.5 (12.9%)
2018-11-09,145.35780498182177,146.35821782378,142.70323699055143,143.5847930908203,17326900,24880980,-30.36,149.44,159.1,175.15,163.26,38.89,149.5 - 150.8 (32.1%),160.0 - 163.2 (17.8%),171.0 - 176.7 (19.3%),113.4 - 121.5 (12.9%)
2018-11-12,143.10933430847302,143.66401924891179,139.15719655083137,140.20713806152344,18542100,25036410,-25.94,148.85,158.57,174.78,163.3,35.4,149.5 - 150.8 (31.9%),158.4 - 161.7 (18.7%),174.0 - 179.8 (21.9%),113.4 - 121.5 (12.9%)
2018-11-13,140.6528698565721,143.50555261691377,140.2764700162405,140.8113555908203,15141700,24834490,-39.03,148.02,158.07,174.42,163.35,36.5,150.0 - 151.0 (26.7%),148.8 - 151.9 (14.0%),174.0 - 179.8 (21.9%),113.4 - 121.5 (12.9%)
2018-11-14,142.33673557452363,144.1989051191763,140.20713836346064,142.851806640625,22068400,25058310,-11.93,147.27,157.6,174.08,163.4,40.19,150.0 - 151.0 (27.1%),159.0 - 162.0 (17.4%),174.0 - 179.8 (21.7%),113.4 - 121.5 (12.9%)
2018-11-15,140.9797519397532,143.4659347430381,139.49398207261976,142.48533630371094,30320300,25490570,18.95,146.72,157.11,173.74,163.45,39.74,150.0 - 151.0 (26.5%),159.0 - 162.0 (17.5%),174.0 - 179.8 (21.5%),113.4 - 121.5 (12.9%)
2018-11-16,139.73171297258784,140.4250692324246,136.46301618874836,138.20631408691406,37250600,26365035,41.29,146.0,156.56,173.34,163.49,34.87,150.0 - 151.2 (26.1%),148.8 - 151.9 (14.0%),171.1 - 177.0 (18.8%),113.4 - 121.5 (12.9%)
2018-11-19,136.30450894968612,136.4431801797904,129.96523112487614,130.302001953125,44362700,27811935,59.51,144.85,155.85,172.84,163.52,28.03,150.0 - 152.0 (25.3%),159.6 - 163.4 (20.9%),169.0 - 175.5 (20.1%),113.4 - 121.5 (12.9%)
2018-11-20,125.82489486219124,132.8872590546485,125.64660217785253,131.1736602783203,41939500,28954160,44.85,143.76,155.1,172.33,163.55,29.67,150.0 - 152.0 (25.9%),159.6 - 163.4 (20.6%),169.0 - 175.5 (19.9%),113.4 - 121.5 (12.9%)
2018-11-21,133.12497151099802,135.8885118750269,132.85754382211707,133.54100036621094,25469700,28840415,-11.69,143.21,154.42,171.85,163.59,34.06,130.0 - 132.0 (22.6%),159.6 - 163.4 (20.5%),169.0 - 175.5 (19.9%),113.4 - 121.5 (12.9%)
2018-11-23,132.38206897138357,133.2240111469205,130.01474328121512,130.48028564453125,11886100,28329435,-58.04,142.26,153.69,171.35,163.62,31.33,130.0 - 132.0 (28.6%),159.6 - 163.4 (20.8%),169.0 - 175.5 (19.9%),113.4 - 121.5 (12.9%)
2018-11-26,131.73827228176955,135.7003255834769,131.52035814105295,135.08621215820312,24263600,27977450,-13.27,141.81,153.01,170.89,163.66,39.21,130.0 - 132.0 (28.0%),159.6 - 163.4 (20.7%),169.0 - 175.5 (19.9%),113.4 - 121.5 (12.9%)
2018-11-27,134.4621843126085,135.3140263794818,132.4415437731133,133.71929931640625,20750300,27448125,-24.4,141.46,152.34,170.45,163.7,37.83,130.0 - 132.0 (27.6%),159.6 - 163.4 (20.6%),169.0 - 175.5 (19.8%),113.4 - 121.5 (12.9%)
2018-11-28,134.98715853052275,135.49231489947348,130.5991916317031,135.4626007080078,29847500,26414085,13.0,140.99,151.77,170.02,163.74,40.71,129.6 - 131.2 (27.0%),159.6 - 163.4 (20.5%),169.0 - 175.5 (19.8%),113.4 - 121.5 (12.9%)
2018-11-29,134.63056856225785,138.66196502704472,134.3730405402601,137.3643798828125,24238700,24620955,-1.55,140.34,151.3,169.59,163.78,43.77,130.0 - 131.3 (27.0%),158.4 - 162.0 (18.1%),169.0 - 175.5 (19.7%),113.4 - 121.5 (12.9%)
2018-11-30,136.94833493640036,139.63263207133355,136.05687919740592,139.2760467529297,25732600,24625545,4.5,139.79,150.94,169.16,163.82,46.74,130.0 - 131.3 (26.4%),158.4 - 161.7 (18.0%),169.0 - 175.5 (19.2%),113.4 - 121.5 (12.9%)
2018-12-03,141.64339455234503,142.31693630666942,139.42463943438938,139.7515106201172,24819200,24631070,0.76,139.33,150.57,168.73,163.86,47.49,130.0 - 131.3 (26.0%),158.4 - 161.7 (17.8%),169.0 - 175.5 (18.5%),113.4 - 121.5 (12.9%)
2018-12-04,139.39493070608634,142.02969967798018,135.8588061293095,136.62149047851562,30307400,25347880,19.57,138.8,150.14,168.25,163.89,43.21,130.0 - 131.3 (25.0%),148.8 - 151.9 (13.2%),169.0 - 175.5 (18.5%),113.4 - 121.5 (12.9%)
2018-12-06,132.550494406012,138.37470221582188,132.4019083455678,138.3053741455078,28218100,25925430,8.84,138.29,149.71,167.78,163.92,46.02,137.7 - 138.6 (17.7%),148.8 - 151.9 (13.6%),169.0 - 175.5 (17.8%),113.4 - 121.5 (12.9%)
2018-12-07,137.92895866036224,139.53358515622253,135.36353318230547,136.11631774902344,21195500,25891335,-18.14,137.59,149.3,167.28,163.94,43.03,129.6 - 130.5 (15.9%),148.8 - 151.9 (13.6%),169.0 - 175.5 (17.5%),113.4 - 121.5 (12.9%)
2018-12-10,138.27564828624187,141.69291579158858,137.6912340136036,140.50430297851562,26422200,26005155,1.6,137.29,148.98,166.82,163.97,50.04,135.0 - 136.0 (16.1%),148.8 - 151.9 (13.6%),169.0 - 175.5 (17.6%),113.4 - 121.5 (12.9%)
2018-12-11,142.5150589268997,142.5150589268997,139.76143315262416,140.7321319580078,20300300,26153825,-22.38,137.15,148.65,166.33,164.0,50.38,135.0 - 136.0 (17.3%),148.8 - 151.9 (13.6%),169.0 - 175.5 (17.5%),113.4 - 121.5 (12.9%)
2018-12-12,141.7226386380311,145.79364872922972,141.1580388267544,143.12916564941406,23696900,26411565,-10.28,137.3,148.38,165.86,164.03,53.95,136.5 - 137.8 (17.5%),148.8 - 151.9 (13.6%),169.0 - 175.5 (17.5%),113.4 - 121.5 (12.9%)
2018-12-13,144.18900792660162,144.4663504022227,141.83158176979117,143.63430786132812,18148600,26561910,-31.67,137.44,148.13,165.39,164.07,54.69,136.5 - 137.8 (16.5%),148.8 - 151.9 (13.6%),169.0 - 175.5 (17.2%),113.4 - 121.5 (12.9%)
2018-12-14,141.98015814588032,144.6248265703336,141.15803037801905,142.69332885742188,21785800,26547780,-17.94,137.43,147.81,164.96,164.1,52.98,135.0 - 136.0 (15.9%),148.8 - 151.9 (13.6%),169.0 - 175.5 (17.2%),113.4 - 121.5 (12.9%)
2018-12-17,141.7226288984203,143.54516953884632,137.10683381022747,138.86004638671875,24334000,26248465,-7.29,137.25,147.39,164.47,164.13,46.61,138.0 - 139.0 (15.5%),148.8 - 151.9 (13.6%),169.0 - 175.5 (17.3%),113.4 - 121.5 (12.9%)
2018-12-18,139.74160844963188,144.54558855178476,138.50346691082456,142.29713439941406,24709100,25621390,-3.56,137.45,147.07,164.04,164.16,52.16,136.0 - 136.8 (15.0%),148.8 - 151.9 (13.6%),169.0 - 175.5 (17.2%),113.4 - 121.5 (12.9%)
2018-12-19,139.8703739868386,143.535269761183,131.24299746553402,131.97598266601562,57404900,26273500,118.49,137.54,146.54,163.52,164.17,39.03,130.8 - 132.0 (15.5%),148.8 - 151.9 (13.3%),169.0 - 175.5 (17.1%),113.4 - 121.5 (12.9%)
2018-12-20,129.46004781847506,134.28385647089658,128.76669173195498,132.13442993164062,40297900,26191420,53.86,137.58,146.02,163.02,164.17,39.28,130.8 - 132.0 (14.8%),148.8 - 151.9 (13.1%),169.0 - 175.5 (17.0%),113.4 - 121.5 (12.8%)
2018-12-21,132.12455151669133,133.6202209665845,122.24913397464364,123.76461791992188,56901500,27763010,104.95,137.1,145.32,162.42,164.16,31.78,142.0 - 144.0 (21.1%),140.4 - 144.0 (16.7%),170.4 - 177.5 (18.4%),113.4 - 121.5 (12.8%)
2018-12-24,121.93217251185472,128.5091870639392,121.85292964275367,122.88306427001953,22066000,28272005,-21.95,136.72,144.59,161.85,164.14,31.11,130.2 - 132.3 (23.5%),140.6 - 144.3 (15.1%),170.4 - 177.5 (18.1%),113.4 - 121.5 (12.8%)
2018-12-26,124.80466770226596,132.96650220575157,124.69571064177411,132.9070587158203,39723400,29044995,36.77,136.61,144.09,161.32,164.15,45.3,130.2 - 132.3 (23.0%),140.6 - 144.3 (15.2%),170.4 - 177.5 (18.0%),113.4 - 121.5 (12.8%)
2018-12-27,131.18359629399492,133.7094084710088,128.43986996122078,133.24386596679688,31202500,29567605,5.53,136.58,143.62,160.76,164.16,45.71,130.2 - 132.3 (22.8%),141.9 - 145.2 (15.9%),170.4 - 177.5 (17.8%),113.4 - 121.5 (12.8%)
2018-12-28,134.05605324026175,134.6305527115725,130.9458423880153,131.9363555908203,22627600,29206610,-22.53,136.41,143.19,160.17,164.16,44.34,130.2 - 132.3 (28.0%),131.2 - 134.4 (14.2%),170.4 - 177.5 (17.6%),113.4 - 121.5 (12.7%)
2018-12-31,133.17451518868472,133.36271514103345,128.7172051704496,129.8463897705078,24625300,29225940,-15.74,136.03,142.68,159.57,164.16,42.16,130.2 - 132.3 (28.1%),131.2 - 134.4 (14.2%),170.4 - 177.5 (17.3%),113.4 - 121.5 (12.8%)
2019-01-02,127.76630172518523,136.2054632156757,127.34037319450194,134.392822265625,28146200,29346620,-4.09,135.79,142.29,159.02,164.17,48.13,130.2 - 132.3 (29.2%),142.1 - 145.0 (16.3%),170.4 - 177.5 (17.2%),113.4 - 121.5 (12.7%)
2019-01-03,133.41224573928244,135.86871461921098,129.87610581949215,130.490234375,22717900,29241555,-22.31,135.32,141.87,158.39,164.16,43.94,132.0 - 134.0 (26.7%),142.1 - 145.0 (16.3%),170.4 - 177.5 (17.2%),113.4 - 121.5 (12.7%)
2019-01-04,132.73867186138023,136.69082507078275,132.4811438638927,136.64129638671875,29002100,29176290,-0.6,135.32,141.55,157.82,164.18,51.16,131.1 - 133.0 (37.8%),142.1 - 145.0 (16.3%),170.4 - 177.5 (17.2%),113.4 - 121.5 (12.7%)
2019-01-07,136.25498430975898,137.55255409719652,134.62064368409187,136.74034118652344,20089300,28769850,-30.17,135.25,141.22,157.25,164.19,51.26,131.1 - 133.0 (38.2%),142.1 - 145.0 (16.3%),170.4 - 177.5 (17.2%),113.4 - 121.5 (12.8%)
2019-01-08,138.5629019933404,141.78207015005768,138.21621630008065,141.1778564453125,26263800,29023265,-9.51,135.5,141.08,156.69,164.2,56.0,131.4 - 133.2 (38.0%),142.1 - 145.0 (16.3%),170.4 - 177.5 (17.1%),113.4 - 121.5 (12.8%)
2019-01-09,141.59385395230558,143.3272519915252,139.92979908938983,142.86170959472656,22205900,28812450,-22.93,135.62,140.93,156.16,164.22,57.67,132.0 - 134.0 (28.8%),142.1 - 145.0 (17.7%),170.4 - 177.5 (17.1%),113.4 - 121.5 (12.8%)
2019-01-10,141.72264592273845,143.18860138665332,139.50389067175985,142.83201599121094,16125000,28603685,-43.63,135.72,140.77,155.63,164.24,57.63,122.0 - 124.0 (21.8%),142.1 - 145.0 (18.9%),170.4 - 177.5 (17.1%),113.4 - 121.5 (12.8%)
2019-01-11,141.79197879279545,143.98101992772692,141.21749435506462,142.43582153320312,12908000,28064240,-54.01,135.69,140.61,155.08,164.26,57.04,132.0 - 134.0 (22.3%),142.1 - 145.0 (19.9%),170.4 - 177.5 (17.1%),113.4 - 121.5 (12.8%)
2019-01-14,140.6528576671611,145.179509707381,139.92978734911048,144.0106964111328,20520300,28182825,-27.19,135.71,140.39,154.54,164.29,58.85,131.6 - 133.0 (19.7%),142.1 - 145.0 (21.1%),170.4 - 177.5 (17.3%),113.4 - 121.5 (12.8%)
2019-01-15,144.62481527713746,149.25050973599636,144.60501589683045,147.53692626953125,24069000,28296985,-14.94,135.95,140.22,154.0,164.32,62.65,131.4 - 133.2 (18.3%),142.1 - 145.0 (21.0%),170.4 - 177.5 (17.2%),113.4 - 121.5 (12.9%)
2019-01-16,147.58647583492336,148.23030340872427,145.60544931364922,146.14031982421875,18025700,27981570,-35.58,136.31,140.09,153.42,164.35,60.28,133.2 - 135.0 (18.6%),142.5 - 145.0 (16.8%),170.4 - 177.5 (17.2%),113.4 - 121.5 (12.8%)
2019-01-17,145.55594354221117,147.58649906898754,145.11021552756156,146.8931427001953,15787900,27535510,-42.66,136.54,140.0,153.19,164.38,61.13,145.8 - 147.6 (19.1%),142.5 - 145.0 (16.9%),170.4 - 177.5 (16.7%),113.4 - 121.5 (12.8%)
2019-01-18,148.3293350029457,150.98390282539242,147.14072231955117,148.6165771484375,31029600,26216745,18.36,137.37,139.92,152.99,164.41,63.09,142.5 - 144.4 (18.9%),142.5 - 145.0 (16.7%),170.4 - 177.5 (16.3%),113.4 - 121.5 (12.8%)
2019-01-22,147.7845393707135,150.09243651802237,144.981385714043,146.17001342773438,22378700,25320785,-11.62,138.08,139.81,152.79,164.43,58.58,145.8 - 147.6 (26.0%),142.6 - 144.9 (16.9%),170.4 - 177.5 (16.4%),113.4 - 121.5 (12.9%)
2019-01-23,146.8732991780573,147.38837028482672,141.70281895611384,142.93106079101562,20098400,23480630,-14.4,139.03,139.78,152.56,164.45,53.16,145.8 - 147.6 (26.6%),142.6 - 144.9 (16.5%),170.4 - 177.5 (16.4%),113.4 - 121.5 (12.9%)
2019-01-24,143.26783528105898,145.05076214646866,141.1679520362613,144.44654846191406,20955500,23425105,-10.54,140.11,139.7,152.35,164.47,55.24,142.8 - 144.0 (19.5%),142.6 - 144.9 (17.8%),170.4 - 177.5 (16.4%),113.4 - 121.5 (12.9%)
2019-01-25,146.08089044248598,148.40860263459268,145.14980556564328,147.59637451171875,22237200,22550795,-1.39,140.85,139.76,152.12,164.5,59.3,146.4 - 147.6 (21.2%),142.6 - 144.9 (15.9%),170.4 - 177.5 (16.4%),113.4 - 121.5 (12.9%)
2019-01-28,146.64548336062506,147.54685400661765,144.82294268659737,146.07098388671875,15508500,21766095,-28.75,141.49,139.84,151.87,164.52,56.62,142.8 - 143.5 (20.3%),142.6 - 144.9 (16.1%),170.4 - 177.5 (16.4%),109.2 - 117.0 (13.1%)
2019-01-29,146.6850931329732,146.69500793774904,142.06929808887804,142.8220977783203,17632100,21516320,-18.05,142.03,139.81,151.53,164.54,51.31,142.8 - 143.4 (27.2%),131.1 - 133.4 (15.1%),170.4 - 177.5 (16.4%),109.2 - 117.0 (12.7%)
2019-01-30,144.83284372922697,149.51796701145534,144.31777262470558,148.9929962158203,44613200,22515715,98.14,142.99,139.79,151.25,164.56,59.15,148.4 - 149.1 (25.1%),131.1 - 133.4 (15.3%),170.4 - 177.5 (16.3%),109.2 - 117.0 (12.7%)
2019-01-31,164.02901716917833,170.05132505017642,163.43470311224735,165.10867309570312,77233600,24970085,209.3,144.53,140.03,151.1,164.62,71.89,147.2 - 149.5 (33.6%),140.0 - 143.5 (20.2%),170.4 - 177.5 (16.2%),109.2 - 117.0 (12.6%)
2019-02-01,164.2666958840769,167.49577840080565,164.08841077320605,164.137939453125,30806500,25374515,21.41,146.21,140.29,150.96,164.68,70.46,147.4 - 149.6 (32.0%),140.0 - 143.5 (20.1%),170.4 - 177.5 (16.2%),109.2 - 117.0 (12.4%)
2019-02-04,164.1280234915148,167.69387682410095,162.06775435646844,167.64434814453125,20036000,24926210,-19.62,147.76,140.63,150.87,164.75,72.58,147.5 - 150.0 (32.1%),140.6 - 144.3 (20.7%),170.4 - 177.5 (16.4%),171.6 - 179.4 (11.6%)
2019-02-05,167.54529845797657,170.34845257284368,167.08967085874446,169.53623962402344,22557000,25049595,-9.95,149.4,140.98,150.79,164.81,73.67,145.8 - 148.5 (24.8%),140.4 - 144.3 (22.3%),170.4 - 177.5 (16.3%),163.8 - 171.6 (11.7%)
2019-02-06,169.57584497033957,170.8338008783856,167.66416188262832,168.87258911132812,13281200,24400465,-45.57,150.78,141.29,150.7,164.88,72.58,164.7 - 167.4 (20.6%),140.4 - 144.3 (22.4%),170.4 - 177.5 (16.4%),163.8 - 171.6 (11.8%)
2019-02-07,166.60431611863686,167.6344583037022,163.68230522071042,164.8015899658203,17517600,24166050,-27.51,151.88,141.6,150.6,164.94,66.09,164.7 - 167.4 (25.2%),140.4 - 144.3 (22.5%),170.4 - 177.5 (16.4%),163.8 - 171.6 (11.9%)
2019-02-08,162.9097007259716,165.78218284597503,162.65217274527802,165.74256896972656,12561400,23987870,-47.63,153.03,141.97,150.53,164.99,66.83,164.7 - 167.4 (30.0%),140.4 - 144.3 (21.5%),170.4 - 177.5 (16.4%),163.8 - 171.6 (12.0%)
2019-02-11,166.3071618212297,166.70337617342943,163.51392242987427,164.21717834472656,12811200,23983030,-46.58,154.11,142.37,150.47,165.05,64.38,164.7 - 167.4 (29.0%),140.4 - 144.3 (21.6%),170.4 - 177.5 (16.0%),115.5 - 123.2 (12.9%)
2019-02-12,165.27706104088844,166.74301659228468,162.93944888994247,163.4743194580078,16292300,23771630,-31.46,155.09,142.74,150.41,165.1,63.17,164.7 - 167.4 (29.5%),140.4 - 144.3 (20.6%),170.4 - 177.5 (16.0%),115.5 - 123.2 (12.9%)
2019-02-13,163.8110584899125,164.64308585219865,162.17670283467527,162.51348876953125,14205100,23278435,-38.98,155.84,143.07,150.34,165.15,61.55,164.7 - 167.4 (30.0%),140.4 - 144.3 (19.3%),163.3 - 170.4 (15.7%),115.5 - 123.2 (12.9%)
2019-02-14,161.64185346156196,163.3059084027501,160.71076862416908,162.39463806152344,12755200,23014910,-44.58,156.65,143.4,150.26,165.2,61.34,164.7 - 167.4 (30.7%),140.4 - 144.3 (17.5%),163.3 - 170.4 (15.7%),115.5 - 123.2 (12.8%)
2019-02-15,162.94933074997883,163.13753068737972,159.33396340128607,160.95840454101562,15504400,23000735,-32.59,157.35,143.78,150.17,165.25,58.75,164.7 - 167.4 (31.3%),140.4 - 144.3 (17.8%),163.3 - 170.4 (15.8%),115.5 - 123.2 (12.8%)
2019-02-19,158.97736948206332,162.59273663650987,158.8089840508129,160.75038146972656,14345400,22166525,-35.28,157.96,144.29,150.07,165.29,58.36,163.8 - 165.9 (46.5%),140.4 - 144.3 (18.7%),163.3 - 170.4 (15.8%),111.0 - 118.4 (12.3%)
2019-02-20,160.7107655939833,162.16682119708523,159.72025240080004,161.017822265625,11770700,21636125,-45.6,158.7,144.79,149.95,165.34,58.74,164.7 - 165.6 (32.5%),140.4 - 144.3 (18.8%),163.3 - 170.4 (15.8%),111.0 - 118.4 (12.3%)
2019-02-21,160.39379789021493,160.70086968311145,158.0760005910145,158.521728515625,15607800,21411595,-27.11,159.48,145.2,149.81,165.38,53.87,163.9 - 165.0 (26.6%),140.4 - 144.3 (18.6%),163.3 - 170.4 (15.8%),111.0 - 118.4 (12.3%)
2019-02-22,159.05658682146375,160.86922751025153,158.7891440669791,160.35415649414062,15858500,21156745,-25.04,160.28,145.7,149.7,165.43,56.7,160.6 - 161.7 (19.3%),140.4 - 144.3 (18.6%),163.3 - 170.4 (15.8%),111.0 - 118.4 (12.3%)
2019-02-25,161.52298999215196,164.49452950409318,161.35458945279422,163.0582733154297,18737100,20981740,-10.7,161.05,146.17,149.59,165.47,60.56,160.6 - 161.7 (19.5%),140.4 - 144.3 (18.7%),163.3 - 170.4 (15.9%),111.0 - 118.4 (12.4%)
2019-02-26,162.78093632070426,164.66292047675483,162.24606584070946,162.57293701171875,13784100,20895520,-34.03,161.87,146.65,149.49,165.52,59.54,160.0 - 161.0 (22.3%),140.4 - 144.3 (18.7%),163.3 - 170.4 (15.8%),111.0 - 118.4 (12.4%)
2019-02-27,161.35458444975794,162.37481177476823,158.8882164043003,161.26544189453125,12697500,20648790,-38.51,162.8,147.08,149.42,165.56,56.75,162.4 - 163.1 (22.9%),140.4 - 144.3 (19.0%),156.2 - 163.3 (15.9%),111.0 - 118.4 (12.4%)
2019-02-28,160.82962053353194,161.94890526574252,159.33395106968263,159.91835021972656,11114200,18973840,-41.42,163.34,147.45,149.38,165.6,53.95,162.4 - 163.1 (23.6%),140.4 - 144.3 (19.1%),156.2 - 163.3 (16.1%),111.0 - 118.4 (12.4%)
2019-03-01,161.05741941192724,161.58239009139132,160.15604895698746,160.74044799804688,11097800,15667050,-29.16,163.12,147.81,149.37,165.64,55.39,160.2 - 160.8 (21.0%),140.4 - 144.3 (19.3%),156.2 - 163.3 (16.3%),111.0 - 118.4 (12.4%)
2019-03-04,162.3450989525824,165.91095233189532,162.2757708915011,165.7821807861328,18894700,15071460,25.37,163.21,148.25,149.41,165.69,63.06,160.3 - 161.0 (28.0%),140.4 - 144.3 (19.4%),156.2 - 163.3 (16.3%),111.0 - 118.4 (12.4%)
2019-03-05,165.78218869781378,170.24941288259268,164.96997573678337,169.63528442382812,28187900,15479055,82.1,163.31,148.8,149.47,165.76,67.64,160.6 - 161.7 (30.5%),140.4 - 144.3 (19.5%),163.3 - 170.4 (16.6%),111.0 - 118.4 (12.4%)
2019-03-06,171.2597125986189,171.9233696901264,169.64518648870987,170.8734130859375,21531700,15427790,39.56,163.37,149.34,149.52,165.82,68.97,159.6 - 160.8 (23.6%),140.0 - 144.0 (17.7%),163.3 - 170.4 (16.6%),111.0 - 118.4 (12.4%)
2019-03-07,169.8730242877548,170.1107529114834,166.0199283064306,167.5255126953125,18306500,15679055,16.76,163.31,149.86,149.58,165.88,61.59,159.6 - 160.8 (23.0%),140.0 - 144.0 (17.8%),163.3 - 170.4 (16.8%),111.0 - 118.4 (12.4%)
2019-03-08,164.62330412886877,168.01085773310734,164.3954903063764,167.99105834960938,13184800,15462415,-14.73,163.47,150.32,149.65,165.94,62.2,159.6 - 160.8 (23.3%),140.0 - 144.0 (17.9%),163.3 - 170.4 (17.0%),111.0 - 118.4 (12.4%)
2019-03-11,169.97207963399558,172.64646238443282,169.95226513707942,170.4376220703125,18884000,15778545,19.68,163.7,150.82,149.73,166.0,65.3,159.6 - 160.8 (21.5%),140.0 - 144.0 (16.1%),163.3 - 170.4 (17.1%),115.2 - 122.4 (12.0%)
2019-03-12,170.4574021432631,172.1511862579482,169.5956605504402,170.2890167236328,12155300,15745750,-22.8,164.0,151.27,149.82,166.07,64.95,170.4 - 171.6 (16.7%),164.0 - 168.0 (16.0%),163.3 - 170.4 (17.2%),115.2 - 122.4 (12.0%)
2019-03-13,170.68525391957655,172.37902314720412,170.48713917437513,171.72528076171875,11973300,15529800,-22.9,164.42,151.74,149.93,166.14,66.79,170.3 - 171.6 (16.7%),164.0 - 168.1 (16.2%),163.3 - 170.4 (17.2%),115.2 - 122.4 (12.0%)
2019-03-14,168.14951949564056,169.52633227268862,166.56470740537296,168.55563354492188,18037400,15721415,14.73,164.72,152.17,149.99,166.2,59.37,170.4 - 171.6 (16.5%),164.0 - 168.1 (16.2%),163.3 - 170.4 (17.5%),115.2 - 122.4 (12.0%)
2019-03-15,165.5741783422534,165.99019204292867,160.96828322200295,164.40536499023438,37135400,16940425,119.21,164.82,152.59,149.99,166.25,51.34,170.4 - 171.6 (15.2%),164.0 - 168.1 (18.7%),163.3 - 170.4 (18.0%),115.2 - 122.4 (11.9%)
2019-03-18,162.01822836539768,162.34508437462236,157.76891887711872,158.9476318359375,37524200,18041415,107.99,164.72,152.87,149.97,166.29,43.08,170.3 - 171.6 (14.2%),164.0 - 168.1 (18.5%),163.3 - 170.4 (18.0%),115.2 - 122.4 (12.0%)
2019-03-19,159.94807376704563,162.2658862353651,159.29434651529496,160.0372314453125,25611500,18604720,37.66,164.68,153.34,149.94,166.33,44.98,159.9 - 161.2 (16.1%),164.0 - 168.1 (18.5%),163.3 - 170.4 (17.9%),115.2 - 122.4 (12.0%)
2019-03-20,159.96787441123985,164.54404034738099,159.71034643218633,163.87049865722656,20211500,19026760,6.23,164.83,153.87,149.94,166.37,51.17,163.8 - 165.1 (18.9%),164.0 - 168.1 (19.0%),163.3 - 170.4 (18.4%),115.2 - 122.4 (12.0%)
2019-03-21,163.32571198721956,164.81148170574508,162.19652760570145,164.50442504882812,16223000,19057520,-14.87,165.12,154.55,149.94,166.41,52.12,163.8 - 165.1 (23.8%),164.0 - 168.1 (20.6%),156.2 - 163.3 (17.6%),115.2 - 122.4 (11.9%)
2019-03-22,164.078514771019,165.83172746564327,162.53331651027878,162.78094482421875,16389200,19084055,-14.12,165.25,155.21,149.9,166.45,49.29,163.8 - 165.1 (23.4%),164.0 - 168.1 (21.2%),156.2 - 163.3 (18.1%),115.2 - 122.4 (11.9%)
2019-03-25,161.45365109372094,164.96006116055162,160.46313789682696,164.71243286132812,12631200,18778760,-32.74,165.33,155.74,149.91,166.49,52.41,163.8 - 165.1 (28.0%),161.0 - 164.5 (16.9%),156.2 - 163.3 (17.6%),115.2 - 122.4 (12.0%)
2019-03-26,165.7624078253445,167.84247669978322,164.77189451922123,166.08926391601562,15437900,18861450,-18.15,165.5,156.29,149.96,166.53,54.56,163.8 - 165.1 (29.2%),164.5 - 168.0 (17.1%),156.2 - 163.3 (17.5%),165.6 - 172.8 (12.0%)
2019-03-27,166.25761334377827,167.3372688880229,163.22663086346975,164.29638671875,10620300,18757590,-43.38,165.66,156.83,150.01,166.56,51.31,163.8 - 165.1 (34.1%),161.0 - 164.5 (17.9%),156.2 - 163.3 (15.9%),165.6 - 172.8 (12.0%)
2019-03-28,163.00876297539853,165.13836028883924,161.78052117842788,163.97946166992188,10443000,18724030,-44.23,165.86,157.4,150.04,166.59,50.74,163.8 - 165.1 (38.8%),161.0 - 164.5 (19.1%),156.2 - 163.3 (16.0%),165.6 - 172.8 (12.0%)
2019-03-29,164.81151606723762,165.60392977180084,163.24650315708473,165.10867309570312,13455500,18841915,-28.59,166.08,157.91,150.1,166.62,52.77,163.8 - 165.1 (38.8%),161.0 - 164.5 (19.2%),163.3 - 170.4 (16.3%),165.6 - 172.8 (12.0%)
2019-04-01,166.23783718391937,167.29767848059075,165.6930518846806,167.09957885742188,10381500,18416255,-43.63,166.14,158.52,150.2,166.66,56.2,163.8 - 165.1 (40.0%),163.2 - 166.6 (26.2%),163.3 - 170.4 (16.6%),165.6 - 172.8 (12.1%)
2019-04-02,168.52591268609825,173.24075000550022,167.94151353433404,172.54739379882812,23946500,18204185,31.54,166.29,159.12,150.33,166.7,63.91,163.8 - 165.2 (43.1%),164.5 - 168.0 (19.6%),163.3 - 170.4 (16.5%),165.6 - 172.8 (12.3%)
2019-04-03,172.84454551905162,176.27172768496132,171.30924710624808,171.89364624023438,27391100,18497155,48.08,166.34,159.7,150.46,166.75,62.49,163.8 - 165.2 (40.9%),164.5 - 168.0 (19.6%),163.3 - 170.4 (16.5%),165.6 - 172.8 (12.4%)
2019-04-04,174.3501434326172,176.3113554012185,173.86478650759585,174.3501434326172,17847700,18474215,-3.39,166.68,160.26,150.67,166.8,65.59,163.5 - 165.0 (36.3%),164.3 - 167.4 (18.6%),163.3 - 170.4 (16.6%),165.6 - 172.8 (12.4%)
2019-04-05,175.20197744048605,175.3208341864952,173.4388651758687,174.052978515625,9594100,18294680,-47.56,166.98,160.78,150.85,166.86,64.89,163.5 - 165.0 (26.2%),164.3 - 167.4 (18.9%),163.3 - 170.4 (16.7%),165.6 - 172.8 (12.4%)
2019-04-08,173.5478349125967,173.8350771077855,172.57712103581707,173.27047729492188,7297400,17715350,-58.81,167.13,161.28,151.03,166.91,62.99,163.8 - 165.2 (35.2%),162.4 - 165.2 (27.9%),163.3 - 170.4 (16.9%),165.6 - 172.8 (12.5%)
2019-04-09,173.9539273984359,177.49006685951855,173.88459933211806,175.8953399658203,19751000,18095135,9.15,167.41,161.84,151.23,166.96,66.53,163.8 - 165.1 (30.3%),162.4 - 165.2 (28.0%),163.3 - 170.4 (16.9%),165.6 - 172.8 (12.5%)
2019-04-10,176.48964215696606,177.09385583898353,174.86520104508787,176.13307189941406,11701500,18081545,-35.28,167.63,162.38,151.38,167.02,66.84,171.6 - 172.9 (23.0%),162.4 - 165.2 (28.3%),163.3 - 170.4 (16.9%),165.6 - 172.8 (12.5%)
2019-04-11,176.5490742715074,176.70754489330878,175.32083248984918,175.82598876953125,8071000,17583225,-54.1,167.99,162.85,151.53,167.08,65.99,171.6 - 172.9 (23.9%),162.4 - 165.2 (28.5%),170.4 - 177.5 (16.5%),165.6 - 172.8 (12.5%)
2019-04-12,176.311323759118,177.92586487497474,176.26179508357072,177.40089416503906,12329800,16342945,-24.56,168.64,163.37,151.73,167.14,68.22,171.6 - 172.9 (24.3%),162.4 - 165.3 (28.5%),170.4 - 177.5 (16.8%),165.6 - 172.8 (12.5%)
2019-04-15,176.80660981206844,178.7876362525398,175.19206842659395,177.94569396972656,10834800,15008475,-27.81,169.59,163.89,151.94,167.21,68.98,175.0 - 176.4 (18.9%),162.4 - 165.3 (28.7%),170.4 - 177.5 (17.0%),165.6 - 172.8 (12.6%)
2019-04-16,177.30185198897428,178.46075054862632,176.60849581405824,177.17308044433594,11215200,14288660,-21.51,170.45,164.36,152.14,167.27,66.56,175.0 - 176.4 (19.3%),162.4 - 165.3 (29.0%),170.4 - 177.5 (17.1%),165.6 - 172.8 (12.6%)
2019-04-17,177.89616663109658,179.02535101020712,176.66792489201643,177.0839385986328,9973700,13776770,-27.6,171.11,164.88,152.34,167.34,66.27,175.0 - 176.4 (19.4%),162.4 - 165.3 (29.2%),170.4 - 177.5 (17.3%),165.6 - 172.8 (12.6%)
2019-04-18,177.10373985131613,177.1829827105606,175.65758411965734,176.5886688232422,11655600,13548400,-13.97,171.71,165.44,152.61,167.4,64.59,171.6 - 172.9 (25.0%),162.4 - 165.3 (29.3%),170.4 - 177.5 (17.5%),165.6 - 172.8 (12.6%)
2019-04-22,176.55896492951052,179.94651801096805,176.55896492951052,179.7187042236328,13389900,13398435,-0.06,172.56,166.03,152.86,167.47,69.8,176.8 - 177.6 (17.2%),164.3 - 167.4 (20.4%),170.4 - 177.5 (17.7%),165.6 - 172.8 (12.7%)
2019-04-23,181.00640237913157,182.47235780282423,179.75834597231,182.03652954101562,19954800,13764615,44.97,173.42,166.6,153.18,167.54,72.97,177.0 - 178.0 (23.2%),161.7 - 165.0 (23.0%),170.4 - 177.5 (17.6%),165.6 - 172.8 (12.7%)
2019-04-24,182.73976879610584,183.38359627090549,179.9267000817969,180.84788513183594,37289900,14857215,150.99,174.16,167.18,153.51,167.6,68.97,175.5 - 176.4 (19.7%),161.7 - 165.0 (22.6%),170.4 - 177.5 (17.6%),165.6 - 172.8 (12.6%)
2019-04-25,195.11126945063884,196.59703912534619,190.29737510002585,191.4265594482422,54148800,17033640,217.89,175.52,167.99,153.9,167.68,79.66,176.4 - 178.2 (23.6%),164.0 - 168.1 (28.5%),170.4 - 177.5 (17.5%),165.6 - 172.8 (12.6%)
2019-04-26,190.67378321141203,191.0699824296154,187.2961297100138,189.67337036132812,22075000,17615240,25.32,176.8,168.67,154.23,167.77,75.05,176.4 - 178.2 (22.4%),164.0 - 168.1 (28.5%),170.4 - 177.5 (17.6%),165.6 - 172.8 (12.6%)
2019-04-29,189.13850702200148,193.5562028829634,188.84135001640647,192.9321746826172,19641300,17924530,9.58,178.19,169.13,154.58,167.85,77.64,190.4 - 192.1 (20.7%),163.8 - 168.0 (31.0%),170.4 - 177.5 (16.0%),165.6 - 172.8 (12.7%)
2019-04-30,192.34776047285834,195.51739968587646,190.45587663598292,191.56524658203125,23494700,18580190,26.45,179.42,169.59,154.94,167.94,74.16,190.4 - 192.1 (29.2%),162.8 - 166.5 (28.6%),170.4 - 177.5 (15.9%),165.6 - 172.8 (12.7%)
2019-05-01,192.93214368194594,194.31885599985915,191.1789312332744,191.19874572753906,15996600,18182695,-12.02,180.35,169.98,155.3,168.02,73.21,190.4 - 192.1 (34.7%),162.4 - 165.3 (29.0%),170.4 - 177.5 (15.9%),165.6 - 172.8 (12.7%)
2019-05-02,191.1690488859808,192.1595620926439,187.94988096432567,190.70350646972656,13209500,17473615,-24.4,181.29,170.33,155.66,168.1,71.87,190.4 - 192.0 (38.8%),162.4 - 165.3 (23.7%),170.4 - 177.5 (15.5%),165.6 - 172.8 (12.7%)
2019-05-03,192.53594491356205,194.2990570563132,191.87230293749556,193.6156005859375,14575400,17310000,-15.8,182.25,170.75,156.02,168.19,74.79,190.4 - 192.1 (38.5%),162.4 - 165.3 (21.2%),170.4 - 177.5 (15.0%),165.6 - 172.8 (12.7%)
2019-05-06,189.4257410676627,192.43689440653358,188.7422845729569,192.0406951904297,13994900,17530040,-20.17,183.15,171.2,156.4,168.27,70.53,190.4 - 192.1 (43.1%),162.4 - 165.3 (21.4%),170.4 - 177.5 (14.4%),165.6 - 172.8 (12.8%)
2019-05-07,190.7134067538078,191.06999211387665,186.06791249589853,187.96969604492188,16253000,17977820,-9.59,183.89,171.57,156.77,168.35,60.88,190.4 - 192.1 (42.3%),162.4 - 165.3 (21.5%),170.4 - 177.5 (14.3%),165.6 - 172.8 (12.8%)
2019-05-08,187.59328088291394,188.9106651580705,186.76125348198272,187.74185180664062,12505700,17615555,-29.01,184.48,171.96,157.16,168.43,60.39,190.4 - 192.1 (41.9%),162.4 - 165.3 (21.5%),170.4 - 177.5 (14.0%),165.6 - 172.8 (12.7%)
2019-05-09,185.42406469467448,187.96969082779606,184.492979885113,186.8603057861328,12967000,17678830,-26.65,185.02,172.35,157.55,168.51,58.4,190.4 - 191.8 (36.9%),162.4 - 165.3 (19.9%),170.4 - 177.5 (13.8%),165.6 - 172.8 (12.7%)
2019-05-10,186.4641258643528,188.19752411275982,182.83884361460218,186.5532684326172,12578500,17904205,-29.75,185.55,172.75,157.91,168.59,57.68,190.4 - 191.8 (35.4%),162.4 - 165.3 (19.9%),170.4 - 177.5 (13.8%),165.6 - 172.8 (12.7%)
2019-05-13,181.75916143058086,183.6708445385763,179.12439284732596,179.8177490234375,16833300,18129380,-7.15,185.67,173.04,158.22,168.65,44.77,190.4 - 191.8 (35.0%),162.4 - 165.3 (18.7%),170.4 - 177.5 (13.9%),165.6 - 172.8 (12.8%)
2019-05-14,180.78848435164227,181.74928342245744,176.41041755843858,179.0154571533203,17628100,18469045,-4.55,185.73,173.35,158.56,168.72,43.52,190.5 - 192.0 (35.2%),162.4 - 165.3 (17.1%),170.4 - 177.5 (13.8%),165.6 - 172.8 (12.8%)
2019-05-15,178.70837608786792,185.5032967257106,178.3121768837262,184.5028839111328,16746900,18745630,-10.66,186.09,173.74,159.02,168.79,53.15,190.5 - 192.0 (37.8%),162.4 - 165.3 (15.8%),170.4 - 177.5 (13.8%),165.6 - 172.8 (12.8%)
2019-05-16,183.2944664710347,186.79097677756872,183.2944664710347,185.216064453125,12953100,18894600,-31.45,186.5,174.14,159.47,168.86,54.25,190.5 - 192.0 (21.8%),162.4 - 165.3 (15.8%),170.4 - 177.5 (13.8%),165.6 - 172.8 (12.8%)
2019-05-17,183.08645627680912,185.80046788610042,182.5317713030052,183.54209899902344,10485400,18836090,-44.33,186.85,174.56,159.88,168.93,51.23,190.5 - 192.0 (22.9%),162.4 - 165.3 (15.8%),170.4 - 177.5 (13.8%),165.6 - 172.8 (12.8%)
2019-05-20,180.15452962024708,182.4822263646824,179.64935826022264,180.98655700683594,10352000,18684195,-44.59,186.91,174.91,160.3,168.99,46.93,190.5 - 192.0 (23.9%),162.4 - 165.3 (15.7%),170.4 - 177.5 (13.9%),165.6 - 172.8 (12.8%)
2019-05-21,182.81903733755027,183.93830702963245,182.14548046998368,183.06666564941406,7502800,18061595,-58.46,186.96,175.24,160.7,169.06,50.57,178.5 - 180.0 (16.8%),162.4 - 165.3 (15.8%),170.4 - 177.5 (13.9%),165.6 - 172.8 (12.8%)
2019-05-22,182.97749065985175,184.9684317718643,181.86812076414452,183.56190490722656,9213800,16657790,-44.69,187.1,175.59,161.12,169.12,51.42,178.5 - 180.0 (17.4%),162.4 - 165.3 (15.8%),170.4 - 177.5 (13.9%),165.6 - 172.8 (12.8%)
2019-05-23,180.68939682955207,182.15535197703366,177.96548582051304,179.1540985107422,12768800,14588790,-12.48,186.49,175.89,161.48,169.17,44.12,178.5 - 180.0 (23.9%),162.4 - 165.3 (15.9%),170.4 - 177.5 (13.9%),165.6 - 172.8 (12.8%)
2019-05-24,180.60027165643046,181.88794182559548,179.1145018721705,179.34231567382812,8807700,13925425,-36.75,185.97,176.21,161.83,169.24,44.49,178.1 - 179.4 (20.5%),162.4 - 165.3 (16.0%),170.4 - 177.5 (13.9%),165.6 - 172.8 (12.8%)
2019-05-28,179.81775198262014,182.9576919925962,179.72860942580263,182.5614776611328,14843300,13685525,8.46,185.45,176.57,162.19,169.3,50.41,179.1 - 180.0 (21.8%),162.4 - 165.3 (13.1%),170.4 - 177.5 (13.9%),165.6 - 172.8 (12.9%)
2019-05-29,181.75919417614935,182.80913587685063,179.62959658427664,180.4616241455078,12797700,13150675,-2.68,184.9,176.82,162.53,169.37,46.89,178.4 - 179.2 (17.2%),162.4 - 165.3 (13.1%),170.4 - 177.5 (13.9%),165.6 - 172.8 (12.9%)
2019-05-30,181.34317741449522,181.73937669027313,179.17395086163233,181.27383422851562,8581500,12779920,-32.85,184.4,177.01,162.9,169.43,48.39,178.4 - 179.2 (17.7%),162.4 - 165.3 (13.2%),170.4 - 177.5 (13.9%),165.6 - 172.8 (12.9%)
2019-05-31,178.56970109703798,178.82722906290735,175.47930505048348,175.78636169433594,15226500,12880770,18.21,183.65,177.09,163.22,169.49,40.15,179.1 - 180.0 (22.0%),162.4 - 165.3 (13.1%),170.4 - 177.5 (14.2%),172.8 - 180.0 (12.9%)
2019-06-03,173.33978512575231,173.38931380145135,159.48250200522003,162.59271240234375,56059600,14954980,274.86,182.1,177.01,163.44,169.52,27.86,161.0 - 163.3 (26.2%),162.4 - 165.3 (17.8%),170.4 - 177.5 (14.1%),172.8 - 180.0 (12.9%)
2019-06-04,162.15691158472936,166.68354874132064,159.31412861668574,165.91094970703125,46044300,16557450,178.09,180.8,176.98,163.65,169.56,33.38,161.0 - 163.3 (23.1%),162.4 - 165.3 (17.6%),163.3 - 170.4 (14.3%),165.6 - 172.8 (13.1%)
2019-06-05,165.89115890119547,167.11940080203408,163.068205138654,166.57461547851562,19758300,16732715,18.08,179.73,176.91,163.86,169.59,34.47,165.6 - 167.9 (26.8%),162.4 - 165.3 (17.6%),163.3 - 170.4 (14.7%),165.6 - 172.8 (13.2%)
2019-06-06,166.70337907404075,168.09009154578806,165.64352266675132,166.73309326171875,12446400,16729750,-25.6,178.68,176.85,164.06,169.62,34.74,165.9 - 168.0 (32.0%),162.4 - 165.3 (17.7%),163.3 - 170.4 (14.9%),165.6 - 172.8 (13.3%)
2019-06-07,168.55561993683688,172.22051554761427,167.23823564135145,171.70545959472656,16917300,16927265,-0.06,177.92,176.85,164.3,169.66,42.77,165.9 - 168.0 (31.1%),162.4 - 165.3 (17.6%),163.3 - 170.4 (14.9%),165.6 - 172.8 (13.4%)
2019-06-10,173.09217110773463,176.17266757578687,172.15118664812397,173.16151428222656,14767900,17036735,-13.32,177.25,176.93,164.55,169.69,44.91,165.9 - 168.0 (30.6%),162.4 - 165.3 (17.7%),163.3 - 170.4 (14.9%),165.6 - 172.8 (13.4%)
2019-06-11,176.78678511505504,178.27255485967893,175.1128154512004,176.410400390625,15266600,16958400,-9.98,177.08,177.13,164.86,169.73,49.45,165.9 - 168.0 (29.7%),162.4 - 165.3 (17.6%),163.3 - 170.4 (14.9%),165.6 - 172.8 (13.4%)
2019-06-12,176.68776619578523,177.56932242276204,171.23994307953834,173.3794403076172,17699800,16961985,4.35,176.8,177.37,165.12,169.76,45.67,162.0 - 164.0 (20.6%),162.4 - 165.3 (17.5%),170.4 - 177.5 (15.2%),165.6 - 172.8 (13.4%)
2019-06-13,173.8647638552238,176.34104661407335,172.9534936136508,175.78636169433594,12253600,16737320,-26.79,176.36,177.63,165.49,169.8,49.0,162.0 - 164.0 (20.7%),162.4 - 165.3 (17.6%),170.4 - 177.5 (15.4%),165.6 - 172.8 (13.4%)
2019-06-14,178.79752840862753,180.11491274970635,178.29237212864777,179.60975646972656,16773700,16928350,-0.91,176.08,177.9,165.88,169.84,53.85,162.0 - 164.0 (20.1%),162.4 - 165.3 (14.5%),170.4 - 177.5 (15.4%),165.6 - 172.8 (13.4%)
2019-06-17,183.25483575604957,187.7022453210671,182.66053692371574,187.21688842773438,29459900,17877075,64.79,176.26,178.27,166.41,169.89,61.65,165.0 - 167.5 (25.3%),162.4 - 165.2 (14.6%),170.4 - 177.5 (15.4%),165.6 - 172.8 (13.4%)
2019-06-18,192.15955882531534,192.68452960679804,185.50330898059423,186.68202209472656,37571400,19238045,95.3,176.55,178.67,166.94,169.94,60.87,165.0 - 167.5 (23.6%),163.8 - 166.4 (13.4%),170.4 - 177.5 (15.3%),165.6 - 172.8 (13.4%)
2019-06-19,185.22595867772026,186.31552918614284,182.79920448790395,185.70140075683594,21417100,19933760,7.44,176.68,179.02,167.38,169.99,59.39,185.0 - 187.5 (26.0%),163.8 - 166.4 (11.6%),170.4 - 177.5 (15.3%),165.6 - 172.8 (13.4%)
2019-06-20,189.13849103058917,189.34650545112825,185.85989478260362,187.73196411132812,14635700,20204855,-27.56,176.89,179.38,167.84,170.03,61.48,185.0 - 187.5 (25.5%),189.8 - 192.4 (11.2%),170.4 - 177.5 (15.3%),165.6 - 172.8 (13.4%)
2019-06-21,186.95936475251648,190.17853262242735,186.95936475251648,189.32669067382812,22751200,20703975,9.89,177.4,179.8,168.31,170.09,63.09,186.3 - 189.0 (23.1%),189.8 - 192.4 (11.1%),170.4 - 177.5 (15.3%),165.6 - 172.8 (13.4%)
2019-06-24,190.59454217749877,192.13974030299266,189.75261505221377,190.77284240722656,15509000,21039040,-26.28,177.97,180.25,168.82,170.14,64.54,185.0 - 187.5 (28.2%),189.8 - 192.4 (12.5%),170.4 - 177.5 (15.4%),165.6 - 172.8 (13.4%)
2019-06-25,191.05020503820657,191.30773304827682,186.34526698885904,187.04852294921875,16750300,21134390,-20.74,178.19,180.61,169.26,170.18,58.21,184.8 - 187.2 (26.7%),189.8 - 192.4 (12.5%),170.4 - 177.5 (15.3%),165.6 - 172.8 (13.4%)
2019-06-26,187.74185413496687,188.95028137636683,185.53301406199495,185.87969970703125,12808600,21134935,-39.4,178.46,180.93,169.72,170.21,56.34,184.8 - 187.2 (32.0%),189.8 - 192.4 (12.5%),170.4 - 177.5 (15.4%),165.6 - 172.8 (13.4%)
2019-06-27,188.07865510923213,196.99327409203536,186.48392821996939,187.70225524902344,11159000,21263810,-47.52,178.79,181.18,170.15,170.26,58.57,186.2 - 188.1 (39.7%),189.8 - 192.4 (12.5%),170.4 - 177.5 (15.4%),165.6 - 172.8 (13.4%)
2019-06-28,188.74226761922128,191.36712119670298,188.13805404481587,191.1690216064453,16378900,21321430,-23.18,179.55,181.5,170.6,170.3,62.5,185.4 - 187.2 (32.2%),189.8 - 192.4 (13.9%),170.4 - 177.5 (15.4%),172.5 - 179.4 (13.1%)
2019-07-01,193.35806213097206,193.4273901862488,190.1091653718203,191.1690216064453,14181800,19227540,-26.24,180.98,181.78,171.02,170.35,62.5,185.4 - 187.2 (32.2%),189.8 - 192.4 (15.2%),170.4 - 177.5 (15.5%),170.0 - 176.8 (13.3%)
2019-07-02,191.16902872721354,193.15005493164062,190.88178657774503,193.15005493164062,9050000,17377825,-47.92,182.35,182.1,171.44,170.41,64.71,186.0 - 188.0 (40.8%),189.8 - 192.4 (15.4%),170.4 - 177.5 (15.4%),170.0 - 176.8 (13.3%)
2019-07-03,192.31802472024478,195.52727745116385,192.31802472024478,195.3291778564453,10246100,16902215,-39.38,183.78,182.47,171.87,170.46,67.02,186.0 - 188.0 (42.0%),189.0 - 191.7 (18.5%),170.4 - 177.5 (15.4%),170.0 - 176.8 (13.3%)
2019-07-05,194.3188900661966,195.20046140417116,192.32796379343947,194.53680419921875,11164100,16838100,-33.7,185.17,182.78,172.31,170.51,65.35,187.0 - 188.0 (29.6%),189.0 - 191.7 (18.8%),170.4 - 177.5 (15.4%),170.0 - 176.8 (13.3%)
2019-07-08,193.33826265824044,194.81411756724523,191.80296426491321,193.90284729003906,9723900,16478430,-40.99,186.28,183.07,172.72,170.56,63.97,187.0 - 188.0 (19.0%),189.0 - 191.7 (18.8%),170.4 - 177.5 (15.5%),170.0 - 176.8 (13.3%)
2019-07-09,193.12034823722047,197.56775767968807,193.04110537228655,197.32012939453125,14698600,16474965,-10.78,187.49,183.43,173.14,170.62,67.9,184.8 - 186.0 (17.1%),185.6 - 188.5 (18.9%),170.4 - 177.5 (15.5%),170.0 - 176.8 (13.3%)
2019-07-10,198.10265048927403,201.0345763666897,197.77577930228279,200.80674743652344,20571700,16740220,22.89,188.71,183.82,173.6,170.69,71.33,190.5 - 192.0 (23.1%),185.6 - 188.8 (18.7%),170.4 - 177.5 (15.5%),170.0 - 176.8 (13.3%)
2019-07-11,201.33172464390756,201.8666102810707,198.3106712192475,199.32098388671875,13678500,16539155,-17.3,190.01,184.18,174.03,170.76,67.99,190.5 - 192.0 (23.2%),185.6 - 188.8 (18.6%),170.4 - 177.5 (15.5%),170.0 - 176.8 (13.3%)
2019-07-12,197.78567137744778,203.35236591937706,197.27061538811301,202.9264373779297,15366300,16694790,-7.96,191.37,184.61,174.48,170.83,71.48,190.4 - 192.1 (24.1%),190.4 - 193.8 (19.7%),170.4 - 177.5 (15.5%),170.0 - 176.8 (13.3%)
2019-07-15,202.3122957207295,203.38205165621673,199.90535620140582,201.97552490234375,16030300,16657620,-3.77,192.48,185.02,174.95,170.9,69.33,200.6 - 202.3 (19.1%),190.4 - 193.8 (19.6%),170.4 - 177.5 (15.5%),170.0 - 176.8 (13.3%)
2019-07-16,201.95573290574328,203.520745553437,201.1732341389123,201.9062042236328,12132700,15791260,-23.17,193.22,185.44,175.44,170.97,69.17,200.6 - 202.3 (26.0%),190.4 - 193.8 (19.6%),170.4 - 177.5 (15.5%),170.0 - 176.8 (13.3%)
2019-07-17,202.24295469091985,202.42125490573628,199.6775294249614,199.8855438232422,12083700,14516875,-16.76,193.88,185.78,175.9,171.04,64.42,199.5 - 201.0 (17.5%),190.4 - 193.8 (19.6%),170.4 - 177.5 (15.5%),170.0 - 176.8 (13.3%)
2019-07-18,198.25120076136693,200.54919852218333,197.4885165186062,198.87522888183594,11937900,14042915,-14.99,194.54,186.06,176.33,171.11,62.12,190.8 - 192.0 (16.3%),190.4 - 193.8 (19.6%),170.4 - 177.5 (15.5%),170.0 - 176.8 (13.3%)
2019-07-19,200.26193212996446,200.4105181639961,196.19093778162826,196.47817993164062,12098300,13916045,-13.06,194.97,186.32,176.75,171.18,56.93,201.6 - 202.8 (15.4%),190.4 - 193.8 (19.3%),170.4 - 177.5 (15.5%),170.0 - 176.8 (13.3%)
2019-07-22,198.0134943633402,200.64826306177824,196.92392381465325,200.400634765625,13589000,13457935,0.97,195.53,186.47,177.23,171.24,62.46,200.0 - 201.0 (18.7%),190.4 - 193.8 (19.3%),170.4 - 177.5 (15.5%),170.0 - 176.8 (13.4%)
2019-07-23,200.9156733788456,202.30240078589875,199.0535190302195,200.4402313232422,14583700,13411670,8.74,196.01,186.65,177.66,171.31,62.51,199.8 - 200.7 (21.4%),190.4 - 193.8 (19.4%),170.4 - 177.5 (15.5%),170.0 - 176.8 (13.4%)
2019-07-24,195.75510843536,202.8669852257597,195.34899443772736,202.71841430664062,32532500,14200780,129.09,196.79,186.81,177.97,171.39,65.49,202.5 - 203.4 (22.8%),190.4 - 193.8 (19.5%),170.4 - 177.5 (15.4%),170.0 - 176.8 (13.3%)
2019-07-25,204.7390567998404,206.68046914547776,196.37912373378157,198.80589294433594,39889900,15554845,156.45,197.44,186.93,178.26,171.46,57.1,198.0 - 198.9 (20.7%),190.4 - 193.8 (14.7%),170.4 - 177.5 (15.4%),170.0 - 176.8 (13.3%)
2019-07-26,198.2908545034018,200.95533762552375,194.38822979025906,197.8550262451172,24434000,16218595,50.65,197.95,187.04,178.51,171.53,55.25,198.0 - 198.9 (19.7%),190.4 - 193.8 (14.7%),161.2 - 167.4 (15.2%),170.0 - 176.8 (13.3%)
2019-07-29,197.11212951451913,197.73615767560315,193.4472336468546,194.08116149902344,16530800,16226190,1.88,198.09,187.1,178.72,171.58,48.52,198.0 - 198.9 (19.2%),197.2 - 200.6 (13.7%),161.2 - 167.4 (15.8%),170.0 - 176.8 (13.4%)
2019-07-30,193.53634432678936,196.8248549090843,191.6642752659621,195.17068481445312,11903600,16112280,-26.12,198.29,187.13,178.94,171.64,50.4,198.0 - 198.9 (19.4%),197.2 - 200.6 (13.8%),161.2 - 167.4 (15.8%),170.0 - 176.8 (13.4%)
2019-07-31,195.08155652241388,196.87438285652664,190.85206125591765,192.38735961914062,14593500,16389455,-10.96,198.26,187.13,179.17,171.69,45.8,198.0 - 199.1 (19.8%),197.2 - 200.6 (13.8%),161.2 - 167.4 (16.0%),170.0 - 176.8 (13.4%)
2019-08-01,192.32793743031857,196.58714701824408,189.06915580159875,190.90159606933594,17777000,16766000,6.03,198.03,187.18,179.38,171.73,43.52,201.6 - 202.8 (22.9%),197.2 - 200.6 (13.8%),161.2 - 167.4 (16.0%),170.0 - 176.8 (13.4%)
2019-08-02,189.28707588108952,190.79264504163407,186.28582213677672,187.226806640625,15297000,16972645,-9.87,197.67,187.17,179.57,171.77,38.42,198.0 - 199.5 (19.5%),197.2 - 200.6 (13.8%),161.2 - 167.4 (16.1%),170.0 - 176.8 (13.4%)
2019-08-05,182.93787650858883,183.90857516587192,177.63862509840143,180.00595092773438,23086700,17640785,30.87,196.97,187.06,179.71,171.79,30.78,197.8 - 200.1 (32.4%),197.2 - 200.6 (13.6%),161.2 - 167.4 (16.2%),170.0 - 176.8 (13.4%)
2019-08-06,181.94739994820875,184.02746891785733,181.35308589171814,182.75961303710938,18035700,17807640,1.28,196.25,187.0,179.87,171.81,36.01,197.8 - 200.1 (31.7%),197.2 - 200.6 (13.6%),161.2 - 167.4 (16.1%),170.0 - 176.8 (13.4%)
2019-08-07,181.85821044498942,184.60192083841193,179.50078444035964,183.39349365234375,15833200,17570715,-9.89,195.38,187.05,180.05,171.84,37.18,197.8 - 200.1 (27.0%),197.2 - 200.6 (13.6%),161.2 - 167.4 (16.2%),170.0 - 176.8 (13.4%)
2019-08-08,184.84954749748073,188.53425739100123,182.30393672266274,188.35597229003906,14828900,17628235,-15.88,194.83,187.21,180.28,171.87,45.6,197.8 - 200.1 (22.6%),197.2 - 200.6 (13.5%),161.2 - 167.4 (16.3%),170.0 - 176.8 (13.4%)
2019-08-09,188.19749884208662,189.1681974989223,185.3448161284113,186.06790161132812,11058800,17412860,-36.49,193.98,187.24,180.49,171.9,42.76,197.8 - 200.1 (22.7%),197.2 - 200.6 (13.6%),161.2 - 167.4 (16.3%),170.0 - 176.8 (13.4%)
2019-08-12,185.07739003699646,185.81036010259612,182.7100641885772,183.61141967773438,10930900,17157890,-36.29,193.07,187.21,180.68,171.93,39.88,197.8 - 200.1 (22.9%),197.2 - 200.6 (13.6%),161.2 - 167.4 (16.4%),170.0 - 176.8 (13.4%)
2019-08-13,183.76000464001737,189.56441232948268,183.61141859843553,186.66220092773438,13577000,17230105,-21.2,192.3,187.26,180.91,171.97,44.84,197.8 - 200.1 (22.9%),197.2 - 200.6 (13.7%),161.2 - 167.4 (16.4%),170.0 - 176.8 (13.4%)
2019-08-14,184.03736425685713,184.2255641919725,177.6089278448205,178.00514221191406,18903700,17571105,7.58,191.21,187.21,181.06,171.98,35.81,197.4 - 199.5 (24.1%),197.2 - 200.6 (13.7%),161.2 - 167.4 (16.4%),170.0 - 176.8 (13.4%)
2019-08-15,179.23336228526333,181.46201700724816,178.32209194595782,180.85780334472656,12925900,17620505,-26.64,190.31,187.18,181.21,172.01,40.09,182.0 - 184.0 (18.7%),197.2 - 200.6 (13.7%),161.2 - 167.4 (16.4%),170.0 - 176.8 (13.4%)
2019-08-16,182.00678881146158,183.343987591199,180.62997615644224,181.95726013183594,12654600,17648320,-28.3,189.58,187.15,181.37,172.03,41.71,181.9 - 183.6 (20.4%),197.2 - 200.6 (13.6%),161.2 - 167.4 (16.4%),170.0 - 176.8 (13.4%)
2019-08-19,184.24535337326594,185.72122347016028,183.09636955739475,184.40383911132812,9691200,17453430,-44.47,188.78,187.24,181.56,172.06,45.24,181.9 - 183.6 (21.0%),197.2 - 200.6 (13.6%),161.2 - 167.4 (16.6%),170.0 - 176.8 (13.4%)
2019-08-20,183.69069492671608,184.2354802836951,180.6597265402943,182.06625366210938,10083400,17228415,-41.47,187.86,187.28,181.75,172.09,42.58,182.0 - 183.4 (20.0%),197.2 - 200.6 (13.6%),161.2 - 167.4 (16.6%),170.0 - 176.8 (13.4%)
2019-08-21,183.244941676179,184.13639750899085,181.40258652287343,181.80870056152344,8398200,16021700,-47.58,186.82,187.27,181.92,172.11,42.29,183.3 - 184.6 (17.1%),197.2 - 200.6 (13.6%),161.2 - 167.4 (16.6%),170.0 - 176.8 (13.4%)
2019-08-22,181.68980081091578,182.3633575416316,178.2032057703704,180.31298828125,10821400,14568275,-25.72,185.89,187.27,182.04,172.15,40.53,180.0 - 181.0 (22.7%),197.2 - 200.6 (13.6%),161.2 - 167.4 (16.6%),170.0 - 176.8 (13.4%)
2019-08-23,179.12438732933424,181.39267081691872,174.9840497809335,176.06370544433594,17323400,14212745,21.89,184.8,187.18,182.1,172.18,35.97,180.0 - 181.2 (22.5%),197.2 - 200.6 (13.5%),161.2 - 167.4 (16.6%),170.0 - 176.8 (13.5%)
2019-08-26,177.69804182600424,178.78761226770766,176.54905813133462,178.64894104003906,8773600,13824885,-36.54,184.03,187.23,182.16,172.21,40.37,182.4 - 183.6 (17.5%),197.2 - 200.6 (13.4%),161.2 - 167.4 (16.7%),170.0 - 176.8 (13.6%)
2019-08-27,180.20404533901944,182.29402863457622,179.29277507890413,179.5800323486328,14399600,13949685,3.23,183.25,187.51,182.26,172.23,41.92,181.2 - 182.4 (16.4%),197.2 - 200.6 (13.4%),161.2 - 167.4 (16.7%),170.0 - 176.8 (13.6%)
2019-08-28,178.81734803624482,180.22387497638817,177.22262116854145,180.03567504882812,9386100,13689315,-31.43,182.64,187.75,182.36,172.26,42.7,180.0 - 181.2 (18.0%),197.2 - 200.6 (13.5%),161.2 - 167.4 (16.7%),170.0 - 176.8 (13.6%)
2019-08-29,182.0266130313582,184.31469608041834,181.72945605175894,183.80953979492188,10128700,13306900,-23.88,182.28,188.03,182.47,172.29,48.86,179.3 - 180.4 (19.3%),197.2 - 200.6 (13.5%),161.2 - 167.4 (16.7%),170.0 - 176.8 (13.5%)
2019-08-30,185.00805485466208,185.02786935065186,181.7195588798664,183.90858459472656,10774500,13080775,-17.63,182.12,188.32,182.59,172.32,49.02,179.3 - 180.4 (19.4%),197.2 - 200.6 (13.5%),161.2 - 167.4 (16.7%),170.0 - 176.8 (13.6%)
2019-09-03,182.25442531237266,183.90858051103484,180.38235600475792,180.65969848632812,9779400,12415410,-21.23,182.15,188.47,182.66,172.35,44.28,181.6 - 182.4 (19.0%),186.0 - 189.0 (16.8%),161.2 - 167.4 (16.8%),170.0 - 176.8 (13.6%)
2019-09-04,182.89825597798117,185.96885293761042,182.1454713884996,185.36463928222656,11308000,12079025,-6.38,182.28,188.67,182.8,172.38,51.58,180.0 - 180.9 (27.4%),186.0 - 189.0 (16.9%),161.2 - 167.4 (16.8%),170.0 - 176.8 (13.6%)
2019-09-05,186.74144735596775,189.5446014501332,186.15704821107946,189.08895874023438,13876700,11981200,15.82,182.56,188.88,183.01,172.42,56.44,179.4 - 180.7 (28.2%),184.6 - 187.2 (12.8%),161.2 - 167.4 (16.8%),170.0 - 176.8 (13.6%)
2019-09-06,188.4055159908817,188.4055159908817,184.58213456483298,185.71131896972656,15226800,12001095,26.88,182.43,189.09,183.23,172.45,51.4,179.4 - 180.7 (27.7%),185.0 - 187.5 (19.0%),161.2 - 167.4 (16.3%),170.0 - 176.8 (13.6%)
2019-09-09,185.9490262221933,187.1871676384169,184.0868718097341,186.96925354003906,14722400,12184275,20.83,182.48,189.28,183.45,172.49,53.08,179.4 - 180.7 (26.9%),185.0 - 187.5 (20.5%),161.2 - 167.4 (16.0%),170.0 - 176.8 (13.6%)
2019-09-10,185.66179509689493,186.31553743087753,182.79921257703614,184.40383911132812,15455900,12410525,24.54,182.52,189.36,183.63,172.52,49.33,179.4 - 180.7 (26.1%),185.0 - 187.5 (20.5%),161.2 - 167.4 (15.9%),170.0 - 176.8 (13.6%)
2019-09-11,184.69108752920104,187.64281246717204,184.31468769789163,186.7018280029297,11761700,12319760,-4.53,182.52,189.35,183.81,172.55,52.56,179.4 - 180.7 (25.5%),186.3 - 188.6 (18.6%),161.2 - 167.4 (15.6%),170.0 - 176.8 (13.6%)
2019-09-12,188.05883903362636,189.11868031116256,185.45378444959346,185.69151306152344,11419800,11945565,-4.4,182.9,189.33,184.0,172.58,51.02,184.6 - 185.9 (21.8%),184.8 - 187.0 (16.7%),161.2 - 167.4 (15.2%),170.0 - 176.8 (13.6%)
2019-09-13,185.55284055569905,186.18676840250643,184.77032665968292,185.41416931152344,11441100,11871325,-3.62,183.13,189.33,184.17,172.6,50.58,185.0 - 186.0 (29.3%),184.8 - 187.0 (18.0%),161.2 - 167.4 (15.2%),170.0 - 176.8 (13.6%)
2019-09-16,185.15662504810942,186.00846700387407,184.00764122384822,184.453369140625,8444800,11660835,-27.58,183.25,189.27,184.33,172.62,49.01,185.0 - 186.0 (29.4%),184.8 - 187.0 (18.4%),161.2 - 167.4 (15.3%),170.0 - 176.8 (13.6%)
2019-09-17,184.88918847070408,186.53344392942236,183.77980346357674,186.29571533203125,9671100,11659830,-17.06,183.35,189.22,184.51,172.65,52.09,185.4 - 186.3 (29.2%),184.8 - 187.0 (15.9%),161.2 - 167.4 (15.3%),170.0 - 176.8 (13.7%)
2019-09-18,186.3056043790931,187.28621778402513,184.24533532816432,186.35513305664062,9681900,11639755,-16.82,183.56,189.15,184.7,172.68,52.19,185.6 - 186.4 (28.1%),184.8 - 187.0 (14.8%),161.2 - 167.4 (15.3%),170.0 - 176.8 (13.6%)
2019-09-19,186.87022631789495,189.28708097490235,186.36505490648454,188.336181640625,10392700,11739480,-11.47,183.89,189.17,184.89,172.71,55.52,185.6 - 186.4 (28.1%),184.8 - 187.0 (14.8%),161.2 - 167.4 (15.4%),170.0 - 176.8 (13.6%)
2019-09-20,188.85124406340918,191.2680986093367,186.33533215516076,188.12815856933594,19934200,12195120,63.46,184.28,189.21,185.07,172.75,55.09,185.6 - 186.4 (26.6%),184.8 - 187.0 (14.9%),161.2 - 167.4 (15.0%),170.0 - 176.8 (13.6%)
2019-09-23,187.5437351743876,188.29653475699644,183.45292660091232,185.0476531982422,13327600,11995330,11.11,184.73,189.16,185.17,172.78,48.97,185.6 - 186.4 (24.7%),184.8 - 187.0 (16.4%),161.2 - 167.4 (13.8%),170.0 - 176.8 (13.7%)
2019-09-24,186.1966774864623,186.25610586353093,178.67868550662413,179.56024169921875,18546600,12483980,48.56,184.78,188.97,185.23,172.8,40.38,185.0 - 186.0 (32.1%),184.8 - 187.0 (16.4%),161.2 - 167.4 (13.8%),170.0 - 176.8 (13.7%)
2019-09-25,179.72861232725143,181.6799244883696,176.18257335207298,181.06581115722656,18068300,12667415,42.64,184.85,188.8,185.29,172.82,43.32,185.0 - 186.0 (25.5%),184.8 - 187.0 (14.9%),161.2 - 167.4 (13.4%),170.0 - 176.8 (13.6%)
2019-09-26,179.6097332832267,179.67906133747488,175.98445189057787,178.40130615234375,16083300,13002275,23.7,184.77,188.55,185.33,172.83,39.6,185.0 - 186.0 (25.2%),184.8 - 187.0 (14.8%),161.2 - 167.4 (12.9%),170.0 - 176.8 (13.6%)
2019-09-27,178.77774600563225,179.04517370711997,173.99356508547746,175.41990661621094,14656200,13228650,10.79,184.35,188.22,185.34,172.82,35.88,185.9 - 187.2 (22.5%),184.0 - 186.3 (13.0%),161.2 - 167.4 (12.4%),170.0 - 176.8 (13.7%)
2019-09-30,176.18256481707957,176.97497834037966,175.17225231105203,176.3905792236328,10740000,13226925,-18.8,183.97,187.92,185.35,172.82,37.92,184.6 - 185.9 (18.1%),184.0 - 186.3 (13.1%),161.2 - 167.4 (11.3%),170.0 - 176.8 (13.8%)
2019-10-01,177.45043076663086,178.13388728144557,173.2209503554695,174.14212036132812,17073000,13591605,25.61,183.65,187.59,185.33,172.8,35.13,184.8 - 186.2 (18.0%),184.8 - 187.2 (14.7%),161.2 - 167.4 (11.2%),170.0 - 176.8 (13.9%)
2019-10-02,173.18130172091682,174.85527122929318,171.44790384652026,172.94358825683594,16151700,13833790,16.76,183.03,187.18,185.31,172.8,33.71,184.5 - 186.0 (17.6%),185.0 - 187.5 (16.3%),161.2 - 167.4 (11.3%),170.0 - 176.8 (14.0%)
2019-10-03,173.9044154360935,178.1338960555815,171.98281734733607,177.6782684326172,16086300,13944270,15.36,182.46,186.8,185.31,172.8,43.46,177.0 - 178.5 (15.3%),185.0 - 187.5 (16.0%),161.2 - 167.4 (11.3%),170.0 - 176.8 (14.0%)
2019-10-04,177.84664233893517,179.26306891445384,176.41040126812752,178.73809814453125,10430200,13704440,-23.89,182.11,186.46,185.32,172.8,45.39,177.0 - 178.5 (15.4%),185.0 - 187.5 (16.0%),161.2 - 167.4 (11.3%),170.0 - 176.8 (14.0%)
2019-10-07,178.29235902179337,179.46115723175714,176.40047536258368,177.9753875732422,9178300,13427235,-31.64,181.66,186.04,185.32,172.8,44.22,177.0 - 178.5 (19.7%),185.0 - 187.5 (16.1%),161.2 - 167.4 (11.4%),170.0 - 176.8 (14.0%)
2019-10-08,176.56886168979187,178.65884495813677,176.03399126013443,176.06370544433594,9466900,13127785,-27.89,181.24,185.61,185.31,172.79,41.34,177.0 - 178.5 (19.7%),185.0 - 187.5 (16.1%),161.2 - 167.4 (11.4%),170.0 - 176.8 (14.1%)
2019-10-09,177.46035752605832,179.0055557780629,176.25193015174034,178.14381408691406,7556900,12917545,-41.5,180.81,185.21,185.33,172.79,45.5,177.0 - 178.5 (23.5%),185.0 - 187.5 (16.4%),161.2 - 167.4 (11.5%),170.0 - 176.8 (14.1%)
2019-10-10,178.60932451566862,179.8870797292188,177.4702254136987,178.3220672607422,8605000,12776805,-32.65,180.44,184.85,185.32,172.8,45.86,177.0 - 178.5 (27.9%),185.0 - 187.5 (16.5%),161.2 - 167.4 (11.5%),170.0 - 176.8 (14.1%)
2019-10-11,180.4219715809054,184.72081031379022,180.4120718900531,182.442626953125,14930500,12951275,15.28,180.3,184.58,185.32,172.81,53.41,177.6 - 178.8 (33.8%),185.0 - 187.5 (16.5%),161.2 - 167.4 (11.5%),170.0 - 176.8 (14.1%)
2019-10-14,182.45253010436787,182.86854383853097,180.83800385097976,181.541259765625,7006000,12879335,-45.6,180.15,184.33,185.33,172.82,51.71,178.2 - 179.1 (18.0%),185.0 - 187.5 (16.6%),161.2 - 167.4 (11.7%),170.0 - 176.8 (14.1%)
2019-10-15,182.0563291597332,188.57390782859102,181.91765791631204,187.09803771972656,15039100,13147735,14.39,180.19,184.11,185.29,172.84,60.13,177.8 - 179.2 (27.1%),185.0 - 187.5 (18.3%),161.2 - 167.4 (11.6%),170.0 - 176.8 (14.1%)
2019-10-16,186.53344308076112,187.90034094595524,185.12690111180197,187.75177001953125,10516900,13189485,-20.26,180.26,183.9,185.27,172.86,60.99,177.0 - 178.5 (31.3%),185.0 - 187.5 (18.3%),186.0 - 192.2 (11.8%),170.0 - 176.8 (14.1%)
2019-10-17,188.49462820871193,189.02949858218807,186.97914451749566,188.58377075195312,9603000,13150000,-26.97,180.27,183.66,185.24,172.89,62.11,177.6 - 179.2 (29.3%),185.0 - 187.5 (18.4%),186.0 - 192.2 (12.0%),170.0 - 176.8 (14.1%)
2019-10-18,188.42532106639536,189.67337736648975,182.17518521710943,184.08688354492188,16874200,12997000,29.83,180.07,183.42,185.17,172.9,53.2,177.6 - 179.2 (28.9%),185.0 - 187.5 (18.3%),186.0 - 192.2 (12.0%),170.0 - 176.8 (14.1%)
2019-10-21,185.265565701183,188.10834860836664,184.97832354905808,187.9597625732422,8122600,12736750,-36.23,180.22,183.25,185.15,172.92,58.7,177.6 - 179.2 (29.4%),185.0 - 187.5 (18.4%),186.0 - 192.2 (12.3%),170.0 - 176.8 (14.1%)
2019-10-22,188.1974870947998,188.8413145576699,179.77812583003245,180.6101531982422,19537600,12786300,52.8,180.27,183.03,185.06,172.92,47.34,177.6 - 179.2 (29.0%),185.0 - 187.5 (18.3%),186.0 - 192.2 (12.2%),170.0 - 176.8 (14.1%)
2019-10-23,180.28330900247667,184.6118621299623,180.27340931114864,184.384033203125,12300400,12497905,-1.58,180.43,182.85,184.99,172.93,52.43,183.3 - 184.6 (16.6%),184.8 - 187.0 (15.2%),186.0 - 192.2 (12.2%),170.0 - 176.8 (14.1%)
2019-10-24,182.86856432500443,184.95854803502974,181.06583794167435,184.61187744140625,11413500,12264415,-6.94,180.74,182.72,184.92,172.93,52.73,183.3 - 184.6 (17.1%),182.7 - 184.8 (16.5%),186.0 - 192.2 (12.3%),170.0 - 176.8 (14.1%)
2019-10-25,184.0670889588384,187.20701431649454,183.33410367337254,186.1075439453125,8061200,11934665,-32.46,181.28,182.64,184.91,172.94,54.73,183.3 - 184.6 (17.3%),184.3 - 186.2 (16.8%),186.0 - 192.2 (12.5%),170.0 - 176.8 (14.1%)
2019-10-28,185.42406915980794,187.73196674371343,183.32418599935835,187.6031951904297,13657900,12080560,13.06,181.84,182.64,184.91,172.97,56.7,187.2 - 188.5 (18.7%),184.3 - 186.2 (16.8%),186.0 - 192.2 (12.9%),170.0 - 176.8 (14.1%)
2019-10-29,189.8714487194936,190.70347605301671,186.68199549362532,187.51402282714844,13574900,11905655,14.02,182.51,182.77,184.91,173.0,56.54,187.0 - 188.0 (34.5%),185.6 - 187.2 (14.5%),186.0 - 192.2 (13.1%),170.0 - 176.8 (14.1%)
2019-10-30,187.76169657679014,188.64325279912046,184.2156571897667,186.46412658691406,28734600,12534800,129.24,183.18,182.83,184.91,173.03,54.61,187.0 - 188.0 (30.8%),186.0 - 187.5 (16.3%),186.0 - 192.2 (13.7%),170.0 - 176.8 (14.1%)
2019-10-31,194.83394281179486,196.21075555095547,186.46410932060846,189.83184814453125,42286500,13844810,205.43,183.79,182.94,185.0,173.07,59.4,187.2 - 188.1 (19.8%),186.2 - 187.6 (15.2%),186.0 - 192.2 (14.7%),170.0 - 176.8 (14.1%)
2019-11-01,191.0204426848322,192.26848365376568,188.1083319766248,191.7831268310547,21711800,14408890,50.68,184.44,182.99,185.1,173.11,61.91,187.0 - 188.1 (25.5%),185.6 - 187.2 (17.0%),186.0 - 192.2 (15.3%),170.0 - 176.8 (14.1%)
2019-11-04,192.70432576907464,195.49756483933155,191.97134063729,192.87271118164062,16371300,14768540,10.85,185.19,183.11,185.17,173.15,63.27,186.0 - 187.2 (20.9%),185.3 - 187.0 (18.1%),186.0 - 192.2 (15.4%),170.0 - 176.8 (14.2%)
2019-11-05,193.51654340835685,193.8929432304281,191.76334606814555,192.4765167236328,9942000,14792295,-32.79,186.01,183.26,185.23,173.18,62.4,187.2 - 188.4 (18.9%),185.3 - 187.0 (18.2%),186.0 - 192.2 (15.3%),170.0 - 176.8 (14.2%)
2019-11-06,192.1892718081689,192.52604266323124,189.5347037308094,189.73280334472656,10973000,14963100,-26.67,186.59,183.31,185.28,173.2,56.56,189.6 - 190.8 (21.9%),185.3 - 187.0 (18.3%),186.0 - 192.2 (15.6%),170.0 - 176.8 (14.2%)
2019-11-07,190.08939552831785,191.60487954460535,187.67254085517027,188.613525390625,13473000,15206500,-11.4,187.1,183.48,185.35,173.23,54.33,189.6 - 190.8 (21.6%),185.3 - 187.0 (18.4%),186.0 - 192.2 (15.9%),170.0 - 176.8 (14.2%)
2019-11-08,188.1974831472892,190.51528010184126,187.90032620372435,189.02951049804688,10760800,14998015,-28.25,187.43,183.62,185.4,173.26,55.04,189.6 - 190.8 (22.1%),185.3 - 187.0 (17.1%),186.0 - 192.2 (16.2%),170.0 - 176.8 (14.2%)
2019-11-11,188.12818992750994,188.27677599575836,186.7513770003316,187.8112335205078,8631200,15079275,-42.76,187.75,183.72,185.43,173.28,52.47,189.6 - 190.8 (22.1%),185.3 - 187.0 (17.1%),186.0 - 192.2 (16.5%),170.0 - 176.8 (14.3%)
2019-11-12,188.19751151568963,193.20950598307283,187.9399835199303,192.62510681152344,17615500,15208095,15.83,188.02,183.85,185.55,173.31,60.35,189.6 - 190.4 (22.2%),185.3 - 187.0 (15.5%),186.0 - 192.2 (16.4%),170.0 - 176.8 (14.3%)
2019-11-13,192.8529081920363,193.84342134670933,190.91151087273465,191.35723876953125,10860700,15225285,-28.67,188.2,184.01,185.65,173.34,57.64,189.6 - 190.4 (22.4%),185.3 - 187.0 (15.6%),186.0 - 192.2 (16.7%),170.0 - 176.8 (14.3%)
2019-11-14,191.09971283041335,192.1892834439716,189.63375746183442,191.317626953125,9040500,15197160,-40.51,188.34,184.17,185.72,173.37,57.55,189.7 - 190.4 (22.6%),185.3 - 187.0 (15.7%),186.0 - 192.2 (16.9%),170.0 - 176.8 (14.3%)
2019-11-15,192.41708767916666,193.44722986507244,191.54544634574475,193.24913024902344,11524300,14929665,-22.81,188.8,184.38,185.82,173.4,60.67,189.7 - 190.4 (22.3%),185.3 - 187.0 (15.7%),186.0 - 192.2 (16.9%),170.0 - 176.8 (14.3%)
2019-11-18,192.71421405837245,196.74560937365263,191.2185448135694,195.5272674560547,16167200,15331895,5.45,189.18,184.71,185.94,173.44,64.03,189.0 - 189.9 (26.5%),186.2 - 188.1 (17.0%),186.0 - 192.2 (17.1%),170.0 - 176.8 (14.4%)
2019-11-19,195.5272938194376,198.1026341084602,194.99242335751862,197.42909240722656,19056800,15307855,24.49,190.02,185.02,186.12,173.48,66.59,189.2 - 190.3 (21.5%),186.0 - 188.0 (17.8%),186.0 - 192.2 (17.1%),170.0 - 176.8 (14.4%)
2019-11-20,196.69611738833362,197.69653030124712,193.57599167140913,195.63626098632812,12355400,15310605,-19.3,190.58,185.29,186.4,173.53,62.1,189.0 - 190.0 (27.7%),186.0 - 188.0 (17.7%),186.0 - 192.2 (17.2%),170.0 - 176.8 (14.4%)
2019-11-21,195.54710508495742,197.20126023875787,194.99242013686043,196.05226135253906,12131000,15346480,-20.95,191.15,185.55,186.65,173.57,62.73,192.0 - 193.0 (21.9%),186.0 - 188.0 (17.7%),186.0 - 192.2 (17.3%),170.0 - 176.8 (14.4%)
2019-11-22,196.49800967276323,197.4092799855507,195.7452099822632,196.933837890625,9959800,15441410,-35.5,191.69,185.77,186.9,173.61,64.09,192.0 - 193.0 (23.3%),186.0 - 188.0 (17.8%),186.0 - 192.2 (17.4%),170.0 - 176.8 (14.4%)
2019-11-25,197.62721036275644,199.06345157055182,197.35976754995653,197.89463806152344,15272300,15522130,-1.61,192.21,186.01,187.16,173.66,65.56,197.0 - 198.0 (18.3%),186.9 - 189.0 (16.0%),186.0 - 192.2 (17.3%),170.0 - 176.8 (14.4%)
2019-11-26,198.10264010715585,198.25121104162343,196.16122758393166,197.08241271972656,11735500,15430160,-23.94,192.69,186.28,187.37,173.71,63.2,197.0 - 198.0 (24.3%),186.9 - 189.0 (16.0%),186.0 - 192.2 (17.3%),170.0 - 176.8 (14.4%)
2019-11-27,198.0035953005444,201.21286371489063,197.5281531660596,200.08367919921875,12736600,14630260,-12.94,193.37,186.53,187.6,173.75,67.81,196.8 - 198.0 (29.3%),186.3 - 188.6 (20.2%),186.0 - 192.2 (17.3%),170.0 - 176.8 (14.4%)
2019-11-29,199.68746742095152,201.86659344093158,199.30116787701886,199.72708129882812,7985200,12915195,-38.17,193.86,186.7,187.79,173.78,66.74,196.8 - 198.0 (32.0%),186.3 - 188.6 (20.5%),186.0 - 192.2 (17.5%),170.0 - 176.8 (14.4%)
2019-12-02,200.2124049783343,200.261918538954,196.17110997423504,197.80545043945312,11503400,12404775,-7.27,194.16,186.9,188.0,173.81,61.14,197.1 - 198.0 (25.8%),186.3 - 188.6 (20.3%),186.0 - 192.2 (17.7%),170.0 - 176.8 (14.5%)
2019-12-03,195.72541060074707,197.04277983105874,193.22931315283168,196.933837890625,11595300,12165975,-4.69,194.37,187.07,188.17,173.84,58.73,197.1 - 198.0 (26.7%),186.3 - 188.6 (20.2%),186.0 - 192.2 (17.6%),170.0 - 176.8 (14.5%)
2019-12-04,198.10263019249757,198.13234437790393,196.17113257092697,196.8248748779297,8456300,12091690,-30.07,194.58,187.28,188.32,173.86,58.42,197.1 - 198.0 (27.0%),186.3 - 188.6 (20.3%),186.0 - 192.2 (17.7%),170.0 - 176.8 (14.5%)
2019-12-05,197.96394550667833,199.38037196159073,196.32960496423632,197.46868896484375,9740400,12030060,-19.03,194.97,187.46,188.4,173.88,59.77,197.4 - 198.1 (32.6%),186.3 - 188.6 (20.4%),186.0 - 192.2 (17.8%),170.0 - 176.8 (14.5%)
2019-12-06,198.59788442831683,199.6577407420956,198.16205622878277,199.14266967773438,12270600,11969940,2.51,195.5,187.68,188.51,173.91,63.13,197.0 - 197.5 (23.7%),186.3 - 188.6 (20.5%),186.0 - 192.2 (17.7%),170.0 - 176.8 (14.5%)
2019-12-09,198.74645988190645,201.212843095993,198.31064678647374,199.42991638183594,11954800,12029640,-0.62,196.02,187.91,188.62,173.94,63.68,196.8 - 197.2 (25.0%),186.3 - 188.6 (18.8%),186.0 - 192.2 (17.9%),170.0 - 176.8 (14.5%)
2019-12-10,199.74686925764857,200.13316875025987,198.25118484946296,198.96435546875,9475700,12071865,-21.51,196.57,188.16,188.71,173.98,62.04,196.8 - 197.2 (26.6%),186.3 - 188.6 (18.9%),186.0 - 192.2 (17.8%),170.0 - 176.8 (14.5%)
2019-12-11,198.37995958696905,200.7076713838834,198.37995958696905,200.34117126464844,8036800,11592930,-30.67,196.96,188.39,188.81,174.03,64.92,196.8 - 197.2 (27.3%),186.3 - 188.6 (17.6%),186.0 - 192.2 (17.9%),170.0 - 176.8 (14.5%)
2019-12-12,200.43034849471852,201.7279183453557,192.25861474030722,194.8834686279297,23734800,12236635,93.97,197.14,188.53,188.84,174.07,49.04,196.5 - 197.0 (18.2%),186.3 - 188.6 (17.4%),186.0 - 192.2 (17.9%),170.0 - 176.8 (14.5%)
2019-12-13,194.53677738342594,194.93299171341098,191.33742412820706,192.2685089111328,18798000,12724510,47.73,197.18,188.6,188.88,174.1,43.54,196.8 - 197.6 (24.0%),186.3 - 188.6 (17.2%),186.0 - 192.2 (17.9%),170.0 - 176.8 (14.5%)
2019-12-16,193.41753473813614,197.23100184346987,192.96189197369478,196.04238891601562,14911500,12893870,15.65,197.32,188.73,188.97,174.14,51.92,196.8 - 197.6 (24.0%),186.3 - 188.6 (17.1%),186.0 - 192.2 (18.0%),170.0 - 176.8 (14.6%)
2019-12-17,196.95364724270777,197.11213298705007,194.26936485031013,196.50791931152344,10175700,12594295,-19.2,197.37,188.92,189.04,174.16,52.85,196.8 - 197.6 (17.4%),186.3 - 188.6 (17.1%),186.0 - 192.2 (18.0%),170.0 - 176.8 (14.6%)
2019-12-18,198.19179314892094,202.3618605938786,198.19179314892094,200.5789337158203,23274400,12805175,81.76,197.53,189.27,189.12,174.19,60.11,200.0 - 200.8 (17.2%),186.3 - 188.6 (15.7%),186.0 - 192.2 (18.0%),170.0 - 176.8 (14.6%)
2019-12-19,200.8562812326509,204.34289220190658,200.58883841575624,204.10516357421875,16514600,13013135,26.91,197.95,189.66,189.23,174.23,65.12,196.8 - 198.0 (20.8%),195.0 - 197.6 (15.4%),186.0 - 192.2 (18.0%),170.0 - 176.8 (14.5%)
2019-12-20,205.511678593546,205.73950751618258,201.50009703091317,204.34288024902344,27306900,13771930,98.28,198.37,190.09,189.32,174.27,65.44,204.0 - 205.2 (20.1%),195.0 - 197.6 (15.2%),182.7 - 189.0 (16.8%),170.0 - 176.8 (14.5%)
2019-12-23,204.7390548087318,206.61112396373323,203.72872721449957,204.22398376464844,13348900,13941385,-4.25,198.73,190.57,189.39,174.3,65.12,204.0 - 205.2 (26.0%),195.0 - 197.6 (15.2%),182.7 - 189.0 (17.2%),170.0 - 176.8 (14.6%)
2019-12-24,204.34285506253846,204.8281968073945,203.0551850128218,203.17404174804688,6046300,13480085,-55.15,199.0,191.01,189.47,174.34,62.25,204.0 - 205.2 (26.7%),195.0 - 197.6 (15.5%),182.7 - 189.0 (17.2%),170.0 - 176.8 (14.6%)
2019-12-26,203.6198002465895,205.8484548860392,203.36225714860623,205.8187255859375,9350700,13360845,-30.01,199.43,191.54,189.57,174.39,66.28,203.0 - 204.4 (30.8%),194.4 - 197.1 (15.3%),185.6 - 191.4 (17.3%),170.0 - 176.8 (14.6%)
2019-12-27,206.69039339627366,206.9479213944063,204.63012406911534,206.1258087158203,10284200,13238225,-22.31,199.74,192.1,189.64,174.43,66.72,203.0 - 204.4 (31.1%),196.0 - 198.8 (15.8%),182.9 - 188.8 (16.9%),170.0 - 176.8 (14.5%)
2019-12-30,205.8880775059903,205.9276913844222,201.96563852381547,202.47080993652344,10524300,13365180,-21.26,199.87,192.51,189.65,174.45,57.09,203.0 - 204.4 (31.3%),196.0 - 198.8 (15.8%),182.9 - 188.8 (17.1%),170.0 - 176.8 (14.6%)
2019-12-31,202.0646693128616,203.60986730700924,201.66847012452692,203.3028106689453,8953500,13237685,-32.36,200.15,192.92,189.69,174.48,58.55,203.0 - 204.4 (35.9%),196.0 - 198.8 (15.9%),182.9 - 188.8 (17.0%),171.6 - 178.2 (14.2%)
2020-01-02,204.78861723642365,207.79977090740383,204.31317510185477,207.7898712158203,12077100,13261775,-8.93,200.69,193.42,189.73,174.54,65.42,203.2 - 204.8 (36.4%),195.0 - 197.6 (16.5%),182.9 - 188.8 (17.1%),171.6 - 178.2 (14.2%)
2020-01-03,205.24422797698392,208.40395209907635,204.98668489565065,206.69036865234375,11188400,13398380,-16.49,201.18,193.93,189.77,174.59,62.68,204.0 - 205.2 (32.9%),195.0 - 197.6 (16.5%),182.9 - 188.8 (17.2%),171.6 - 178.2 (14.2%)
2020-01-06,204.73906277759764,210.76138447549258,204.56077766733944,210.58309936523438,17058900,13764305,23.94,201.84,194.47,189.84,174.66,67.82,203.0 - 204.4 (41.0%),194.3 - 197.2 (15.8%),182.4 - 188.1 (16.8%),173.6 - 179.8 (13.7%)
2020-01-07,210.8010285680541,212.544326376281,209.74117217881417,211.0387420654297,14912400,13896395,7.31,202.43,195.01,189.93,174.74,68.37,204.0 - 205.0 (31.6%),194.4 - 197.1 (15.7%),182.4 - 188.1 (16.7%),173.6 - 179.8 (13.7%)
2020-01-08,210.9793277511585,214.18859620589004,210.5930281781473,213.1782684326172,13475000,13972405,-3.56,203.12,195.52,190.05,174.82,70.88,203.5 - 204.6 (33.4%),194.3 - 197.2 (15.6%),187.0 - 192.5 (15.9%),173.6 - 179.8 (13.7%)
2020-01-09,215.47623471940113,216.3082772934537,214.22819352937026,216.22903442382812,12642800,14130760,-10.53,203.98,196.1,190.22,174.91,74.05,203.0 - 204.4 (33.3%),195.0 - 198.0 (19.2%),182.4 - 188.1 (16.8%),173.6 - 179.8 (13.7%)
2020-01-10,217.12048691546153,217.794043739895,215.35737465701968,215.99130249023438,12119400,14334890,-15.46,204.77,196.58,190.35,175.0,73.38,210.0 - 211.4 (21.0%),195.0 - 198.0 (19.3%),182.4 - 188.1 (16.9%),173.6 - 179.8 (13.7%)
2020-01-13,217.516680970494,219.86419216119907,217.1303814693143,219.8047637939453,14463400,13871320,4.27,206.01,197.12,190.51,175.09,76.97,205.7 - 207.4 (20.1%),194.7 - 198.0 (21.9%),182.9 - 188.8 (17.4%),169.0 - 175.5 (13.9%)
2020-01-14,219.5076385536006,220.27033797627362,216.55591334602727,216.98182678222656,13288900,13595865,-2.26,207.25,197.59,190.63,175.17,69.49,215.9 - 217.6 (23.7%),194.7 - 198.0 (22.0%),182.9 - 188.8 (17.4%),169.0 - 175.5 (13.9%)
2020-01-15,218.51714666308803,219.57698806847748,218.05160418816817,219.05201721191406,10036500,13352115,-24.83,208.4,198.17,190.79,175.26,71.67,215.9 - 217.6 (22.3%),194.7 - 198.0 (22.0%),182.9 - 188.8 (17.4%),169.0 - 175.5 (13.9%)
2020-01-16,220.458520726566,220.51794909777288,218.2991941838506,219.66610717773438,10015300,13344095,-24.95,209.56,198.7,190.98,175.36,72.3,215.9 - 217.6 (22.2%),194.7 - 198.0 (22.0%),182.9 - 188.8 (17.5%),169.0 - 175.5 (13.9%)
2020-01-17,219.92365097250166,220.18117897092762,218.43788112936136,220.03260803222656,15905900,12975670,22.58,210.53,199.36,191.19,175.45,72.69,219.6 - 221.4 (22.9%),194.7 - 198.0 (22.0%),182.9 - 188.8 (17.5%),169.0 - 175.5 (13.9%)
2020-01-21,220.0524193808545,220.26041869206054,217.0412507446405,219.33924865722656,14275800,12863730,10.98,211.29,199.94,191.39,175.53,70.66,215.8 - 217.1 (22.2%),195.0 - 198.0 (19.5%),182.9 - 188.8 (17.6%),169.0 - 175.5 (13.9%)
2020-01-22,220.20099638570625,220.63682463038185,219.18076895568498,219.22039794921875,12212800,12109025,0.86,212.04,200.52,191.62,175.61,70.29,218.4 - 219.7 (25.3%),195.0 - 198.0 (19.5%),182.9 - 188.8 (17.6%),169.0 - 175.5 (13.9%)
2020-01-23,218.65576905972154,219.3887542022638,217.1898138886676,217.67515563964844,11195000,12001330,-6.72,212.71,201.04,191.84,175.69,65.58,218.4 - 219.7 (25.5%),196.0 - 198.8 (16.1%),182.9 - 188.8 (17.6%),169.0 - 175.5 (13.9%)
2020-01-24,218.70533563135803,219.6760344155355,214.05982592174445,215.87246704101562,11905800,12294305,-3.16,213.34,201.52,192.08,175.76,60.49,219.6 - 220.5 (22.0%),196.0 - 198.8 (16.0%),182.9 - 188.8 (17.7%),169.0 - 175.5 (13.9%)
2020-01-27,211.07839107954393,214.0103019948519,210.484077051667,212.8315887451172,13810700,12517305,10.33,213.69,201.94,192.35,175.84,53.0,219.6 - 220.5 (22.4%),196.0 - 198.8 (16.0%),182.9 - 188.8 (17.8%),169.0 - 175.5 (13.9%)
2020-01-28,214.08955125756233,216.66489196978796,211.49441116077497,215.72389221191406,13413800,12673785,5.84,214.17,202.43,192.63,175.92,58.29,215.6 - 216.3 (28.0%),196.0 - 198.8 (16.0%),182.9 - 188.8 (17.7%),169.0 - 175.5 (13.9%)
2020-01-29,219.33924692122235,222.07305793080403,216.37760699198483,221.1122589111328,33181300,13806635,140.33,215.11,202.95,192.94,176.02,65.97,219.2 - 220.0 (25.7%),196.0 - 198.8 (15.9%),186.0 - 192.0 (19.2%),169.0 - 175.5 (13.9%)
2020-01-30,204.57068159128804,209.42419002648705,202.8075693767688,207.54222106933594,48775500,15797735,208.75,215.32,203.21,193.1,176.08,44.0,219.8 - 221.2 (27.1%),196.0 - 198.8 (15.8%),187.0 - 192.5 (16.2%),169.0 - 175.5 (13.9%)
2020-01-31,206.45267297180553,206.71021609418884,199.1525950310106,199.99453735351562,31359900,16761875,87.09,214.93,203.33,193.22,176.12,36.68,218.4 - 220.5 (30.3%),196.0 - 198.8 (15.6%),187.2 - 192.0 (14.0%),169.0 - 175.5 (13.8%)
2020-02-03,201.50999904351116,203.19386838731398,200.578914257847,202.2528839111328,15495600,16977235,-8.73,214.71,203.49,193.37,176.17,39.9,218.4 - 220.5 (24.5%),196.0 - 198.8 (15.7%),187.2 - 192.0 (14.3%),169.0 - 175.5 (13.9%)
2020-02-04,204.65980192236208,208.60205475054917,203.25327520251756,207.83935546875,19628900,17105735,14.75,214.57,203.79,193.55,176.22,47.07,205.8 - 207.9 (26.2%),196.0 - 198.8 (15.5%),187.2 - 192.0 (14.3%),169.0 - 175.5 (13.9%)
2020-02-05,210.49395537848,210.71186949231432,206.7300172974115,208.11672973632812,12538200,16987025,-26.19,214.42,204.12,193.8,176.27,47.41,205.8 - 207.9 (25.9%),196.0 - 198.8 (15.5%),187.2 - 192.0 (14.3%),169.0 - 175.5 (13.9%)
2020-02-06,208.4733315618601,209.18650233364713,207.35404671729898,208.8497314453125,10567500,16841650,-37.25,214.21,204.45,194.03,176.33,48.34,205.8 - 207.9 (25.9%),196.0 - 198.8 (15.5%),187.2 - 192.0 (14.3%),169.0 - 175.5 (13.9%)
2020-02-07,208.30491808762824,210.80101545300136,207.9384179452559,210.31565856933594,12242500,16821635,-27.22,213.91,204.82,194.27,176.39,50.24,205.8 - 207.9 (26.2%),196.0 - 198.8 (15.5%),187.2 - 192.0 (14.3%),169.0 - 175.5 (13.9%)
2020-02-10,209.5133583724852,211.77172728174605,208.661516407481,211.0387420654297,11856400,16808485,-29.46,213.66,205.13,194.49,176.45,51.19,205.8 - 207.9 (25.1%),195.0 - 197.5 (15.6%),187.2 - 192.0 (14.4%),169.0 - 175.5 (14.0%)
2020-02-11,208.1959657818333,208.85960779256362,204.55086945411307,205.22442626953125,25030800,17336855,44.38,212.93,205.36,194.69,176.5,43.91,205.8 - 207.9 (24.2%),195.0 - 197.5 (15.5%),187.2 - 192.0 (14.3%),169.0 - 175.5 (14.0%)
2020-02-12,205.87819217041002,209.21621710173542,205.4324491012851,208.7605743408203,13813700,17363095,-20.44,212.52,205.65,194.91,176.55,48.69,205.8 - 207.9 (24.0%),195.0 - 197.5 (15.4%),187.2 - 192.0 (14.3%),169.0 - 175.5 (13.9%)
2020-02-13,207.53232804156045,212.29669407274417,207.19554206990543,211.11798095703125,15396600,17631100,-12.67,212.13,205.95,195.17,176.64,51.65,205.8 - 207.9 (23.7%),196.8 - 199.2 (13.4%),187.2 - 192.0 (14.3%),169.0 - 175.5 (13.9%)
2020-02-14,211.9698471841271,212.8910173026678,210.63264817730538,212.14813232421875,10741700,17667420,-39.2,211.75,206.23,195.47,176.73,52.93,205.8 - 207.9 (23.8%),196.8 - 199.2 (13.4%),187.2 - 192.0 (14.3%),169.0 - 175.5 (13.9%)
2020-02-18,211.52406884759571,215.91203448728334,211.37548281886998,215.73374938964844,15609200,17652585,-11.58,211.54,206.53,195.78,176.83,57.17,205.8 - 207.9 (24.8%),206.4 - 208.8 (13.6%),187.2 - 192.0 (14.4%),169.0 - 175.5 (14.0%)
2020-02-19,215.92196861481477,216.24883977042865,214.05979904248056,215.4267120361328,12135100,17545550,-30.84,211.34,206.86,196.07,176.94,56.7,206.4 - 208.0 (26.8%),206.4 - 208.8 (13.6%),187.2 - 192.0 (14.3%),169.0 - 175.5 (14.0%)
2020-02-20,214.46594022793008,216.69459511427314,210.9298005535298,212.54434204101562,13109200,17590370,-25.48,211.01,207.14,196.35,177.05,52.34,209.6 - 211.2 (18.0%),206.4 - 208.8 (13.6%),187.2 - 192.0 (14.3%),169.0 - 175.5 (13.9%)
2020-02-21,211.45474689255207,212.20754657328285,206.84886670653248,208.18605041503906,14092300,17735235,-20.54,210.53,207.32,196.55,177.16,46.51,208.0 - 209.3 (25.2%),206.4 - 208.8 (15.1%),187.2 - 192.0 (14.3%),169.0 - 175.5 (13.9%)
2020-02-24,199.88556722929997,201.71800758497398,196.28999946877815,198.81581115722656,23080100,18293950,26.16,209.68,207.34,196.67,177.26,36.98,207.4 - 209.1 (33.7%),206.4 - 208.8 (15.0%),187.2 - 192.0 (14.3%),169.0 - 175.5 (14.0%)
2020-02-25,200.33128230434153,201.56942372773054,194.09104650765474,194.9032745361328,21433500,18675090,14.77,208.78,207.3,196.79,177.35,33.86,207.9 - 210.0 (24.1%),206.4 - 208.8 (14.8%),187.2 - 192.0 (14.3%),169.0 - 175.5 (14.0%)
2020-02-26,195.31927816661997,199.30114501079282,193.63540894046696,195.3291778564453,16524500,18830625,-12.25,207.76,207.22,196.87,177.42,34.51,210.0 - 212.1 (18.3%),206.4 - 208.8 (14.8%),187.2 - 192.0 (14.3%),169.0 - 175.5 (13.9%)
2020-02-27,190.0002598293096,194.0217412263744,187.70226182296813,187.94989013671875,21682600,18255690,18.77,206.1,207.03,196.87,177.49,29.18,210.0 - 212.8 (27.9%),207.2 - 210.0 (14.3%),187.2 - 192.0 (14.8%),169.0 - 175.5 (13.9%)
2020-02-28,180.96674097503623,190.91150099739545,180.0950997215529,190.64405822753906,32568900,17445360,86.69,205.26,206.91,196.91,177.57,33.23,210.0 - 212.8 (20.7%),207.2 - 210.0 (14.0%),187.2 - 192.0 (15.6%),169.0 - 175.5 (13.9%)
2020-03-02,192.18926049743837,194.70517229961789,187.05840976299632,194.57640075683594,24949000,17124815,45.69,204.99,206.87,196.97,177.66,38.75,193.2 - 196.0 (24.2%),207.2 - 210.0 (13.8%),187.2 - 192.0 (15.5%),169.0 - 175.5 (13.9%)
2020-03-03,194.35848226968093,195.36880986661697,182.22469675856158,184.12648010253906,27984100,17749240,57.66,204.08,206.66,196.97,177.71,31.34,192.0 - 195.2 (17.6%),198.4 - 201.5 (12.3%),187.2 - 192.0 (15.4%),169.0 - 175.5 (13.9%)
2020-03-04,187.3753855241149,190.01015433792102,184.621759959441,189.94081115722656,23062500,17920920,28.69,203.19,206.53,196.99,177.78,38.4,188.8 - 192.0 (20.4%),198.4 - 201.5 (12.1%),187.2 - 192.0 (16.0%),169.0 - 175.5 (13.9%)
2020-03-05,185.00804156624832,187.19708223791014,182.14545921963264,183.41331481933594,19333400,18260680,5.87,201.95,206.27,196.98,177.84,34.15,188.8 - 192.0 (20.1%),198.4 - 201.5 (12.0%),187.2 - 192.0 (16.0%),169.0 - 175.5 (13.9%)
2020-03-06,176.6382286815227,182.0365228405124,174.58785901094882,179.37203979492188,24559600,18960285,29.53,200.48,205.94,196.93,177.87,31.81,187.2 - 190.8 (26.6%),206.5 - 210.0 (14.2%),187.2 - 192.0 (16.0%),169.0 - 175.5 (13.9%)
2020-03-09,167.9910251274705,173.3397897365874,163.62285879874125,167.8919677734375,29949000,19845610,50.91,198.36,205.42,196.79,177.88,26.29,187.2 - 192.0 (24.2%),206.8 - 211.2 (19.8%),187.2 - 192.0 (16.0%),169.0 - 175.5 (13.9%)
2020-03-10,173.01293168440577,176.59858448381823,167.891980465599,176.49954223632812,24517800,20478680,19.72,196.63,205.02,196.71,177.91,35.35,187.2 - 192.0 (23.5%),206.8 - 211.2 (19.5%),187.2 - 192.0 (15.9%),169.0 - 175.5 (13.9%)
2020-03-11,172.359162101685,174.21143169366016,166.06941360504075,168.62493896484375,20373900,20245835,0.63,194.8,204.58,196.56,177.92,31.53,193.5 - 198.0 (18.7%),206.8 - 211.2 (19.3%),187.2 - 192.0 (15.9%),169.0 - 175.5 (13.8%)
2020-03-12,158.02647178096905,165.01950777952575,152.87580608218877,153.00457763671875,43266300,21718465,99.21,192.01,203.93,196.26,177.9,25.62,187.0 - 192.5 (21.0%),205.2 - 210.9 (20.2%),187.2 - 192.4 (17.0%),169.0 - 175.5 (13.8%)
2020-03-13,161.97864671232873,169.16976818321757,156.10490980896446,168.66461181640625,35028600,22700065,54.31,189.89,203.47,196.1,177.9,38.14,165.6 - 170.2 (22.0%),205.2 - 210.9 (19.9%),187.2 - 192.4 (16.9%),169.0 - 175.5 (13.8%)
2020-03-16,150.8749515320923,157.62034282792854,141.74242021374437,144.6248016357422,39120400,24119000,62.2,186.51,202.61,195.76,177.86,29.84,193.8 - 198.9 (15.6%),204.8 - 211.2 (23.3%),182.9 - 188.8 (19.1%),169.0 - 175.5 (13.8%)
2020-03-17,149.30997192012035,152.47961127978044,138.67185423291497,148.0024871826172,34255600,25051320,36.74,183.13,201.73,195.5,177.82,32.07,188.7 - 193.8 (13.3%),204.8 - 211.2 (22.8%),182.9 - 188.8 (19.0%),169.0 - 175.5 (13.8%)
2020-03-18,138.4242341092272,146.77425399968456,135.79937990160664,145.5658416748047,37553100,26322220,42.67,179.63,200.76,195.21,177.78,31.3,165.0 - 170.0 (19.5%),204.8 - 211.2 (22.5%),182.9 - 188.8 (19.0%),169.0 - 175.5 (13.7%)
2020-03-19,145.22905584472105,158.4127855071395,143.42632949013358,151.67730712890625,39862300,27659875,44.12,176.59,199.88,194.98,177.75,35.51,165.0 - 170.0 (18.7%),204.8 - 211.2 (22.0%),182.9 - 188.8 (18.9%),169.0 - 175.5 (13.7%)
2020-03-20,154.53987639561885,157.75904435185518,146.59595616091588,148.30953979492188,32568400,28583680,13.94,173.6,198.95,194.76,177.73,34.26,145.0 - 150.0 (22.9%),204.8 - 211.2 (21.9%),182.9 - 188.8 (18.8%),169.0 - 175.5 (13.7%)
2020-03-23,148.24019004010125,150.86504363630232,140.90048454638125,146.6949920654297,29830800,28921215,3.15,170.99,198.0,194.51,177.71,33.65,144.0 - 148.5 (37.6%),204.8 - 211.2 (21.6%),182.9 - 188.8 (18.8%),169.0 - 175.5 (13.7%)
2020-03-24,153.73755450355938,159.7796757225296,151.1226003607916,159.4528045654297,30440400,29371560,3.64,169.22,197.23,194.39,177.68,42.38,144.0 - 148.5 (37.4%),204.8 - 211.2 (21.2%),182.9 - 188.8 (18.7%),169.0 - 175.5 (13.7%)
2020-03-25,157.41238646655825,161.44378322733948,151.60797738400655,154.7281036376953,35184300,30304550,16.1,167.19,196.37,194.24,177.65,40.27,144.3 - 148.2 (29.6%),204.8 - 211.2 (20.6%),182.9 - 188.8 (18.6%),169.0 - 175.5 (13.7%)
2020-03-26,156.74871203168718,162.44416286380218,155.53038504213757,161.79042053222656,26556800,30548260,-13.07,165.88,195.7,194.1,177.63,44.71,143.5 - 147.0 (22.0%),204.8 - 211.2 (19.6%),182.9 - 188.8 (18.6%),169.0 - 175.5 (13.6%)
2020-03-27,156.6991630525611,158.57123213120119,153.2818960187298,155.3025360107422,24879900,30163810,-17.52,164.11,194.9,193.91,177.59,41.65,144.0 - 147.2 (22.0%),204.8 - 211.2 (18.6%),182.9 - 188.8 (18.5%),169.0 - 175.5 (13.6%)
2020-03-30,157.6699070652535,165.16810034463074,156.56053695490195,164.3756866455078,22515200,30042120,-25.05,162.6,194.17,193.79,177.57,47.1,144.0 - 147.2 (22.4%),204.8 - 211.2 (18.4%),182.9 - 188.8 (18.5%),169.0 - 175.5 (13.7%)
2020-03-31,163.91010576765518,169.30839921268645,162.64225019167088,165.21759033203125,23676300,29826730,-20.62,161.66,193.48,193.7,177.56,47.59,146.4 - 148.8 (20.3%),204.8 - 211.2 (18.2%),182.9 - 188.8 (18.4%),162.5 - 169.0 (13.7%)
2020-04-01,160.08673269112347,162.59272978632507,156.5406937511629,158.08590698242188,19507600,29648985,-34.2,160.06,192.61,193.54,177.52,43.88,146.4 - 148.8 (20.4%),204.8 - 211.2 (17.9%),182.9 - 188.8 (18.4%),162.5 - 169.0 (13.7%)
2020-04-02,157.59062522312826,159.81927948553815,154.44078600629388,156.6892547607422,20886300,29726630,-29.74,158.73,191.7,193.36,177.48,43.18,146.4 - 148.8 (21.4%),204.8 - 211.2 (16.9%),182.9 - 188.8 (18.4%),162.5 - 169.0 (13.7%)
2020-04-03,155.65915659638014,156.41195636549833,149.39912049832841,152.7173309326172,25983300,29797815,-12.8,157.4,190.69,193.11,177.43,41.14,144.9 - 147.0 (15.2%),204.8 - 211.2 (15.9%),182.9 - 188.8 (18.4%),162.5 - 169.0 (13.7%)
2020-04-06,158.63068137411273,164.62328919797648,157.00624034665182,163.97946166992188,28453600,29723045,-4.27,157.2,189.82,192.96,177.4,48.55,148.0 - 150.0 (15.5%),204.8 - 211.2 (14.5%),182.9 - 188.8 (18.4%),162.5 - 169.0 (13.9%)
2020-04-07,170.16025842869152,171.74508561713102,164.43509325935295,167.2283477783203,31411900,30067750,4.47,156.74,189.01,192.8,177.36,50.48,145.2 - 147.4 (15.7%),204.8 - 211.2 (13.3%),182.9 - 188.8 (18.2%),162.5 - 169.0 (14.0%)
2020-04-08,169.62537901823683,173.3398033763004,166.14868326014061,172.6266326904297,21664200,30132265,-28.1,156.94,188.22,192.67,177.33,53.6,163.8 - 166.4 (18.1%),204.8 - 211.2 (13.2%),182.9 - 188.8 (18.2%),162.5 - 169.0 (14.0%)
2020-04-09,174.23125574534905,175.40006911296433,169.9423471380508,173.5279998779297,23534300,29145665,-19.25,157.96,187.5,192.55,177.31,54.13,145.8 - 148.5 (15.7%),204.8 - 211.2 (13.1%),182.9 - 188.8 (18.2%),162.5 - 169.0 (14.0%)
2020-04-13,172.02240508731546,173.33978929967662,167.84243867336656,173.13177490234375,19355400,28362005,-31.76,158.19,186.73,192.45,177.29,53.84,163.8 - 165.9 (21.1%),204.8 - 211.2 (13.2%),182.9 - 188.8 (18.2%),162.5 - 169.0 (14.0%)
2020-04-14,177.28206493593865,179.5107198450218,174.9444529600723,176.47975158691406,21011800,27456575,-23.47,159.78,186.01,192.36,177.28,55.96,163.2 - 165.6 (21.7%),204.8 - 211.2 (13.1%),182.9 - 188.8 (18.1%),162.5 - 169.0 (14.0%)
2020-04-15,173.5279950420858,176.4995343872055,171.18048379593102,175.29110717773438,17423000,26614945,-34.54,161.14,185.27,192.31,177.27,54.99,163.2 - 165.6 (22.8%),204.8 - 211.2 (13.0%),182.9 - 188.8 (18.1%),169.0 - 175.5 (14.1%)
2020-04-16,176.26182662504232,176.36088399386284,170.873432224306,174.5779571533203,23593200,25916950,-8.97,162.59,184.52,192.23,177.25,54.39,163.2 - 165.6 (23.0%),204.8 - 211.2 (12.9%),182.9 - 188.8 (18.0%),169.0 - 175.5 (14.2%)
2020-04-17,177.49993705384384,178.56969297066794,174.9840405355198,177.53956604003906,20974800,24972575,-16.01,163.89,183.83,192.17,177.24,56.53,172.5 - 175.0 (27.5%),204.8 - 211.2 (12.9%),182.9 - 188.8 (18.0%),169.0 - 175.5 (14.2%)
2020-04-20,175.72692933588345,178.78761112895089,175.0930015685747,176.54905700683594,16110700,24149690,-33.29,165.3,183.14,192.09,177.23,55.59,172.5 - 175.0 (28.1%),204.8 - 211.2 (12.7%),182.9 - 188.8 (18.0%),169.0 - 175.5 (14.2%)
2020-04-21,173.58742202763395,173.71619356805294,166.74297282987604,169.1796417236328,24850500,23900675,3.97,166.42,182.36,191.94,177.2,49.05,172.5 - 175.0 (28.0%),204.8 - 211.2 (12.6%),182.9 - 188.8 (17.9%),169.0 - 175.5 (14.4%)
2020-04-22,176.75708323991356,183.02703381259448,176.45002655621735,180.55075073242188,33242000,24040755,38.27,167.48,181.83,191.88,177.19,57.38,170.8 - 173.6 (19.7%),204.8 - 211.2 (12.4%),182.9 - 188.8 (17.8%),169.0 - 175.5 (14.3%)
2020-04-23,182.333676352203,185.2755018408747,181.41249119324937,183.37371826171875,21426600,23352870,-8.25,168.91,181.29,191.86,177.19,59.16,173.6 - 176.7 (23.7%),204.8 - 211.2 (12.4%),182.9 - 188.8 (18.3%),169.0 - 175.5 (14.3%)
2020-04-24,181.4917241255104,188.60361655396258,179.11449856026314,188.266845703125,28792000,23464630,22.7,170.23,180.74,191.84,177.2,62.12,175.2 - 177.6 (22.8%),204.8 - 211.2 (12.2%),182.9 - 188.8 (19.0%),169.0 - 175.5 (14.3%)
2020-04-27,190.83227357853949,191.91192932128905,185.6320793646723,185.72122192382812,29197800,23680525,23.3,171.76,180.38,191.79,177.2,59.7,172.2 - 174.3 (19.4%),204.8 - 211.2 (12.1%),182.9 - 188.8 (19.9%),169.0 - 175.5 (14.3%)
2020-04-28,186.87022510546225,187.40509558662583,180.82808850214573,181.17477416992188,21731000,23641315,-8.08,172.6,180.06,191.7,177.18,55.53,172.9 - 174.8 (20.6%),204.8 - 211.2 (12.0%),182.9 - 188.8 (19.8%),169.0 - 175.5 (14.3%)
2020-04-29,189.11869531996754,195.04197567987353,188.19752521444337,192.3477783203125,45954500,24755225,85.64,173.95,179.9,191.69,177.18,62.46,172.5 - 174.8 (19.1%),147.5 - 153.4 (11.4%),182.9 - 188.8 (19.7%),169.0 - 175.5 (14.3%)
2020-04-30,204.95698525723031,207.70071099595617,199.6577488161317,202.76795959472656,46230100,26091350,77.19,176.19,179.81,191.8,177.21,67.55,173.4 - 176.8 (21.1%),147.5 - 153.4 (11.4%),182.9 - 188.8 (19.5%),169.0 - 175.5 (14.2%)
2020-05-01,199.6874627207839,205.31357031681745,197.16165109419939,200.35110473632812,30415600,26567815,14.48,178.37,179.68,191.9,177.22,65.34,173.4 - 176.8 (19.5%),147.5 - 153.4 (11.4%),182.9 - 188.8 (19.5%),169.0 - 175.5 (14.2%)
2020-05-04,198.3007346340291,203.9565715140758,196.874393243627,203.31272888183594,19250700,26231185,-26.61,180.9,179.59,192.02,177.25,66.77,173.4 - 176.8 (19.5%),147.5 - 153.4 (11.4%),182.9 - 188.8 (19.5%),169.0 - 175.5 (14.3%)
2020-05-05,205.05604687872122,208.3841718350032,204.54097578283546,205.10557556152344,21071200,25862065,-18.52,182.96,179.5,192.16,177.29,67.64,201.6 - 205.2 (21.6%),147.5 - 153.4 (11.4%),182.9 - 188.8 (19.4%),169.0 - 175.5 (14.3%)
2020-05-06,206.14557816899477,209.59257458280462,204.6994375304684,206.4922637939453,21857000,25384320,-13.9,184.92,179.43,192.28,177.33,68.34,199.8 - 203.5 (23.7%),147.5 - 153.4 (11.3%),182.9 - 188.8 (19.4%),169.0 - 175.5 (14.3%)
2020-05-07,209.15675609529208,209.592584290606,207.0568579827823,209.25579833984375,15152000,25058710,-39.53,186.75,179.5,192.43,177.37,69.73,200.0 - 204.0 (24.2%),147.5 - 153.4 (11.3%),182.9 - 188.8 (19.0%),169.0 - 175.5 (14.3%)
2020-05-08,210.2265226820095,211.18732167535615,208.84970996690936,210.33547973632812,12506000,24507295,-48.97,188.59,179.52,192.59,177.41,70.28,180.4 - 184.5 (19.7%),147.5 - 153.4 (11.3%),182.9 - 188.8 (18.7%),169.0 - 175.5 (14.3%)
2020-05-11,208.88933933289755,212.96034940752835,208.37426820937807,211.15760803222656,12911900,24185120,-46.61,190.49,179.52,192.74,177.46,70.71,201.6 - 205.8 (22.5%),147.5 - 153.4 (11.3%),182.9 - 188.8 (18.2%),169.0 - 175.5 (14.3%)
2020-05-12,211.26655115521567,213.23767783979812,208.00776941784343,208.10682678222656,14704600,23869760,-38.4,192.07,179.46,192.84,177.48,66.8,201.5 - 204.6 (17.5%),147.5 - 153.4 (11.4%),182.9 - 188.8 (18.1%),169.0 - 175.5 (14.3%)
2020-05-13,207.44314411438293,208.78034279881604,200.19259633207062,203.15423583984375,20684600,24032840,-13.93,193.47,179.25,192.89,177.5,60.9,201.0 - 204.0 (23.8%),147.5 - 153.4 (11.3%),182.9 - 188.8 (18.1%),169.0 - 175.5 (14.3%)
2020-05-14,200.63835651192048,204.96689447028015,198.78610161697614,204.84803771972656,17178900,23712125,-27.55,194.98,179.07,192.97,177.52,62.13,201.0 - 204.0 (24.1%),147.5 - 153.4 (11.3%),182.9 - 188.8 (18.1%),169.0 - 175.5 (14.3%)
2020-05-15,203.32266033567623,209.3350679416188,202.1835610226065,208.8794403076172,19383200,23632545,-17.98,196.55,179.01,193.07,177.55,64.96,201.0 - 204.0 (24.7%),147.5 - 153.4 (11.2%),182.9 - 188.8 (17.7%),169.0 - 175.5 (14.3%)
2020-05-18,210.1373384284004,212.60372137470821,208.93882609652974,211.16748046875,20151900,23834605,-15.45,198.28,179.06,193.19,177.57,66.49,201.0 - 204.0 (25.4%),147.5 - 153.4 (11.1%),182.9 - 188.8 (17.2%),169.0 - 175.5 (14.3%)
2020-05-19,211.24678648349868,218.39829408290757,210.81095819105292,214.82254028320312,31843200,24184240,31.67,200.56,179.32,193.33,177.6,68.83,202.4 - 204.6 (24.7%),147.5 - 153.4 (11.0%),182.9 - 188.8 (17.1%),169.0 - 175.5 (14.3%)
2020-05-20,221.37970823247397,229.1453283748717,221.07265154757792,227.788330078125,50162900,25030285,100.41,202.92,179.87,193.59,177.66,75.4,202.5 - 205.2 (35.2%),172.5 - 179.4 (13.0%),185.6 - 192.0 (17.4%),168.0 - 175.0 (15.5%)
2020-05-21,232.4932346354918,234.9497028767117,229.00662431264297,229.19482421875,47782600,26348085,81.35,205.21,180.44,193.83,177.73,75.99,208.8 - 211.7 (22.6%),175.0 - 182.0 (10.7%),182.0 - 188.5 (17.4%),170.4 - 177.5 (15.5%)
2020-05-22,229.3137035988991,233.7512135803886,226.5699929396403,232.68145751953125,33925600,26604765,27.52,207.43,181.18,194.11,177.81,77.43,204.0 - 207.0 (16.8%),146.0 - 153.3 (12.1%),183.6 - 190.4 (17.8%),167.9 - 175.2 (15.5%)
2020-05-26,237.49535403901567,238.61462367673442,229.4721910787038,229.99716186523438,33178300,26803790,23.78,209.65,181.84,194.37,177.88,73.75,228.0 - 231.0 (23.0%),146.0 - 153.3 (12.2%),183.6 - 190.4 (17.8%),167.9 - 175.2 (15.5%)
2020-05-27,226.89687371515933,228.3727287605006,219.03219622075505,226.96620178222656,34697600,27452120,26.39,211.94,182.38,194.62,177.95,69.72,225.0 - 228.0 (23.3%),146.0 - 153.3 (12.1%),183.6 - 190.4 (17.6%),167.9 - 175.2 (15.5%)
2020-05-28,222.17212223275237,229.43258607857584,221.8749652386441,223.3211212158203,29377200,26623255,10.34,213.49,183.03,194.84,178.02,65.11,225.0 - 228.0 (22.4%),146.0 - 153.3 (12.0%),183.6 - 190.4 (17.6%),167.9 - 175.2 (15.5%)
2020-05-29,223.0635621554556,225.33184577143678,220.76557946762244,222.95460510253906,23241500,25473825,-8.76,214.49,183.58,195.06,178.07,64.64,225.0 - 228.0 (21.8%),146.0 - 153.3 (12.1%),183.6 - 190.4 (17.5%),167.9 - 175.2 (15.4%)
2020-06-01,222.45933665290062,230.23487064365784,221.37968098597398,229.70989990234375,18223800,24864235,-26.71,215.96,184.35,195.31,178.15,69.02,228.0 - 231.0 (25.1%),226.3 - 233.6 (12.9%),183.6 - 190.4 (17.6%),167.9 - 175.2 (15.5%)
2020-06-02,228.74912522802344,230.78958004104243,224.41067249204914,230.51223754882812,20919000,24947650,-16.15,217.32,185.21,195.57,178.22,69.5,228.0 - 231.0 (30.0%),226.3 - 233.6 (14.2%),183.6 - 190.4 (17.5%),167.9 - 175.2 (15.5%)
2020-06-03,229.90802978639826,230.44290028825608,226.36199055738982,227.97653198242188,15380300,24663105,-37.64,218.47,186.21,195.81,178.28,66.0,226.8 - 229.6 (37.4%),226.3 - 233.6 (15.1%),183.6 - 190.4 (17.6%),167.9 - 175.2 (15.4%)
2020-06-04,227.38220129782212,229.43257081816213,222.4791641202689,224.14321899414062,17041500,24422330,-30.22,219.35,187.0,196.01,178.32,61.0,225.6 - 228.0 (25.4%),226.3 - 233.6 (15.2%),183.6 - 190.4 (17.7%),167.9 - 175.2 (15.4%)
2020-06-05,224.5592530992839,229.15523371974078,223.1725255577989,228.5807342529297,16750400,24502250,-31.64,220.31,188.0,196.29,178.38,64.37,228.8 - 231.0 (30.6%),226.3 - 233.6 (16.2%),183.6 - 190.4 (17.8%),167.9 - 175.2 (15.4%)
2020-06-08,226.85726125062845,229.3533590135301,225.2526345314942,229.20477294921875,15466500,24650275,-37.26,221.26,189.27,196.6,178.44,64.83,226.8 - 228.6 (30.2%),226.3 - 233.6 (17.3%),183.6 - 190.4 (17.8%),167.9 - 175.2 (15.4%)
2020-06-09,229.32361384245348,237.49534751248987,228.22414361683278,236.40577697753906,27462900,25377825,8.22,222.52,190.4,196.94,178.51,69.68,228.8 - 230.1 (29.9%),144.4 - 152.0 (12.9%),184.6 - 191.7 (17.6%),167.2 - 174.8 (17.0%)
2020-06-10,238.6740426621538,238.9216709365686,233.04792040815323,234.48416137695312,20720700,25678630,-19.31,223.84,191.9,197.25,178.57,67.02,228.8 - 230.1 (32.4%),144.4 - 152.0 (12.9%),184.6 - 191.7 (17.5%),167.2 - 174.8 (17.0%)
2020-06-11,227.75859463768327,230.68060538824116,221.4292162551948,222.3008575439453,26708200,25979810,2.8,224.8,193.14,197.43,178.6,53.16,229.6 - 231.0 (21.7%),144.4 - 152.0 (13.0%),184.6 - 191.7 (17.5%),167.2 - 174.8 (17.0%)
2020-06-12,227.71896853012632,229.46228135775317,222.37020353307253,226.4114990234375,22091400,26225435,-15.76,225.88,194.48,197.62,178.64,56.44,229.6 - 231.0 (22.5%),220.4 - 228.0 (13.4%),184.6 - 191.7 (17.5%),167.2 - 174.8 (17.0%)
2020-06-15,222.9546053223552,231.5522674785266,222.66736315385467,230.2943115234375,15340300,26023290,-41.05,226.95,195.79,197.84,178.69,59.33,229.6 - 231.0 (26.0%),228.0 - 235.6 (13.9%),184.6 - 191.7 (17.5%),167.2 - 174.8 (17.1%)
2020-06-16,234.8902834595126,236.19776804816235,230.78955969861352,233.41441345214844,15236700,25777530,-40.89,228.06,197.21,198.08,178.74,61.54,229.6 - 231.0 (17.1%),228.0 - 235.6 (15.0%),184.6 - 191.7 (17.5%),167.2 - 174.8 (17.1%)
2020-06-17,232.77060720431487,235.33603282230533,229.53162473596834,233.2955780029297,19578100,25164275,-22.2,228.98,198.66,198.33,178.8,61.4,229.6 - 231.0 (17.9%),225.0 - 232.5 (18.5%),184.6 - 191.7 (16.9%),167.2 - 174.8 (17.0%)
2020-06-18,232.76070614114246,233.89979029428315,229.94763712016479,233.70169067382812,15782500,23445255,-32.68,229.28,199.89,198.56,178.85,61.71,229.6 - 231.0 (18.8%),225.0 - 232.5 (18.8%),184.6 - 191.7 (16.1%),167.2 - 174.8 (17.0%)
2020-06-19,235.53411453869936,238.54528296897328,233.31537476274084,236.52462768554688,30081300,22560190,33.34,229.64,201.26,198.82,178.9,63.91,235.2 - 236.6 (19.4%),225.0 - 232.5 (18.8%),184.6 - 191.7 (15.6%),167.2 - 174.8 (17.0%)
2020-06-22,236.2968039877675,238.4165014285989,234.66246340959566,236.95054626464844,18917800,21809800,-13.26,229.86,202.51,199.1,178.94,64.24,235.5 - 237.0 (25.7%),224.0 - 231.0 (20.1%),184.6 - 191.7 (14.9%),167.2 - 174.8 (17.0%)
2020-06-23,238.99101052025244,242.86392054625162,237.58448366742545,239.94190979003906,24017900,21351780,12.49,230.35,203.92,199.41,179.08,66.57,235.8 - 237.6 (25.4%),226.3 - 233.6 (23.5%),182.5 - 189.8 (15.1%),171.6 - 179.4 (17.1%)
2020-06-24,238.91177354502253,240.9126143800484,230.47259710597137,231.79989624023438,20834900,20658645,0.85,230.6,205.04,199.61,179.2,55.89,235.8 - 237.6 (25.0%),226.3 - 233.6 (25.2%),182.5 - 189.8 (15.1%),171.6 - 179.4 (17.1%)
2020-06-25,232.39416564681687,235.04874846517487,230.5320114008355,233.44410705566406,18704300,20125000,-7.06,231.1,206.18,199.83,179.34,57.38,235.8 - 237.6 (24.9%),226.3 - 233.6 (26.5%),182.5 - 189.8 (14.7%),171.6 - 179.4 (17.1%)
2020-06-26,230.43296979114263,230.87869766877523,213.35651829772772,214.0300750732422,76343900,22780120,235.13,230.66,207.11,199.86,179.42,40.16,231.4 - 234.0 (24.5%),226.3 - 233.6 (25.7%),182.5 - 189.8 (14.2%),171.6 - 179.4 (17.0%)
2020-06-29,207.76015571516825,218.65580154528436,205.1452013205017,218.54684448242188,58514300,24794645,136.0,230.1,208.14,199.92,179.53,44.35,231.4 - 234.0 (22.0%),226.3 - 233.6 (25.1%),197.1 - 204.4 (14.0%),171.6 - 179.4 (17.0%)
2020-06-30,218.4973111262216,225.34176121511217,216.397427902158,224.9158477783203,33927100,25445050,33.33,229.82,209.35,200.02,179.63,49.69,231.4 - 234.0 (21.6%),226.3 - 233.6 (24.9%),197.1 - 204.4 (13.9%),171.6 - 179.4 (17.0%)
2020-07-01,226.33225494067122,236.73264302328414,225.4011701607447,235.29640197753906,43399700,26846020,61.66,230.18,210.54,200.18,179.75,56.94,231.4 - 234.0 (20.5%),226.3 - 233.6 (24.5%),197.1 - 204.4 (13.8%),171.6 - 179.4 (16.9%)
2020-07-02,236.73264695148129,237.72316011864228,230.4032684178837,231.20558166503906,30633600,27525625,11.29,230.54,211.6,200.31,179.85,53.66,231.4 - 234.0 (20.3%),226.3 - 233.6 (26.3%),197.1 - 204.4 (13.8%),171.6 - 179.4 (16.9%)
2020-07-06,231.54235343261277,238.1193602840796,230.066498480671,238.00050354003906,26206200,27998415,-6.4,231.01,212.69,200.46,179.97,57.99,231.4 - 234.0 (20.9%),225.7 - 231.8 (21.3%),197.1 - 204.4 (13.8%),171.6 - 179.4 (16.9%)
2020-07-07,237.13877107628963,245.30059024829933,236.5543719101447,238.57501220703125,27887800,28619480,-2.56,231.48,213.78,200.64,180.08,58.35,213.2 - 215.8 (17.2%),224.2 - 230.1 (18.0%),197.1 - 204.4 (13.7%),171.6 - 179.4 (16.9%)
2020-07-08,235.85110231819004,244.64686450723602,234.34551799888663,241.2692108154297,29791300,28735900,3.67,231.72,214.91,200.82,180.21,60.05,234.9 - 237.6 (20.3%),228.0 - 234.0 (20.0%),185.0 - 192.4 (14.1%),173.8 - 181.7 (16.8%)
2020-07-09,242.67572227431222,244.19120618796399,236.97037195903678,242.1804656982422,22174900,28808610,-23.03,232.1,216.01,201.01,180.34,60.64,235.2 - 238.0 (20.0%),225.7 - 231.8 (21.2%),180.0 - 187.5 (13.6%),168.0 - 176.0 (16.7%)
2020-07-10,241.37814321825448,243.16106984662514,237.04960574567934,242.74505615234375,22982700,28622335,-19.7,233.13,217.13,201.2,180.48,61.02,237.8 - 240.7 (17.2%),225.7 - 231.8 (20.9%),180.0 - 187.5 (13.5%),168.0 - 176.0 (16.7%)
2020-07-13,244.6666716824609,247.77688267325132,236.15816651872325,236.732666015625,24674900,28751510,-14.18,233.64,218.17,201.34,180.59,54.91,237.8 - 240.7 (17.0%),225.7 - 231.8 (20.9%),180.0 - 187.5 (13.6%),168.0 - 176.0 (16.7%)
2020-07-14,234.51387858820374,238.05001764723156,229.82875580772154,237.45570373535156,23378100,29153400,-19.81,234.0,219.16,201.5,180.72,55.49,234.9 - 237.8 (19.9%),225.7 - 231.8 (20.8%),180.0 - 187.5 (13.5%),168.0 - 176.0 (16.7%)
2020-07-15,239.2584594992504,242.49744180063882,235.7916634004404,238.00050354003906,19133600,29348245,-34.8,234.23,220.19,201.67,180.85,55.95,234.9 - 237.8 (20.0%),225.7 - 231.8 (20.8%),180.0 - 187.5 (13.5%),168.0 - 176.0 (16.7%)
2020-07-16,235.74216667337993,239.4664912604451,234.0880112671289,238.6443634033203,18880700,29313375,-35.59,234.5,221.35,201.86,180.99,56.51,237.8 - 240.7 (20.1%),225.7 - 231.8 (20.9%),180.0 - 187.5 (13.5%),168.0 - 176.0 (16.7%)
2020-07-17,238.71364423108324,241.8436690857127,235.60343386931413,239.73387145996094,18152400,29431870,-38.32,234.8,222.33,202.08,181.14,57.51,237.6 - 240.0 (27.6%),225.7 - 231.8 (20.9%),180.0 - 187.5 (13.4%),168.0 - 176.0 (16.6%)
2020-07-20,237.78259966850712,243.71577925976968,233.4045330775278,243.0917510986328,20872200,28971415,-27.96,235.13,223.33,202.31,181.29,60.53,237.6 - 239.4 (25.4%),229.4 - 235.6 (18.7%),182.4 - 190.0 (15.1%),168.0 - 176.0 (16.7%)
2020-07-21,243.88416883602522,244.56762538335238,237.80241820498753,239.45657348632812,19364200,28993735,-33.21,235.25,224.18,202.46,181.43,55.91,237.6 - 238.8 (26.5%),228.8 - 234.0 (18.7%),182.4 - 190.0 (15.0%),168.0 - 176.0 (16.7%)
2020-07-22,237.9807056871076,239.60514679673167,235.86100795730505,237.5944061279297,15427900,28564235,-45.99,235.14,225.05,202.71,181.57,53.65,237.6 - 238.8 (28.8%),228.8 - 234.0 (18.9%),182.4 - 190.0 (15.0%),168.0 - 176.0 (16.7%)
2020-07-23,237.35669374429577,240.12021904776984,229.55144453692725,230.3933868408203,21771800,28611080,-23.9,235.07,225.87,202.96,181.68,45.92,237.9 - 239.2 (29.6%),228.8 - 234.0 (20.3%),182.4 - 190.0 (15.0%),168.0 - 176.0 (16.7%)
2020-07-24,228.00624541096516,231.2749421297445,224.74744838354616,228.5213165283203,18325800,28592155,-35.91,234.82,226.47,203.18,181.79,44.14,238.5 - 240.0 (25.6%),228.8 - 234.0 (20.4%),182.4 - 190.0 (15.0%),168.0 - 176.0 (16.7%)
2020-07-27,229.26418038053794,232.72106160153086,228.64015225946258,231.28482055664062,13163100,25433115,-48.24,235.68,226.94,203.38,181.91,47.38,238.5 - 240.0 (26.7%),228.8 - 234.0 (21.4%),182.4 - 190.0 (15.2%),168.0 - 176.0 (16.3%)
2020-07-28,232.40411379268076,232.7309849579204,227.64964747451697,227.9368896484375,14170100,23215905,-38.96,236.15,227.4,203.54,182.02,44.05,237.0 - 238.5 (19.2%),226.8 - 231.0 (20.4%),182.4 - 190.0 (15.1%),168.0 - 176.0 (16.2%)
2020-07-29,228.9472154561437,231.48292677466168,228.12508770436878,231.07681274414062,13588300,22198965,-38.79,236.46,227.87,203.73,182.14,47.76,237.0 - 238.5 (20.3%),226.8 - 230.4 (19.5%),182.4 - 190.0 (15.1%),168.0 - 176.0 (16.2%)
2020-07-30,228.0359495718187,232.66164439115454,226.82752226156467,232.2753448486328,20615300,21059745,-2.11,236.31,228.32,203.91,182.26,49.15,237.0 - 238.5 (20.4%),226.8 - 230.4 (19.8%),182.4 - 190.0 (15.1%),168.0 - 176.0 (16.2%)
2020-07-31,253.393085890343,253.42280007626024,246.63777882990527,251.2634735107422,53005100,22178320,139.0,237.31,229.07,204.25,182.43,65.01,236.9 - 239.2 (24.4%),236.0 - 240.0 (19.0%),180.4 - 188.6 (15.8%),172.0 - 180.6 (18.0%)
2020-08-03,250.25314353224238,252.97705471901895,247.95516086305807,249.5697021484375,23124900,22024255,5.0,237.89,229.74,204.62,182.61,63.12,236.9 - 239.2 (24.5%),236.0 - 240.0 (19.0%),180.4 - 188.6 (15.5%),172.0 - 180.6 (18.0%)
2020-08-04,249.17348340484799,250.40172514109966,245.08265929482738,247.45989990234375,17183500,21489040,-20.04,238.33,230.36,204.94,182.79,60.75,230.0 - 232.3 (22.5%),236.0 - 240.0 (19.0%),180.4 - 188.6 (15.5%),172.0 - 180.6 (18.0%)
2020-08-05,247.81649392631718,249.8767631461195,245.41945385403616,246.7566375732422,13050100,20651980,-36.81,238.61,230.95,205.24,182.96,59.94,230.0 - 232.3 (23.0%),236.0 - 240.0 (19.1%),180.4 - 188.6 (15.5%),172.0 - 180.6 (18.0%)
2020-08-06,246.67742528549078,264.0708515083842,246.31094020142177,262.76336669921875,45241600,21805315,107.48,239.64,231.86,205.66,183.17,69.79,248.5 - 252.0 (23.3%),235.0 - 240.0 (21.5%),182.0 - 191.1 (15.1%),167.4 - 176.7 (19.4%)
2020-08-07,261.57468819604213,276.2442151317351,260.93086072161253,265.8933410644531,72766400,24294500,199.52,240.8,232.91,206.08,183.38,71.28,262.2 - 266.0 (30.9%),228.8 - 234.0 (23.0%),186.0 - 195.3 (13.4%),171.0 - 180.5 (19.1%)
2020-08-10,265.4971694100839,271.2619333219477,257.2263780566775,260.5049743652344,30248800,24573195,23.1,241.98,233.83,206.45,183.59,65.31,262.2 - 266.0 (30.2%),228.8 - 234.0 (22.8%),186.0 - 195.3 (12.9%),171.0 - 180.5 (19.1%)
2020-08-11,257.7216461912678,263.397298023521,252.70965154009647,253.70016479492188,28238300,24816205,13.79,242.8,234.58,206.79,183.79,58.64,262.2 - 266.0 (29.5%),228.8 - 234.0 (22.6%),186.0 - 195.3 (12.8%),171.0 - 180.5 (19.1%)
2020-08-12,256.5131532148113,261.39637505761016,255.6612963149072,257.4244384765625,21415700,24930310,-14.1,243.77,235.35,207.2,183.99,60.99,262.2 - 266.0 (29.1%),229.5 - 234.6 (20.0%),186.0 - 195.3 (12.8%),171.0 - 180.5 (19.1%)
2020-08-13,259.0686426347748,262.6444100014648,257.1074463953452,258.8210144042969,17374000,24854975,-30.1,244.78,236.09,207.71,184.2,61.87,262.2 - 266.0 (29.4%),235.2 - 240.0 (20.3%),186.0 - 195.3 (12.5%),171.0 - 180.5 (19.0%)
2020-08-14,259.8215447321389,260.15831563121327,256.2259765692179,258.7616882324219,14792700,24686990,-40.08,245.73,236.6,208.24,184.41,61.8,262.2 - 266.0 (29.7%),225.4 - 230.0 (17.3%),186.0 - 195.3 (12.5%),171.0 - 180.5 (19.0%)
2020-08-17,260.0097488329504,261.59457620478383,256.9391514677858,258.6824645996094,13351100,24310935,-45.08,246.51,237.09,208.77,184.61,61.71,262.2 - 266.0 (29.6%),227.9 - 232.2 (19.2%),186.0 - 195.3 (12.5%),171.0 - 180.5 (19.1%)
2020-08-18,258.4744595461197,262.6345972985706,256.8004896390881,259.85125732421875,18690400,24277245,-23.01,247.53,237.55,209.36,184.81,62.59,262.5 - 266.0 (29.3%),227.9 - 232.2 (19.3%),186.0 - 195.3 (12.5%),171.0 - 180.5 (19.1%)
2020-08-19,258.91030953946284,265.368445960604,258.8706805400006,260.0989074707031,23291500,24670425,-5.59,248.65,238.05,209.94,185.01,62.78,258.4 - 261.8 (28.6%),227.9 - 232.2 (19.6%),186.0 - 195.3 (12.4%),171.0 - 180.5 (19.0%)
2020-08-20,259.0191834979784,267.0720600814609,258.97955450892067,266.45794677734375,20299700,24596820,-17.47,250.46,238.71,210.54,185.23,67.45,264.0 - 266.0 (17.7%),233.2 - 237.6 (17.3%),178.6 - 188.0 (13.0%),172.8 - 182.4 (19.5%)
2020-08-21,266.14098356617495,267.92389516420616,263.8925295734932,264.4769287109375,15538600,24457460,-36.47,252.25,239.39,211.21,185.44,64.72,264.0 - 266.0 (23.6%),233.2 - 237.6 (17.5%),178.6 - 188.0 (12.8%),172.8 - 182.4 (19.5%)
2020-08-24,268.4984276825641,274.6197921703452,266.22022912375303,268.8153991699219,23685600,24983585,-5.2,254.13,240.16,211.87,185.65,67.79,264.0 - 266.2 (23.5%),234.6 - 239.2 (17.4%),182.4 - 192.0 (13.8%),174.6 - 184.3 (18.3%)
2020-08-25,269.8256653562908,280.40433754528067,267.6960683303665,278.1558837890625,42127200,26381440,59.68,256.64,240.96,212.66,185.88,73.19,257.3 - 260.4 (27.2%),233.2 - 238.5 (20.0%),185.4 - 195.7 (14.5%),166.4 - 176.8 (20.7%)
2020-08-26,281.30573499704724,301.77965513679254,281.30573499704724,301.02685546875,69015200,29152785,136.74,260.14,242.14,213.67,186.17,81.41,258.5 - 263.2 (35.7%),230.4 - 237.6 (24.2%),180.0 - 192.0 (15.9%),166.6 - 178.5 (23.8%)
2020-08-27,297.31239528148285,298.37225148034645,289.2496046923754,290.438232421875,30301300,29637085,2.24,263.05,243.18,214.69,186.44,70.62,258.5 - 263.2 (26.7%),230.4 - 237.6 (24.1%),180.0 - 192.0 (15.8%),166.6 - 178.5 (23.7%)
2020-08-28,292.2013377602492,294.41019265321574,288.2194863447359,290.8740539550781,17157400,27844700,-38.38,265.03,244.29,215.65,186.72,70.79,258.5 - 263.2 (30.5%),230.4 - 237.6 (24.2%),180.0 - 192.0 (15.6%),166.6 - 178.5 (23.7%)
2020-08-31,291.16137246217465,294.0635689355796,288.78411655701416,290.4184875488281,17345100,27555710,-37.05,267.07,245.32,216.66,186.99,70.33,258.5 - 263.2 (23.5%),230.4 - 237.6 (24.2%),180.0 - 192.0 (15.2%),166.6 - 178.5 (23.6%)
2020-09-01,291.91409110852135,298.62976834634924,289.93306501797554,292.6371765136719,17295900,27561330,-37.25,269.33,246.38,217.83,187.27,71.31,290.4 - 294.8 (22.7%),230.4 - 237.6 (23.0%),180.0 - 192.0 (15.2%),166.6 - 178.5 (23.5%)
2020-09-02,296.04453569909265,300.7197583538503,290.26982787560576,299.63018798828125,24341400,28125895,-13.46,271.97,247.43,218.92,187.57,74.21,298.2 - 302.4 (25.6%),230.4 - 237.6 (22.9%),180.0 - 192.0 (15.1%),166.6 - 178.5 (23.5%)
2020-09-03,293.1819790422668,294.77672094022876,280.93925095732334,288.3581848144531,32294100,27478520,17.52,273.25,248.33,220.11,187.85,63.13,298.2 - 302.4 (24.6%),230.4 - 237.6 (22.7%),180.0 - 192.0 (14.8%),166.6 - 178.5 (23.4%)
2020-09-04,284.5248990312156,286.25829702357294,268.5677468796136,280.04779052734375,30333700,25356885,19.63,273.96,249.29,221.21,188.1,56.44,298.2 - 302.4 (23.6%),230.4 - 237.6 (22.5%),228.0 - 240.0 (14.7%),166.6 - 178.5 (23.4%)
2020-09-08,268.7064422066897,276.65034785435137,266.8641020097571,268.58758544921875,24864000,25087645,-0.89,274.36,250.0,222.24,188.35,48.76,287.0 - 291.1 (25.0%),230.4 - 237.6 (21.0%),228.0 - 240.0 (14.7%),166.6 - 178.5 (23.1%)
2020-09-09,273.15386185562573,275.83817485934406,268.77580967683997,271.1233215332031,22918800,24821670,-7.67,275.23,250.68,223.24,188.6,50.37,277.5 - 281.2 (18.7%),230.4 - 237.6 (19.8%),228.0 - 240.0 (14.7%),166.6 - 178.5 (23.1%)
2020-09-10,272.8963134636423,276.5116807577843,264.49675027438184,265.54669189453125,24814700,24991620,-0.71,275.64,251.21,224.21,188.84,46.88,277.5 - 281.2 (18.5%),230.4 - 237.6 (19.8%),228.0 - 240.0 (14.7%),166.6 - 178.5 (23.0%)
2020-09-11,267.4979708326002,268.8153702102281,260.14838040816596,264.0806884765625,18913900,25068615,-24.55,275.9,251.73,225.19,189.07,45.98,277.5 - 281.2 (18.3%),230.4 - 237.6 (19.8%),228.0 - 240.0 (14.7%),166.6 - 178.5 (22.9%)
2020-09-14,268.37957321943276,274.01559594703207,263.17937873364906,263.6250915527344,24093800,25533670,-5.64,276.15,252.22,226.06,189.29,45.69,277.5 - 281.2 (18.3%),230.4 - 237.6 (19.7%),228.0 - 240.0 (14.7%),166.6 - 178.5 (22.7%)
2020-09-15,268.1022341401949,271.915685962595,266.74520559884127,269.83563232421875,18478500,25790040,-28.35,276.7,252.78,227.02,189.52,50.35,299.7 - 303.4 (18.5%),230.4 - 237.6 (18.7%),228.0 - 240.0 (14.6%),166.6 - 178.5 (22.6%)
2020-09-16,264.75427352603526,269.855410303088,259.30645109406254,261.02001953125,29183400,26314690,10.9,276.76,253.18,227.84,189.75,44.51,288.6 - 292.5 (19.5%),259.2 - 266.4 (18.3%),228.0 - 240.0 (14.6%),166.6 - 178.5 (22.6%)
2020-09-17,255.82973972800016,259.01919333691177,247.81649182918943,252.40257263183594,31281400,26714185,17.1,276.38,253.39,228.65,189.96,39.67,263.2 - 267.9 (20.3%),259.2 - 266.4 (18.1%),228.0 - 240.0 (14.5%),166.6 - 178.5 (22.6%)
2020-09-18,255.94860014348706,256.7410288258022,247.67782414348895,250.13429260253906,28130800,27105740,3.78,275.56,253.69,229.37,190.16,38.49,259.7 - 264.6 (21.0%),259.2 - 266.4 (18.1%),228.0 - 240.0 (14.4%),166.6 - 178.5 (22.5%)
2020-09-21,245.19163898459442,247.5787795028881,241.81400034758389,245.7958526611328,24709400,27564280,-10.36,274.63,253.9,230.04,190.35,36.25,259.2 - 264.6 (20.5%),259.2 - 266.4 (18.1%),228.0 - 240.0 (14.5%),166.6 - 178.5 (22.2%)
2020-09-22,250.90691044631254,252.89785176375196,245.86520160089765,252.333251953125,30293100,27894655,8.6,273.8,254.54,230.83,190.57,41.74,248.4 - 253.8 (24.6%),259.2 - 266.4 (18.0%),228.0 - 240.0 (14.4%),166.6 - 178.5 (22.1%)
2020-09-23,252.83838525489884,255.54248196553817,245.7958360416711,246.6575927734375,19641300,26770360,-26.63,272.23,255.01,231.58,190.78,38.63,249.4 - 253.7 (24.9%),259.2 - 266.4 (18.0%),228.0 - 240.0 (14.4%),166.6 - 178.5 (22.1%)
2020-09-24,244.16149654642476,249.84704758656932,243.28984011982976,247.16275024414062,20006800,24319940,-17.73,269.54,255.38,232.36,190.99,39.07,244.8 - 248.2 (18.5%),259.2 - 266.4 (18.0%),228.0 - 240.0 (14.4%),166.6 - 178.5 (22.1%)
2020-09-25,247.0339779628991,253.32374262300266,244.27045287536745,252.40257263183594,18351300,23722440,-22.64,267.63,255.66,233.1,191.22,43.54,250.0 - 252.5 (32.2%),262.2 - 269.1 (16.6%),228.0 - 240.0 (14.4%),166.6 - 178.5 (22.1%)
2020-09-28,256.93913211148265,257.1372468535625,252.4025947072845,254.3836212158203,18826300,23805885,-20.92,265.81,256.05,233.83,191.45,45.17,250.0 - 252.5 (30.5%),258.3 - 264.6 (15.8%),228.0 - 240.0 (14.4%),166.6 - 178.5 (22.1%)
2020-09-29,255.3642041253324,260.831826074076,254.46283349143025,259.30645751953125,20200200,23948640,-15.65,264.25,256.4,234.55,191.68,49.12,250.0 - 252.5 (30.9%),237.9 - 244.0 (14.4%),228.0 - 240.0 (14.3%),166.6 - 178.5 (22.0%)
2020-09-30,259.49466325844844,263.5557432623585,257.6324935755289,259.4154052734375,20142500,24090970,-16.39,262.59,256.75,235.26,191.91,49.21,252.0 - 254.4 (28.5%),237.9 - 244.0 (14.6%),228.0 - 240.0 (14.3%),166.6 - 178.5 (22.0%)
2020-10-01,262.83269965591023,265.7844098255264,262.2878992259271,264.1005554199219,20009800,23874390,-16.19,260.82,257.13,236.02,192.15,52.94,252.0 - 254.4 (28.9%),262.3 - 268.4 (15.7%),228.0 - 240.0 (14.3%),166.6 - 178.5 (21.9%)
2020-10-02,258.7319398828465,262.6345642393253,256.7211993319147,257.4739990234375,16367600,23078065,-29.08,259.27,257.39,236.7,192.38,47.61,252.0 - 254.4 (29.1%),262.3 - 268.4 (15.6%),228.0 - 240.0 (14.3%),166.6 - 178.5 (21.9%)
2020-10-05,259.7125433021223,262.3571963146567,258.36542978625084,262.1392822265625,12822300,22202495,-42.25,258.38,257.71,237.42,192.61,51.33,252.0 - 254.4 (30.1%),262.3 - 268.4 (15.7%),228.0 - 240.0 (14.3%),166.6 - 178.5 (21.7%)
2020-10-06,259.2965734529346,263.1694841279329,255.7901478666688,256.2061767578125,18696900,21894140,-14.6,257.76,258.03,238.1,192.83,46.78,252.0 - 253.8 (24.3%),256.2 - 262.3 (16.8%),228.0 - 240.0 (14.3%),166.6 - 178.5 (21.6%)
2020-10-07,256.75093574201054,257.7117348211216,252.40259821395634,255.67127990722656,23133400,21904870,5.61,256.98,258.34,238.75,193.06,46.38,252.0 - 253.8 (24.8%),256.2 - 262.3 (16.8%),228.0 - 240.0 (14.2%),166.6 - 178.5 (21.6%)
2020-10-08,257.28581421510955,262.1096088597648,256.69150022520756,261.2577819824219,16312800,21479775,-24.06,256.77,258.73,239.46,193.31,51.07,252.0 - 253.8 (15.8%),256.2 - 262.3 (18.0%),228.0 - 240.0 (14.2%),166.6 - 178.5 (21.5%)
2020-10-09,262.01050556830904,262.23833445579237,259.6828240435951,261.9411926269531,14107800,21239470,-33.58,256.66,259.11,240.23,193.56,51.63,252.0 - 253.8 (16.6%),256.2 - 262.3 (19.0%),228.0 - 240.0 (14.2%),166.6 - 178.5 (21.5%)
2020-10-12,267.6366667626113,277.5219687105833,265.3287541821045,273.1340026855469,31019300,21585745,43.7,257.14,259.67,241.0,193.84,59.73,252.2 - 254.8 (22.5%),256.2 - 262.3 (18.9%),228.0 - 240.0 (14.2%),166.6 - 178.5 (21.3%)
2020-10-13,274.9465745264862,276.4521735737783,270.7963530280109,273.520263671875,18063300,21564985,-16.24,257.32,260.18,241.75,194.11,59.98,253.8 - 256.5 (21.1%),256.2 - 262.3 (19.0%),228.0 - 240.0 (14.1%),166.6 - 178.5 (21.2%)
2020-10-14,274.9862357307587,276.10552034478957,268.9243005331314,269.24127197265625,15577800,20884705,-25.41,257.73,260.67,242.43,194.37,55.86,257.4 - 260.0 (20.0%),256.2 - 262.3 (19.0%),228.0 - 240.0 (14.1%),166.6 - 178.5 (21.2%)
2020-10-15,265.06132315050206,266.48766449487204,261.16861375268763,264.1896667480469,15416100,20091440,-23.27,258.32,261.12,243.08,194.64,51.37,273.0 - 275.1 (17.6%),256.2 - 262.3 (19.1%),228.0 - 240.0 (14.1%),166.6 - 178.5 (21.1%)
2020-10-16,264.84332969303534,268.79546627698716,262.7830460449216,263.4070739746094,16622700,19516035,-14.83,258.99,261.67,243.77,194.91,50.69,271.7 - 273.6 (17.7%),256.2 - 262.3 (19.1%),228.0 - 240.0 (14.1%),166.6 - 178.5 (21.1%)
2020-10-19,263.0109597093469,266.0022985880011,257.41456636811296,258.9201354980469,13587000,18959915,-28.34,259.64,262.17,244.32,195.18,46.87,262.8 - 264.6 (19.1%),256.2 - 262.3 (20.1%),228.0 - 240.0 (14.1%),166.6 - 178.5 (20.8%)
2020-10-20,260.564388789371,267.1414106645317,260.386103675759,265.0216979980469,18763200,18383420,2.07,260.28,262.74,244.84,195.45,52.15,262.8 - 264.6 (19.2%),256.2 - 262.3 (20.1%),228.0 - 240.0 (14.1%),166.6 - 178.5 (20.8%)
2020-10-21,276.9078670480285,280.36474843398815,273.7481275300645,276.08575439453125,28998600,18851285,53.83,261.75,263.54,245.47,195.76,59.94,264.0 - 266.0 (19.4%),256.2 - 262.3 (19.9%),228.0 - 240.0 (14.0%),166.6 - 178.5 (20.7%)
2020-10-22,277.2149350314145,279.7704761126994,272.430769393106,275.4815368652344,16720000,18686945,-10.53,263.16,264.28,246.07,196.05,59.37,272.0 - 274.0 (17.8%),256.2 - 262.3 (20.0%),228.0 - 240.0 (14.0%),166.6 - 178.5 (20.7%)
2020-10-23,276.15506233602224,282.53396962984647,274.193865586696,282.0882568359375,17535200,18646140,-5.96,264.65,265.11,246.71,196.36,63.45,273.0 - 275.6 (23.7%),256.2 - 262.3 (20.0%),228.0 - 240.0 (14.0%),166.6 - 178.5 (20.6%)
2020-10-26,280.47370167832145,282.52407111332707,271.6581408619,274.4810791015625,21322900,18770970,13.6,265.65,265.5,247.28,196.65,56.43,273.0 - 275.6 (30.5%),256.2 - 262.3 (19.9%),228.0 - 240.0 (14.0%),166.6 - 178.5 (20.4%)
2020-10-27,276.11542464857854,281.81087462744813,273.68865560983653,280.6024475097656,16287200,18575320,-12.32,266.72,266.01,247.88,196.95,60.24,273.0 - 275.6 (30.7%),261.0 - 266.8 (24.1%),228.0 - 240.0 (14.0%),166.6 - 178.5 (20.2%)
2020-10-28,276.14517799790576,276.14517799790576,264.72456223824327,265.13067626953125,23121800,18724285,23.49,267.0,266.31,248.33,197.21,48.65,271.4 - 273.7 (17.3%),262.2 - 267.9 (20.7%),228.0 - 240.0 (14.0%),166.6 - 178.5 (20.2%)
2020-10-29,273.9264068164816,280.90954284628407,271.1826962002139,278.1658020019531,32368100,19342200,67.34,267.71,266.83,248.89,197.5,56.28,276.0 - 278.3 (20.5%),262.2 - 266.8 (20.6%),228.0 - 240.0 (13.9%),166.6 - 178.5 (20.2%)
2020-10-30,271.89591418657443,274.0750556446888,256.6420146639796,260.61395263671875,47247800,20886210,126.22,267.86,266.8,249.33,197.75,46.3,276.0 - 278.3 (18.4%),262.2 - 266.8 (20.7%),228.0 - 240.0 (13.9%),166.6 - 178.5 (20.0%)
2020-11-02,262.0897762109649,267.90408335811304,254.89864132483157,258.8804931640625,27165700,21603380,25.75,267.7,266.68,249.79,198.01,45.44,276.0 - 278.3 (18.7%),257.6 - 262.2 (20.8%),228.0 - 240.0 (14.0%),166.6 - 178.5 (19.7%)
2020-11-03,260.66345954252125,267.48807982961034,258.4050906365558,262.78314208984375,17961900,21566630,-16.71,268.03,266.72,250.28,198.27,47.79,276.0 - 278.3 (18.7%),262.2 - 266.8 (21.8%),228.0 - 240.0 (13.9%),166.6 - 178.5 (19.6%)
2020-11-04,278.3341776692633,286.1988540045685,275.9767516838311,284.6536560058594,35364400,22178180,59.46,269.48,267.23,250.91,198.57,58.54,262.6 - 265.2 (26.4%),262.2 - 266.8 (21.5%),228.0 - 240.0 (13.9%),166.6 - 178.5 (19.6%)
2020-11-05,289.130804374854,294.55882773076394,286.20880849750864,291.8844299316406,23823600,22553720,5.63,271.01,267.81,251.58,198.88,61.37,257.4 - 260.7 (24.7%),257.6 - 262.2 (20.8%),228.0 - 240.0 (13.8%),166.6 - 178.5 (19.6%)
2020-11-06,291.1613504046963,291.805177901876,285.3272134843867,290.62646484375,13891000,22542880,-38.38,272.45,268.34,252.21,199.19,60.59,257.4 - 260.7 (24.8%),257.6 - 262.2 (21.6%),228.0 - 240.0 (13.8%),166.6 - 178.5 (19.5%)
2020-11-09,287.1200692674655,289.8043516954612,275.88765270530405,276.1253662109375,25117700,22247800,12.9,272.6,268.63,252.61,199.47,52.38,273.9 - 277.2 (25.2%),257.6 - 262.2 (19.6%),228.0 - 240.0 (13.8%),166.6 - 178.5 (19.3%)
2020-11-10,270.50911601845144,271.40057170471647,261.49544135052975,269.845458984375,29067700,22798020,27.5,272.41,268.81,252.95,199.73,49.26,273.9 - 277.2 (24.5%),257.6 - 262.2 (19.6%),228.0 - 240.0 (13.8%),166.6 - 178.5 (19.3%)
2020-11-11,270.87563193165107,275.7588544990614,269.89503358760794,273.8570861816406,14957000,22766980,-34.3,272.64,269.05,253.3,200.01,51.26,257.4 - 260.7 (20.6%),257.6 - 262.2 (19.7%),228.0 - 240.0 (13.7%),166.6 - 178.5 (19.2%)
2020-11-12,274.5505127722302,277.0961396116031,271.8266007653244,272.4704284667969,12899500,22641150,-43.03,273.06,269.25,253.65,200.29,50.52,257.4 - 260.7 (20.8%),257.6 - 262.2 (18.6%),228.0 - 240.0 (13.7%),166.6 - 178.5 (19.2%)
2020-11-13,275.08537729211383,275.1250062912006,270.5092103098543,274.32269287109375,10391200,22329575,-53.46,273.6,269.38,254.04,200.58,51.52,257.4 - 260.7 (21.2%),257.6 - 262.2 (17.6%),228.0 - 240.0 (13.7%),166.6 - 178.5 (19.2%)
2020-11-16,272.44065767533334,276.75931116953984,272.02465903750937,276.3135681152344,12970400,22298745,-41.83,274.47,269.58,254.49,200.88,52.64,257.4 - 260.7 (21.7%),257.6 - 262.2 (16.7%),228.0 - 240.0 (13.8%),166.6 - 178.5 (19.0%)
2020-11-17,275.0457120545683,275.0457120545683,270.69737460488284,272.3911437988281,15040300,22112600,-31.98,274.84,269.64,254.9,201.19,50.19,257.4 - 260.7 (21.8%),257.6 - 262.2 (15.4%),228.0 - 240.0 (13.7%),166.6 - 178.5 (18.9%)
2020-11-18,271.9156276929163,274.758425497098,269.2610600118314,269.38983154296875,12152900,21270315,-42.86,274.51,269.49,255.23,201.5,48.34,257.4 - 260.7 (22.5%),262.2 - 266.8 (15.0%),228.0 - 240.0 (13.7%),166.6 - 178.5 (18.9%)
2020-11-19,268.44887882996005,270.87564828150806,266.6362529591288,270.3506774902344,12963700,21082500,-38.51,274.25,268.98,255.56,201.78,48.99,257.4 - 260.7 (23.9%),257.6 - 262.2 (14.0%),228.0 - 240.0 (13.8%),166.6 - 178.5 (18.9%)
2020-11-20,269.9742716605982,270.41009988084903,266.8541611691242,267.14141845703125,18114700,21111475,-14.2,273.5,268.59,255.89,202.06,46.87,267.3 - 270.6 (19.2%),257.6 - 262.2 (14.0%),228.0 - 240.0 (13.7%),166.6 - 178.5 (18.8%)
2020-11-23,268.32013762686375,268.3795660011434,262.02045790064136,265.8834533691406,20990800,21094870,-0.49,273.07,268.18,256.24,202.34,46.03,269.7 - 272.6 (25.4%),257.6 - 262.2 (14.0%),228.0 - 240.0 (13.7%),166.6 - 178.5 (18.8%)
2020-11-24,265.94285910265296,275.1843634812098,265.3287458020022,274.29290771484375,16930400,21127030,-19.86,272.76,267.91,256.62,202.64,52.2,267.8 - 270.4 (19.7%),257.6 - 262.2 (14.3%),228.0 - 240.0 (13.7%),166.6 - 178.5 (18.8%)
2020-11-25,275.5013516597804,277.5219767920536,270.06341372152616,272.97552490234375,12467000,20594290,-39.46,273.15,267.58,256.98,202.93,51.21,267.8 - 270.4 (21.5%),261.0 - 265.5 (16.8%),228.0 - 240.0 (13.7%),166.6 - 178.5 (18.8%)
2020-11-27,274.75850085032664,276.4819843322284,272.21287439556164,275.17449951171875,7808400,19366305,-59.68,273.0,267.17,257.3,203.23,52.81,269.0 - 270.0 (18.6%),261.0 - 265.5 (17.3%),228.0 - 240.0 (13.7%),166.6 - 178.5 (18.8%)
2020-11-30,273.4113225190575,275.06549265245127,268.4389577712803,274.3424072265625,16693300,17838580,-6.42,273.69,266.94,257.64,203.52,52.12,274.0 - 275.0 (20.6%),261.0 - 265.5 (17.4%),228.0 - 240.0 (13.7%),166.6 - 178.5 (18.5%)
2020-12-01,276.5116662012387,286.5554542457171,276.31355147168836,283.83154296875,20738900,17517240,18.39,274.93,267.0,258.15,203.83,58.81,273.6 - 275.4 (32.6%),261.0 - 265.5 (17.3%),228.0 - 240.0 (13.7%),166.6 - 178.5 (18.3%)
2020-12-02,282.6528461537701,289.01195451109254,278.16582234605613,284.7923583984375,17361600,17487225,-0.72,276.03,267.27,258.64,204.13,59.42,273.6 - 275.5 (25.0%),258.4 - 262.2 (15.4%),228.0 - 240.0 (13.7%),166.6 - 178.5 (18.3%)
2020-12-03,283.5343994328073,283.9305986615111,278.4035483851427,279.1761474609375,12921700,16365090,-21.04,275.76,267.41,259.04,204.41,54.3,273.6 - 275.5 (25.0%),258.4 - 262.2 (15.6%),228.0 - 240.0 (13.7%),166.6 - 178.5 (18.3%)
2020-12-04,277.6408230123897,280.7708481842717,276.6503098653914,277.0465393066406,10880300,15717925,-30.78,275.02,267.6,259.41,204.69,52.45,273.6 - 275.5 (19.9%),258.4 - 262.2 (15.8%),228.0 - 240.0 (13.7%),166.6 - 178.5 (18.2%)
2020-12-07,276.54136433068567,285.75312438669283,275.5607660008956,282.8707275390625,13007700,15673760,-17.01,274.63,267.91,259.82,204.98,56.78,273.6 - 275.5 (19.9%),258.4 - 262.2 (15.7%),228.0 - 240.0 (13.7%),166.6 - 178.5 (17.9%)
2020-12-08,283.29668086846704,283.7126794713349,278.87897037473516,280.71142578125,10747700,14955260,-28.13,274.86,268.2,260.21,205.27,54.79,273.6 - 275.5 (20.3%),258.4 - 262.2 (15.9%),228.0 - 240.0 (13.6%),166.6 - 178.5 (17.8%)
2020-12-09,280.96898347261225,284.9013221631761,269.17196740092083,275.283447265625,25189700,14761360,70.65,275.13,268.29,260.53,205.53,50.03,273.6 - 275.5 (30.7%),273.6 - 277.4 (16.4%),228.0 - 240.0 (13.6%),166.6 - 178.5 (17.7%)
2020-12-10,272.9260301926563,276.08576988793885,269.28091844832414,274.49102783203125,20065100,15016765,33.62,275.16,268.51,260.85,205.8,49.36,273.6 - 275.5 (38.7%),273.6 - 277.4 (18.0%),228.0 - 240.0 (13.6%),166.6 - 178.5 (17.7%)
2020-12-11,271.92557828685716,273.8570910520238,267.68618314496956,270.9548645019531,14391400,15091360,-4.64,275.09,268.82,261.11,206.06,46.36,273.6 - 275.5 (39.4%),273.6 - 277.4 (18.1%),228.0 - 240.0 (13.6%),166.6 - 178.5 (17.6%)
2020-12-14,270.7765781052313,274.59005982237187,268.9837517012774,271.58880615234375,16376900,15390645,6.41,274.95,269.18,261.44,206.31,46.98,274.4 - 275.8 (24.6%),273.6 - 277.4 (18.2%),228.0 - 240.0 (13.6%),166.6 - 178.5 (17.4%)
2020-12-15,272.2227423390629,273.4608838976601,264.93257935151405,272.9359130859375,23979500,15941100,50.43,274.78,269.63,261.77,206.58,48.35,274.4 - 275.8 (23.8%),273.6 - 277.4 (18.1%),228.0 - 240.0 (13.6%),166.6 - 178.5 (17.2%)
2020-12-16,272.15343885691533,275.22400584664956,269.9247839738761,273.0548095703125,15885000,15983335,-0.62,274.81,269.98,262.26,206.85,48.48,274.4 - 275.8 (23.5%),273.6 - 277.4 (18.3%),228.0 - 240.0 (13.6%),166.6 - 178.5 (17.2%)
2020-12-17,274.44149362016714,277.779518195203,271.0142962583711,271.8760681152344,16377800,16194580,1.13,274.94,270.4,262.7,207.11,47.24,274.4 - 275.8 (21.9%),273.6 - 277.4 (18.6%),228.0 - 240.0 (13.6%),166.6 - 178.5 (17.2%)
2020-12-18,273.15383435049057,275.3626898308781,268.5677832891274,273.7778625488281,26693200,16881055,58.13,275.11,270.84,263.11,207.38,49.48,273.0 - 274.4 (22.7%),273.6 - 277.4 (20.7%),264.0 - 276.0 (13.8%),166.6 - 178.5 (17.2%)
2020-12-21,270.3902873168251,272.0642569384354,265.24952171191364,270.20208740234375,16553700,16803005,-1.48,275.26,271.14,263.4,207.64,45.57,273.0 - 274.5 (24.0%),273.6 - 277.4 (20.9%),264.0 - 276.0 (14.2%),166.6 - 178.5 (17.0%)
2020-12-22,268.92434996323703,268.92434996323703,262.11952870673514,264.5561828613281,17312900,16619110,4.17,275.2,271.31,263.68,207.89,40.16,272.0 - 274.0 (25.8%),273.6 - 277.4 (21.1%),264.0 - 276.0 (14.4%),166.6 - 178.5 (16.9%)
2020-12-23,264.3580398771568,269.5879475216497,263.7042976430877,265.5664367675781,14329000,16489040,-13.1,274.76,271.41,263.91,208.13,41.5,273.6 - 275.4 (28.2%),270.1 - 273.8 (19.4%),264.0 - 276.0 (14.7%),166.6 - 178.5 (16.9%)
2020-12-24,266.32928267348257,267.8348523563574,263.67471366891084,264.8633117675781,6702000,16200790,-58.63,274.35,271.5,264.13,208.34,40.82,273.6 - 275.4 (29.0%),270.6 - 273.9 (18.4%),264.0 - 276.0 (14.8%),166.6 - 178.5 (16.9%)
2020-12-28,266.1904537821666,274.669242638671,263.13968704440146,274.3721008300781,23299700,16975355,37.26,274.31,271.67,264.4,208.57,52.26,273.6 - 275.2 (28.3%),273.0 - 276.0 (22.6%),264.0 - 276.0 (15.2%),166.6 - 178.5 (16.7%)
2020-12-29,274.32263638023176,277.84886087106366,273.6589792514903,274.15423583984375,16383000,16959840,-3.4,274.31,271.95,264.67,208.79,52.02,272.8 - 273.9 (26.3%),273.0 - 276.0 (24.0%),264.0 - 276.0 (15.4%),166.6 - 178.5 (16.6%)
2020-12-30,275.3131388089401,275.44188012531293,269.13231627249957,269.2908020019531,11803800,16513085,-28.52,273.58,272.07,264.89,209.0,46.69,274.0 - 275.0 (24.9%),273.0 - 276.0 (24.2%),264.0 - 276.0 (15.6%),166.6 - 178.5 (16.6%)
2020-12-31,269.4195741280744,274.4612823842066,267.2503479328424,270.5685729980469,12900400,16290025,-20.81,272.87,272.31,265.17,209.21,48.19,270.0 - 271.0 (18.8%),273.0 - 276.0 (24.4%),264.0 - 276.0 (15.9%),166.6 - 178.5 (16.6%)
2021-01-04,272.17323522914216,272.39114935775103,262.68413139913764,266.3886413574219,15106100,16399245,-7.89,272.23,272.49,265.41,209.42,43.84,273.0 - 274.0 (19.6%),273.0 - 276.0 (24.7%),264.0 - 276.0 (16.2%),166.6 - 178.5 (16.6%)
2021-01-05,265.74475478909403,269.8157489172815,265.6654968173388,268.3993225097656,9871600,16348810,-39.62,271.8,272.61,265.67,209.64,46.35,273.0 - 274.0 (21.0%),273.0 - 276.0 (24.9%),264.0 - 276.0 (16.3%),166.6 - 178.5 (16.7%)
2021-01-06,259.5144722931078,265.20992349801384,257.54336059256485,260.8120422363281,24354100,16916130,43.97,270.69,272.59,265.85,209.84,39.22,273.0 - 274.4 (31.4%),271.6 - 274.4 (23.9%),264.0 - 276.0 (16.3%),166.6 - 178.5 (16.6%)
2021-01-07,263.37740684631103,269.03322774542147,262.26803709671935,266.1904602050781,15789800,17168235,-8.03,269.97,272.47,266.07,210.05,45.6,273.0 - 274.4 (31.4%),271.6 - 274.4 (23.9%),264.0 - 276.0 (16.6%),166.6 - 178.5 (16.6%)
2021-01-08,265.76455568194393,266.39849854735945,260.6832188673173,265.0315856933594,18528300,16835165,10.06,269.45,272.33,266.26,210.27,44.52,273.0 - 274.4 (19.6%),271.6 - 274.4 (23.8%),264.0 - 276.0 (16.9%),166.6 - 178.5 (16.6%)
2021-01-11,258.00886354638374,260.9704880467235,253.47229661405348,254.40338134765625,30412300,17352525,75.26,268.45,272.08,266.38,210.46,36.05,264.0 - 266.0 (26.2%),272.8 - 275.9 (25.2%),264.0 - 276.0 (16.8%),166.6 - 178.5 (16.6%)
2021-01-12,254.19542936190882,257.25611178754923,247.92547844934356,248.70797729492188,26383500,17952130,46.97,267.34,271.83,266.47,210.64,32.48,265.2 - 267.8 (20.0%),273.6 - 277.2 (25.7%),264.0 - 276.0 (16.8%),166.6 - 178.5 (16.2%)
2021-01-13,249.16360401941813,251.54082970662915,246.83589190208173,249.25274658203125,19528900,18109730,7.84,266.22,271.59,266.63,210.83,33.16,247.0 - 249.6 (19.9%),273.6 - 277.2 (25.6%),264.0 - 276.0 (16.8%),166.6 - 178.5 (16.2%)
2021-01-14,250.99603885687142,252.61058020950628,242.28943447826555,243.30966186523438,29739400,18397725,61.65,264.74,271.33,266.75,211.0,29.65,263.5 - 266.6 (19.5%),272.0 - 276.0 (25.5%),264.0 - 276.0 (16.7%),166.6 - 178.5 (16.2%)
2021-01-15,245.54820540225506,251.45167046400326,244.81523533956985,248.9753875732422,24942900,18850620,32.32,263.53,271.06,266.9,211.19,36.55,248.0 - 251.1 (25.4%),272.0 - 276.0 (25.3%),264.0 - 276.0 (16.7%),166.6 - 178.5 (16.1%)
2021-01-19,254.46281857766618,259.7125563349914,250.3224809241671,258.62298583984375,28028500,19433155,44.23,262.87,270.77,267.16,211.39,46.23,248.4 - 251.1 (26.5%),272.0 - 276.0 (25.4%),264.0 - 276.0 (16.7%),166.6 - 178.5 (15.7%)
2021-01-20,266.37866964606815,267.75549730725703,261.09924834305565,264.94244384765625,25199900,19358490,30.17,262.43,270.6,267.44,211.6,51.45,264.6 - 267.3 (26.6%),272.0 - 276.0 (25.5%),264.0 - 276.0 (17.0%),166.6 - 178.5 (15.7%)
2021-01-21,266.7055430567738,271.00436589782277,264.9523156810709,270.2812805175781,20838700,19572740,6.47,262.43,270.4,267.75,211.83,55.39,264.6 - 267.3 (25.8%),272.0 - 276.0 (24.0%),264.0 - 276.0 (17.4%),166.6 - 178.5 (15.6%)
2021-01-22,269.42953606351585,275.82824360452025,269.4196212573998,271.8959045410156,21954000,19804795,10.85,262.8,270.36,267.93,212.06,56.54,263.9 - 266.8 (24.0%),272.0 - 276.0 (23.9%),264.0 - 276.0 (17.7%),166.6 - 178.5 (15.6%)
2021-01-25,275.50136066601914,277.4427581073414,268.9342532012916,275.3725891113281,19087000,20042695,-4.77,263.29,270.27,268.14,212.3,58.99,246.4 - 249.6 (22.5%),272.0 - 276.0 (23.8%),264.0 - 276.0 (18.1%),166.6 - 178.5 (15.7%)
2021-01-26,275.5012968450638,282.6825160042393,275.1744106314857,279.3741760253906,19373600,20676275,-6.3,264.02,270.51,268.41,212.54,61.67,248.4 - 252.0 (21.9%),272.0 - 276.0 (23.7%),264.0 - 276.0 (18.0%),166.6 - 178.5 (15.7%)
2021-01-27,279.84973713747814,280.7610227249444,265.57643605647837,269.5583190917969,35346200,21278600,66.11,263.78,270.36,268.6,212.76,52.59,248.4 - 252.0 (21.1%),272.0 - 276.0 (23.4%),264.0 - 276.0 (18.5%),166.6 - 178.5 (15.7%)
2021-01-28,274.550435696971,284.06928306563213,262.18885056916974,262.4859924316406,37758800,22347390,68.96,263.19,270.39,268.6,212.95,47.21,248.4 - 252.0 (19.8%),272.0 - 276.0 (23.3%),264.0 - 276.0 (18.5%),166.6 - 178.5 (15.6%)
2021-01-29,262.78310395413814,264.0311600885464,252.432260565629,255.8792266845703,30389500,23276675,30.56,262.52,270.34,268.51,213.13,42.79,248.4 - 252.0 (19.2%),272.0 - 276.0 (23.7%),264.0 - 276.0 (18.5%),166.6 - 178.5 (15.6%)
2021-02-01,257.0579547960191,261.6638650003675,252.49170380850907,259.52435302734375,22914300,23777370,-3.63,261.97,270.29,268.5,213.32,45.8,248.4 - 252.0 (19.6%),272.0 - 276.0 (23.8%),264.0 - 276.0 (18.6%),166.6 - 178.5 (15.7%)
2021-02-02,261.4954669830708,266.2994617213646,260.772381514235,264.5462341308594,17320800,23888105,-27.49,261.88,269.96,268.59,213.52,49.73,259.2 - 262.8 (17.2%),272.0 - 276.0 (23.8%),264.0 - 276.0 (18.9%),166.6 - 178.5 (15.7%)
2021-02-03,263.1000426548836,266.64609591276263,261.336930828336,264.1202697753906,14223400,24105695,-41.0,261.66,269.49,268.65,213.72,49.4,259.2 - 262.8 (17.5%),272.0 - 276.0 (24.2%),264.0 - 276.0 (19.1%),166.6 - 178.5 (15.7%)
2021-02-04,264.4769086602387,265.6159926630718,261.4954545995898,263.9618225097656,16060000,23690990,-32.21,261.82,269.05,268.69,213.91,49.27,264.0 - 267.0 (17.0%),269.1 - 273.0 (25.0%),264.0 - 276.0 (19.1%),166.6 - 178.5 (15.7%)
2021-02-05,264.26889436756255,266.61643590721326,263.1496399079413,265.55657958984375,12454400,23524220,-47.06,261.79,268.87,268.75,214.11,50.67,262.2 - 264.5 (21.2%),269.5 - 273.0 (22.9%),264.0 - 276.0 (19.4%),166.6 - 178.5 (15.7%)
2021-02-08,266.2003910458413,267.2998460584593,262.4859669847365,264.05096435546875,13755200,23285565,-40.93,261.74,268.78,268.79,214.31,49.29,262.2 - 264.5 (24.4%),269.5 - 273.0 (23.2%),264.0 - 276.0 (19.6%),166.6 - 178.5 (15.4%)
2021-02-09,263.9123141906564,270.79639236361874,263.2288577297641,266.8937683105469,14613400,22495620,-35.04,262.37,268.66,268.85,214.52,51.96,262.2 - 264.5 (25.5%),269.5 - 273.0 (20.9%),264.0 - 276.0 (19.8%),166.6 - 178.5 (15.2%)
2021-02-10,269.86531654973004,271.20248510363194,265.18017852470706,269.2908020019531,14687200,21910805,-32.97,263.39,268.61,268.93,214.75,54.15,262.2 - 264.5 (26.3%),269.5 - 273.0 (20.9%),264.0 - 276.0 (20.1%),166.6 - 178.5 (15.2%)
2021-02-11,269.31062931352466,270.9845686927139,265.94286049047133,267.8248596191406,12828600,21575790,-40.54,264.32,268.5,268.94,214.98,52.57,262.2 - 264.5 (27.0%),269.5 - 273.0 (19.7%),264.0 - 276.0 (20.3%),166.6 - 178.5 (15.1%)
2021-02-12,267.95357623413315,268.6073184667668,265.794265065411,267.93377685546875,9097600,20543700,-55.72,265.55,268.36,268.97,215.19,52.68,262.2 - 264.5 (28.2%),269.5 - 273.0 (19.7%),264.0 - 276.0 (20.5%),154.7 - 166.6 (15.1%)
2021-02-16,268.23094024278475,273.9759344635849,267.48805540434125,271.3708801269531,15417200,20067415,-23.17,266.67,268.34,268.99,215.42,56.16,268.5 - 270.0 (18.7%),269.5 - 273.0 (20.0%),264.0 - 276.0 (20.8%),154.7 - 166.6 (15.2%)
2021-02-17,268.66675800723635,271.3708695963392,267.02250266791975,270.97467041015625,12763200,19304150,-33.88,267.29,268.37,268.93,215.64,55.65,264.0 - 265.5 (18.5%),269.5 - 273.0 (21.1%),264.0 - 276.0 (21.0%),154.7 - 166.6 (15.2%)
2021-02-18,267.0126662352342,269.37009262595393,263.5062408377742,266.8343811035156,15249100,18806610,-18.92,267.39,268.31,268.65,215.85,50.52,264.0 - 265.5 (20.4%),269.5 - 273.0 (19.9%),264.0 - 276.0 (21.2%),154.7 - 166.6 (15.2%)
2021-02-19,267.299891699962,267.70600576068745,257.68201648601115,259.0786437988281,25622600,19045805,34.53,266.83,268.17,268.38,216.05,42.59,264.0 - 265.2 (20.9%),269.5 - 273.0 (19.8%),264.0 - 276.0 (21.2%),154.7 - 166.6 (15.1%)
2021-02-22,255.50289448032092,260.57431727644223,255.08686563198498,257.86029052734375,17434900,18819850,-7.36,266.12,268.04,268.11,216.24,41.49,263.2 - 264.6 (29.0%),269.5 - 273.0 (19.9%),264.0 - 276.0 (21.2%),154.7 - 166.6 (15.2%)
2021-02-23,257.03809067116634,264.92256468030735,252.5411688756847,263.3377380371094,21924600,18961730,15.63,265.52,267.86,267.88,216.45,48.0,263.2 - 264.6 (30.5%),269.5 - 273.0 (19.8%),264.0 - 276.0 (21.2%),154.7 - 166.6 (15.2%)
2021-02-24,259.8413241780457,263.8529209249846,255.93872983384247,261.80255126953125,15736100,18779855,-16.21,264.64,267.67,267.63,216.65,46.44,263.2 - 264.6 (23.8%),269.5 - 273.0 (18.6%),264.0 - 276.0 (21.2%),154.7 - 166.6 (15.2%)
2021-02-25,259.81159448568474,264.4075901408542,251.62996107684947,252.2738037109375,19053100,17965200,6.06,263.78,267.29,267.23,216.83,38.15,266.0 - 267.9 (19.3%),269.5 - 273.0 (18.3%),264.0 - 276.0 (21.2%),154.7 - 166.6 (15.1%)
2021-02-26,254.03691078720234,263.0307569595766,254.03691078720234,255.17599487304688,26619500,17408235,52.91,263.41,266.97,266.96,217.0,41.57,266.0 - 267.9 (18.2%),269.5 - 273.0 (18.0%),264.0 - 276.0 (21.2%),154.7 - 166.6 (15.1%)
2021-03-01,258.3456553002382,264.1203338490786,255.4533435093878,262.3968505859375,22157300,16996625,30.36,263.74,266.61,266.81,217.19,49.11,262.2 - 264.1 (18.1%),269.5 - 273.0 (17.9%),264.0 - 276.0 (21.3%),154.7 - 166.6 (15.2%)
2021-03-02,263.2586170279935,264.1797871190343,256.1962525405486,256.5429382324219,15191700,16610495,-8.54,263.59,266.14,266.71,217.36,44.14,262.2 - 264.1 (18.1%),269.5 - 273.0 (18.0%),264.0 - 276.0 (21.2%),154.7 - 166.6 (15.2%)
2021-03-03,257.82069358592656,258.51403470063593,252.67992757406068,252.9869842529297,15513500,16520130,-6.09,263.01,265.71,266.56,217.53,41.4,262.2 - 264.1 (18.0%),264.0 - 267.3 (17.5%),264.0 - 276.0 (21.3%),154.7 - 166.6 (15.2%)
2021-03-04,254.0369175729114,263.96184879696193,251.0950922065757,255.19583129882812,31626500,17390285,81.86,262.57,265.34,266.47,217.7,43.74,254.6 - 256.5 (22.1%),264.0 - 267.3 (17.2%),264.0 - 276.0 (21.2%),154.7 - 166.6 (15.1%)
2021-03-05,258.19708900779926,262.93174089217274,253.18507952266302,261.7728271484375,26820100,17928290,49.6,262.46,264.99,266.45,217.87,50.12,254.6 - 256.5 (20.7%),264.0 - 267.3 (16.9%),264.0 - 276.0 (21.2%),154.7 - 166.6 (15.1%)
2021-03-08,263.0307856211326,263.06049980998165,252.63041144508927,252.887939453125,18391800,18225160,0.91,261.82,264.53,266.36,218.03,43.02,254.6 - 256.5 (19.4%),263.5 - 266.6 (15.7%),264.0 - 276.0 (21.3%),154.7 - 166.6 (15.1%)
2021-03-09,258.7021959321213,265.9824730299708,257.3451978649966,263.21893310546875,22039700,18639385,18.24,261.78,264.33,266.31,218.22,51.6,262.2 - 264.1 (21.6%),264.0 - 267.0 (16.7%),264.0 - 276.0 (21.2%),154.7 - 166.6 (15.1%)
2021-03-10,266.09144123104767,266.41829723839254,260.37616156576445,262.38690185546875,14210300,18619230,-23.68,261.56,264.12,266.32,218.39,50.94,261.0 - 262.5 (25.7%),264.0 - 267.0 (16.9%),264.0 - 276.0 (21.3%),154.7 - 166.6 (15.1%)
2021-03-11,265.5664582299588,275.2635901435904,265.2792311892158,271.28173828125,21834000,18976570,15.06,261.66,264.13,266.48,218.59,57.28,262.2 - 264.1 (25.6%),264.0 - 267.0 (16.8%),264.0 - 276.0 (21.7%),154.7 - 166.6 (15.1%)
2021-03-12,266.58672955021365,267.1810132708041,261.5152767193577,265.8537292480469,20600200,19365150,6.38,261.56,264.03,266.61,218.77,52.79,262.2 - 264.1 (26.0%),264.0 - 267.0 (18.5%),264.0 - 276.0 (22.0%),154.7 - 166.6 (15.1%)
2021-03-15,266.5273047379639,273.3420410598998,265.95282032587755,271.15301513671875,16844800,19752510,-14.72,261.72,264.0,266.82,218.97,56.39,262.2 - 264.1 (26.0%),264.0 - 267.0 (18.5%),264.0 - 276.0 (22.6%),154.7 - 166.6 (15.1%)
2021-03-16,273.46086936880795,279.4634071357952,272.1930136892877,276.6305236816406,22437700,20103535,11.61,261.98,264.06,267.02,219.18,59.79,261.6 - 264.0 (32.7%),264.0 - 267.0 (18.5%),264.0 - 276.0 (22.5%),154.7 - 166.6 (15.1%)
2021-03-17,273.09439583252146,283.5146144211581,272.7972539529488,281.315673828125,21315000,20531125,3.82,262.5,264.22,267.31,219.39,62.49,252.3 - 255.2 (29.3%),262.4 - 265.6 (19.8%),264.0 - 276.0 (22.5%),154.7 - 166.6 (15.1%)
2021-03-18,277.21491759242963,282.48445494085774,275.64000527074234,275.9767761230469,18728300,20705085,-9.55,262.96,264.26,267.55,219.58,57.73,254.8 - 257.6 (23.4%),262.4 - 265.6 (19.7%),264.0 - 276.0 (22.9%),154.7 - 166.6 (15.1%)
2021-03-19,278.5521704829662,290.02230198096265,278.53237109771635,287.3578186035156,38930500,21370480,82.17,264.37,264.54,267.84,219.81,64.02,261.8 - 265.2 (17.9%),262.7 - 266.4 (20.7%),261.8 - 273.7 (23.4%),154.7 - 166.6 (15.1%)
2021-03-22,287.69453671035484,296.8666672930708,284.02962621633924,290.7552185058594,28273100,21912390,29.03,266.02,264.98,268.14,220.01,65.66,262.2 - 266.0 (17.1%),264.0 - 268.0 (19.8%),261.8 - 273.7 (23.6%),154.7 - 166.6 (14.2%)
2021-03-23,290.3689769996633,295.17297270166296,287.0606661007779,287.8728942871094,23000900,21966205,4.71,267.24,265.35,268.38,220.22,63.03,285.0 - 288.8 (18.2%),264.0 - 268.0 (18.3%),261.8 - 273.7 (23.5%),154.7 - 166.6 (13.8%)
2021-03-24,288.2393104113675,288.9524810483119,278.49266519183493,279.46337890625,18675000,22113150,-15.55,268.12,265.6,268.55,220.4,55.99,285.0 - 288.8 (18.0%),264.0 - 268.0 (17.1%),262.2 - 273.6 (22.8%),154.7 - 166.6 (13.8%)
2021-03-25,278.31444299499725,285.32726398662305,275.1150740955086,276.0956726074219,24505600,22385775,9.47,269.32,265.62,268.65,220.57,53.42,273.6 - 277.4 (19.5%),264.0 - 268.0 (16.3%),262.2 - 273.6 (22.8%),154.7 - 166.6 (13.8%)
2021-03-26,275.6597686678641,281.8009616455641,275.13479796249743,280.3349914550781,17629200,21936260,-19.63,270.57,265.73,268.84,220.76,56.15,273.6 - 277.4 (20.1%),264.0 - 268.0 (16.1%),262.2 - 273.6 (22.9%),154.7 - 166.6 (13.1%)
2021-03-29,283.0589557103733,290.398662394221,281.99912952439996,288.0610656738281,21718800,21914335,-0.89,271.86,266.04,269.06,220.96,60.68,285.6 - 288.4 (25.3%),264.0 - 268.0 (16.1%),262.2 - 273.6 (23.0%),154.7 - 166.6 (12.9%)
2021-03-30,287.0804482525887,289.6954177994954,283.98016710356916,285.267822265625,17474500,22028475,-20.67,273.29,266.29,269.3,221.15,58.33,285.6 - 288.4 (25.6%),264.0 - 268.0 (16.1%),262.2 - 273.6 (22.9%),154.7 - 166.6 (12.9%)
2021-03-31,287.23887158573814,293.68712125662836,285.87195873125825,291.7358093261719,19498200,22227710,-12.28,275.23,266.71,269.6,221.36,61.99,286.0 - 288.6 (25.2%),264.0 - 268.0 (16.0%),262.2 - 273.6 (22.9%),154.7 - 166.6 (12.9%)
2021-04-01,295.5691170650101,299.5311696536244,293.78620549135866,295.82666015625,17616000,21527185,-18.17,277.26,267.16,269.89,221.59,64.14,285.0 - 288.0 (24.3%),264.0 - 268.4 (16.7%),262.2 - 273.6 (23.0%),154.7 - 166.6 (12.8%)
2021-04-05,298.0355263025172,307.82177116424344,297.8274967697697,305.97943115234375,28237000,21598030,30.74,279.47,267.92,270.25,221.83,68.84,285.0 - 288.0 (25.0%),260.0 - 265.2 (22.3%),261.6 - 272.5 (22.5%),170.8 - 183.0 (14.0%)
2021-04-06,305.9101252826405,308.3963233494962,302.3541861474553,303.3546142578125,17335200,21545200,-19.54,282.0,268.54,270.51,222.08,66.42,285.0 - 288.0 (25.4%),260.0 - 265.2 (22.2%),261.6 - 272.5 (22.5%),170.8 - 183.0 (14.0%)
2021-04-07,303.43381723603534,311.26878046067907,302.6017897557278,310.1197814941406,22855200,21585975,5.88,284.34,269.29,270.81,222.33,69.41,285.6 - 289.0 (26.6%),263.2 - 268.8 (19.1%),264.0 - 275.0 (21.8%),162.5 - 175.0 (16.1%)
2021-04-08,311.86304033357743,312.88326756757596,307.1085595491882,310.0503845214844,20894100,21920165,-4.68,286.72,270.22,271.15,222.6,69.34,285.6 - 289.0 (26.4%),263.2 - 268.8 (17.9%),259.2 - 270.0 (22.6%),162.5 - 175.0 (16.0%)
2021-04-09,308.44575561391315,311.7540655509096,307.3858994029307,309.4956970214844,15988600,21627895,-26.07,288.64,271.23,271.53,222.88,68.76,309.4 - 312.8 (20.3%),263.2 - 268.8 (16.5%),259.2 - 270.0 (22.6%),162.5 - 175.0 (16.1%)
2021-04-12,308.0990701921149,309.1886405859398,305.0086743318546,308.5844421386719,10881900,21141980,-48.53,290.77,272.22,271.9,223.13,67.75,309.4 - 312.8 (21.6%),263.2 - 268.8 (16.7%),259.2 - 270.0 (22.7%),162.5 - 175.0 (15.5%)
2021-04-13,309.2480890761361,311.44702938566786,306.3855219117627,306.82135009765625,14036900,21001585,-33.16,292.56,273.28,272.3,223.39,65.75,309.4 - 312.8 (22.3%),263.2 - 268.8 (16.9%),259.2 - 270.0 (22.6%),162.5 - 175.0 (15.4%)
2021-04-14,304.3846532645232,305.10773868521795,299.08543254084276,299.9471740722656,17421400,20750770,-16.04,293.72,274.13,272.59,223.63,58.49,309.4 - 312.8 (22.5%),263.2 - 268.8 (16.9%),259.2 - 270.0 (22.6%),162.5 - 175.0 (15.3%)
2021-04-15,303.43380985632155,307.19777815062554,301.21506996279595,304.8997802734375,14558300,20412935,-28.68,294.9,274.9,272.83,223.89,61.76,303.0 - 306.0 (23.5%),260.1 - 265.2 (19.7%),259.2 - 270.0 (22.6%),162.5 - 175.0 (15.3%)
2021-04-16,305.24644073124296,306.0190397537981,301.72018622300027,303.2752990722656,13059200,20129480,-35.12,296.26,275.54,273.07,224.14,60.09,302.5 - 305.0 (17.9%),259.2 - 264.0 (16.0%),259.2 - 270.0 (22.7%),162.5 - 175.0 (15.2%)
2021-04-19,302.11642139777234,304.7809041528577,297.70862584969257,299.3726806640625,14553500,18910630,-23.04,296.87,276.02,273.21,224.38,56.15,302.5 - 305.0 (18.4%),259.2 - 264.0 (15.8%),259.2 - 270.0 (22.8%),162.5 - 175.0 (14.8%)
2021-04-20,299.1250662660289,302.20557798174207,294.3904144635005,299.77880859375,16796400,18336795,-8.4,297.32,276.49,273.42,224.63,56.47,298.8 - 300.6 (20.0%),259.2 - 264.0 (16.0%),259.2 - 270.0 (22.7%),162.5 - 175.0 (14.7%)
2021-04-21,299.0855036538206,299.11521784376026,294.56876541458814,298.61004638671875,14863500,17929925,-17.1,297.85,276.87,273.57,224.88,55.22,309.4 - 310.8 (25.0%),259.2 - 264.0 (16.1%),259.2 - 270.0 (22.7%),162.5 - 175.0 (14.7%)
2021-04-22,298.4713053900647,300.0462478528295,293.2315127452414,293.7069396972656,16375400,17814945,-8.08,298.57,277.11,273.81,225.11,50.2,308.8 - 310.4 (25.1%),259.2 - 264.0 (16.2%),260.0 - 270.0 (21.3%),162.5 - 175.0 (14.7%)
2021-04-23,295.9257731485298,299.7194259149604,294.3310309632199,298.2732849121094,17536800,17466505,0.4,299.67,277.59,273.98,225.36,54.36,308.8 - 310.4 (23.4%),259.2 - 264.0 (16.2%),257.4 - 267.3 (22.4%),162.5 - 175.0 (14.5%)
2021-04-26,300.4622724860118,302.89892651057903,298.6991601872494,300.1651306152344,16172600,17393675,-7.02,300.67,278.22,274.31,225.6,56.0,299.2 - 300.8 (26.7%),259.2 - 264.0 (16.3%),257.4 - 267.3 (22.5%),162.5 - 175.0 (14.2%)
2021-04-27,301.39338047864203,302.44332214015554,298.25344007184407,300.69012451171875,15309300,17073200,-10.33,301.3,278.97,274.65,225.87,56.47,299.2 - 300.8 (33.3%),259.2 - 264.0 (16.3%),257.4 - 267.3 (22.5%),162.5 - 175.0 (14.0%)
2021-04-28,304.44412787157387,307.9703827339586,302.4730162426991,304.1866149902344,33907200,17894835,89.48,302.24,279.71,275.0,226.16,59.55,299.2 - 300.8 (31.8%),259.2 - 264.0 (16.3%),257.4 - 267.3 (22.5%),162.5 - 175.0 (14.0%)
2021-04-29,326.9881706326796,328.6621401433238,318.55889471335774,326.38397216796875,56526800,19746265,186.27,303.98,280.74,275.35,226.49,72.74,297.0 - 300.3 (33.8%),260.4 - 266.6 (17.5%),257.5 - 267.8 (21.6%),163.2 - 176.8 (14.8%)
2021-04-30,323.04597394835133,326.6910550934909,321.42151786937205,321.9960021972656,26332400,20182085,30.47,305.28,281.7,275.6,226.82,68.02,297.0 - 300.3 (32.6%),260.4 - 266.6 (17.6%),261.9 - 271.6 (20.8%),163.2 - 176.8 (14.7%)
2021-05-03,323.0756522599177,325.43304790867603,318.7867138596751,319.5196838378906,18719500,19706210,-5.01,305.96,282.63,275.84,227.14,65.44,297.0 - 300.3 (31.8%),260.4 - 266.6 (17.6%),256.5 - 266.0 (21.1%),163.2 - 176.8 (14.2%)
2021-05-04,316.9840076550552,319.13343449276175,310.14947295975657,315.3397521972656,24032600,20041080,19.92,306.56,283.46,276.17,227.44,61.21,297.0 - 300.3 (30.8%),260.4 - 266.6 (16.1%),256.5 - 266.0 (21.0%),176.8 - 190.4 (14.1%)
2021-05-05,315.17140383019904,318.01417193456894,311.50649282566917,312.0314636230469,15577600,19677200,-20.83,306.66,284.26,276.52,227.73,58.02,297.0 - 300.3 (25.4%),260.4 - 266.6 (15.0%),256.5 - 266.0 (21.0%),176.8 - 190.4 (14.1%)
2021-05-06,311.5361864398612,317.20192289215305,310.2980449968609,316.9840087890625,19012200,19583105,-2.92,307.0,285.09,276.88,228.02,61.28,297.0 - 300.3 (25.1%),260.4 - 266.6 (13.6%),256.5 - 266.0 (21.0%),176.8 - 190.4 (14.1%)
2021-05-07,319.32165979254125,319.8763447828679,315.72609193262986,316.0529479980469,15916700,19579510,-18.71,307.33,285.87,277.24,228.32,60.33,297.0 - 300.3 (24.8%),260.4 - 266.6 (12.6%),256.5 - 266.0 (21.1%),176.8 - 190.4 (14.1%)
2021-05-10,311.3678271412114,311.59562582881836,301.93812223192924,303.06732177734375,24239200,20247375,19.72,307.06,286.46,277.48,228.58,48.96,297.0 - 300.3 (19.7%),297.6 - 303.8 (13.3%),256.5 - 266.0 (21.1%),163.2 - 176.8 (14.0%)
2021-05-11,297.8968741459772,303.929096498822,296.84693246914446,303.6220397949219,18920100,20491535,-7.67,306.9,287.06,277.71,228.84,49.4,323.4 - 326.7 (17.0%),297.6 - 303.8 (14.8%),256.5 - 266.0 (21.0%),163.2 - 176.8 (14.0%)
2021-05-12,298.2732367565769,302.066888910531,295.36112560839774,299.67974853515625,24645500,20852740,18.19,306.88,287.53,277.93,229.07,46.35,297.0 - 300.3 (17.0%),297.6 - 303.8 (16.6%),256.5 - 266.0 (21.0%),163.2 - 176.8 (13.9%)
2021-05-13,303.17621137364426,305.92983635569317,299.89761570096204,302.364013671875,18079200,21028785,-14.03,306.75,288.05,278.21,229.31,48.67,302.4 - 305.2 (22.3%),297.6 - 303.8 (17.9%),256.5 - 266.0 (20.9%),163.2 - 176.8 (13.9%)
2021-05-14,306.6034106647462,313.84405846969884,306.1477529083865,312.94268798828125,19245700,21338110,-9.81,307.24,288.82,278.56,229.58,56.64,302.4 - 305.1 (22.2%),297.6 - 303.8 (17.8%),260.4 - 269.7 (20.1%),163.2 - 176.8 (13.9%)
2021-05-17,310.5753709868139,312.6851687301964,308.6240589670911,312.4672546386719,15401300,21380500,-27.97,307.89,289.71,278.94,229.84,56.22,302.4 - 305.1 (22.3%),297.6 - 303.8 (17.6%),258.1 - 267.0 (21.2%),163.2 - 176.8 (14.0%)
2021-05-18,312.59603342634523,313.4974039972751,306.87086877415885,307.0194396972656,14522400,21266800,-31.71,308.26,290.53,279.29,230.08,51.48,302.4 - 305.1 (22.3%),297.6 - 303.8 (17.6%),258.1 - 267.0 (21.2%),163.2 - 176.8 (14.0%)
2021-05-19,301.3042326203811,311.6749077182455,300.6901192323234,310.61505126953125,19106200,21478935,-11.05,308.86,291.32,279.59,230.33,54.22,310.5 - 313.2 (21.0%),297.6 - 303.8 (17.5%),258.0 - 266.6 (20.6%),163.2 - 176.8 (13.9%)
2021-05-20,310.6050920231846,316.2213147347966,310.1890934389536,315.5873718261719,17320200,21526175,-19.54,309.95,292.21,279.94,230.6,57.78,314.6 - 316.8 (19.7%),297.6 - 303.8 (17.5%),258.0 - 266.6 (20.7%),163.2 - 176.8 (13.9%)
2021-05-21,316.26094825236805,316.89486094200856,312.8139516504999,313.22998046875,13600900,21329380,-36.23,310.7,293.23,280.26,230.87,55.57,312.0 - 314.0 (22.9%),297.6 - 303.8 (17.6%),258.0 - 266.6 (20.8%),163.2 - 176.8 (13.9%)
2021-05-24,315.19118516139713,322.8577775987572,315.0129000467769,321.55029296875,16445400,21343020,-22.95,311.77,294.34,280.65,231.15,61.2,314.6 - 316.8 (20.7%),297.6 - 303.8 (17.7%),258.0 - 266.6 (21.1%),163.2 - 176.8 (13.9%)
2021-05-25,323.9769813341506,326.05706469642007,321.7186128851873,324.6802673339844,16437000,21399405,-23.19,312.97,295.37,280.99,231.42,63.09,315.0 - 317.5 (19.5%),297.6 - 303.8 (17.7%),258.0 - 266.6 (21.0%),163.2 - 176.8 (13.9%)
2021-05-26,325.2349701032148,326.70091008969223,322.7289732643222,324.551513671875,9686900,20188390,-52.02,313.98,296.51,281.33,231.7,62.95,315.0 - 317.5 (19.9%),297.6 - 303.8 (17.8%),258.0 - 266.6 (21.0%),163.2 - 176.8 (13.9%)
2021-05-27,324.88832409842223,330.6134890883512,323.6600974242012,329.59326171875,20477700,18385935,11.38,314.14,297.78,281.75,231.99,66.04,312.0 - 315.0 (18.3%),300.8 - 307.2 (15.3%),258.1 - 267.0 (21.6%),179.4 - 193.2 (14.0%)
2021-05-28,327.85984306280506,329.71209776265187,325.21515972929274,325.61138916015625,12037400,17671185,-31.88,314.33,298.96,282.15,232.26,61.67,312.0 - 315.0 (18.5%),300.8 - 307.2 (15.5%),258.1 - 267.0 (21.7%),179.4 - 193.2 (13.9%)
2021-06-01,327.0179420230442,328.2759131910481,323.54126108571313,326.00762939453125,11765900,17323505,-32.08,314.65,300.03,282.51,232.53,61.94,324.0 - 327.0 (21.8%),300.8 - 307.2 (15.8%),258.1 - 267.0 (21.8%),179.4 - 193.2 (13.5%)
2021-06-02,327.2457162381964,328.7215710545583,324.0166339241082,326.0273742675781,11654300,16704590,-30.23,315.18,301.25,282.89,232.81,61.95,324.0 - 326.7 (28.5%),300.8 - 307.2 (15.8%),258.1 - 267.0 (21.9%),179.4 - 193.2 (13.5%)
2021-06-03,322.6893563352216,324.27418333998094,320.41118829767197,322.9468994140625,12610800,16556250,-23.83,315.73,302.24,283.28,233.07,58.26,324.3 - 326.6 (29.3%),300.8 - 307.2 (16.1%),258.1 - 267.0 (21.9%),179.4 - 193.2 (13.5%)
2021-06-04,322.8082984214261,329.30606365369846,322.0951275921245,327.2160949707031,13289400,16270110,-18.32,316.24,303.32,283.72,233.33,61.67,324.3 - 326.6 (30.1%),300.8 - 307.2 (16.3%),258.1 - 267.0 (21.9%),179.4 - 193.2 (13.4%)
2021-06-07,326.354342438948,334.4864484041338,325.80954197129427,333.386962890625,20136700,16481110,22.18,317.11,304.36,284.24,233.61,66.0,325.0 - 327.6 (23.3%),300.9 - 306.8 (13.9%),257.6 - 266.8 (21.7%),168.0 - 182.0 (13.4%)
2021-06-08,333.5057732079439,335.09056998714277,329.0880630131473,330.514404296875,14580500,15998175,-8.86,318.48,305.44,284.73,233.88,62.46,324.3 - 326.6 (29.4%),300.9 - 306.8 (14.0%),257.6 - 266.8 (21.7%),168.0 - 182.0 (13.4%)
2021-06-09,332.55491252359707,333.604854161849,326.86937607931964,327.11700439453125,13727900,15738565,-12.78,319.66,306.37,285.19,234.14,58.47,326.0 - 328.0 (24.8%),302.4 - 308.0 (14.9%),257.6 - 266.8 (21.7%),168.0 - 182.0 (13.3%)
2021-06-10,327.6518596910735,330.7719701283223,325.433089637067,329.3059997558594,13240200,15168300,-12.71,321.14,307.25,285.66,234.4,60.23,326.0 - 328.0 (25.3%),302.4 - 308.0 (15.0%),257.6 - 266.8 (21.7%),168.0 - 182.0 (13.3%)
2021-06-11,329.42485552916145,329.6724838207225,325.8094885179826,328.1174011230469,13587900,14943735,-9.07,322.42,308.03,286.12,234.67,58.78,325.2 - 326.4 (17.8%),301.6 - 306.8 (14.2%),257.6 - 266.8 (21.8%),168.0 - 182.0 (13.3%)
2021-06-14,328.75130953961195,333.6246475542689,326.68114067655125,333.5751037597656,12250800,14593990,-16.06,323.46,308.99,286.62,234.95,63.19,325.6 - 326.7 (18.1%),302.4 - 307.2 (15.1%),257.6 - 266.8 (21.9%),168.0 - 182.0 (13.4%)
2021-06-15,333.7930418700533,336.6952685913307,331.8516444137822,333.5553283691406,15795200,14613685,8.08,324.51,309.76,287.15,235.24,63.16,333.3 - 334.4 (24.7%),302.4 - 307.2 (15.2%),257.6 - 266.8 (21.8%),168.0 - 182.0 (13.4%)
2021-06-16,333.505796319182,334.34770833095126,325.6014903431111,327.9390869140625,17232200,14749175,16.84,325.56,310.38,287.68,235.5,56.01,333.3 - 334.4 (23.8%),302.4 - 307.2 (15.2%),257.6 - 266.8 (21.8%),168.0 - 182.0 (13.3%)
2021-06-17,327.3547177791445,334.7736826551358,327.0179468979532,333.317626953125,17794100,14683570,21.18,326.69,311.13,288.24,235.78,60.61,333.3 - 334.4 (33.0%),302.4 - 307.2 (15.3%),257.6 - 266.8 (21.8%),168.0 - 182.0 (13.3%)
2021-06-18,331.3563873337237,332.96101391874834,325.8788504187858,326.5325927734375,23039500,14969535,53.91,327.24,311.92,288.76,236.04,53.07,333.3 - 334.4 (31.3%),302.4 - 307.2 (15.5%),257.6 - 266.8 (21.8%),168.0 - 182.0 (13.3%)
2021-06-21,327.94900636567183,329.7616624195683,324.54163859548,329.13763427734375,11337500,14856365,-23.69,328.03,312.8,289.21,236.31,55.37,333.3 - 334.4 (29.7%),302.4 - 307.2 (15.7%),257.6 - 266.8 (22.0%),168.0 - 182.0 (13.4%)
2021-06-22,329.53375026183727,336.69516965308753,329.44460772518966,335.8135986328125,15345300,14801360,3.67,328.75,313.73,289.73,236.6,60.67,332.8 - 334.1 (29.2%),325.0 - 330.0 (19.3%),263.2 - 272.6 (20.0%),170.4 - 184.6 (14.0%)
2021-06-23,336.13066002533924,340.16205599879413,334.991575892444,337.35888671875,14817800,14720400,0.66,329.38,314.55,290.29,236.89,61.81,333.2 - 334.6 (28.8%),321.3 - 326.4 (15.4%),256.5 - 266.0 (21.9%),171.6 - 185.9 (14.1%)
2021-06-24,338.60694713631705,341.6280003378415,338.54751876191796,339.92431640625,12329100,14852510,-16.99,330.15,315.46,290.87,237.2,63.68,332.8 - 334.1 (28.9%),325.0 - 330.0 (19.5%),261.9 - 271.6 (21.9%),174.0 - 188.5 (14.7%)
2021-06-25,339.3399276072849,340.8554116568943,336.4575304486031,338.1315002441406,14594400,14558345,0.25,330.58,316.23,291.47,237.5,61.41,332.8 - 334.1 (28.7%),299.0 - 303.6 (16.0%),261.9 - 271.6 (21.9%),174.0 - 188.5 (14.8%)
2021-06-28,339.21115629947866,354.7424269031566,338.52769974443873,352.2661437988281,29156100,15414280,89.15,331.91,317.17,292.17,237.84,70.36,327.6 - 330.2 (23.2%),324.8 - 330.4 (19.5%),257.5 - 267.8 (23.2%),168.3 - 183.6 (14.8%)
2021-06-29,352.8900882087451,353.355630570849,345.7385824793546,348.5516662597656,21417300,15896850,34.73,333.04,317.88,292.9,238.17,66.03,327.6 - 330.2 (22.6%),325.0 - 330.0 (19.4%),257.5 - 267.8 (23.1%),168.3 - 183.6 (14.8%)
2021-06-30,348.8290262926332,349.5719111486522,343.8764605858398,344.41131591796875,15107500,16069510,-5.99,333.96,318.57,293.55,238.51,61.48,327.6 - 330.2 (22.4%),323.4 - 328.3 (17.8%),264.6 - 274.4 (20.3%),168.3 - 183.6 (14.8%)
2021-07-01,343.5297626353316,351.30529656208586,343.212791186716,351.0279541015625,17137000,16295820,5.16,335.36,319.25,294.27,238.86,65.56,351.0 - 353.6 (18.4%),323.4 - 328.3 (17.8%),259.2 - 268.8 (21.4%),168.3 - 183.6 (14.7%)
2021-07-02,351.73125173404804,353.05853582625923,349.2747680575,351.3350524902344,11521300,16207415,-28.91,336.57,319.94,295.08,239.21,65.74,351.0 - 353.6 (23.2%),323.4 - 328.3 (17.6%),259.2 - 268.8 (21.5%),168.3 - 183.6 (14.8%)
2021-07-06,353.1179376629286,355.38622123828145,345.8673741566014,349.4332275390625,13488500,15875005,-15.03,337.37,320.6,295.92,239.55,63.51,351.0 - 353.6 (24.7%),323.4 - 328.3 (18.1%),259.2 - 268.8 (21.6%),168.3 - 183.6 (14.8%)
2021-07-07,351.8897455582197,353.10805750522314,346.6796362096312,347.16497802734375,14218900,15856925,-10.33,338.2,321.25,296.73,239.89,60.86,351.0 - 353.6 (25.0%),323.4 - 328.3 (18.3%),259.2 - 268.8 (21.7%),168.3 - 183.6 (14.8%)
2021-07-08,342.45010758570027,345.0254174831095,339.3101677341417,342.370849609375,14406500,15890855,-9.34,338.96,321.84,297.56,240.22,55.58,351.0 - 353.6 (25.4%),323.4 - 328.3 (18.4%),259.2 - 268.8 (21.7%),168.3 - 183.6 (14.8%)
2021-07-09,342.04404889596174,347.3828996908801,341.9945050957315,347.0956726074219,13018700,15879780,-18.02,339.85,322.62,298.37,240.55,59.33,347.3 - 349.6 (16.0%),323.4 - 328.3 (18.4%),259.2 - 268.8 (21.8%),168.3 - 183.6 (14.8%)
2021-07-12,347.89791785205335,350.82982808714326,346.3230056918107,349.8096008300781,10018600,15701315,-36.19,340.94,323.37,299.13,240.91,61.34,352.0 - 353.6 (13.5%),323.4 - 328.3 (18.4%),259.2 - 268.8 (21.9%),168.3 - 183.6 (14.8%)
2021-07-13,348.16538722065025,355.0890647643764,345.4909895092377,348.7497863769531,11456000,15661575,-26.85,341.7,324.13,299.83,241.26,60.09,351.0 - 352.5 (27.2%),323.4 - 328.3 (18.5%),259.2 - 268.8 (21.9%),168.3 - 183.6 (14.8%)
2021-07-14,351.19634118213213,351.83028410965335,343.4406364928842,344.33209228515625,13894200,15566525,-10.74,342.24,324.88,300.45,241.6,55.04,348.6 - 350.0 (16.5%),323.4 - 328.3 (18.5%),259.2 - 268.8 (21.9%),168.3 - 183.6 (14.8%)
2021-07-15,345.9169365102335,345.9169365102335,336.99240288481633,341.1921691894531,14781600,15443995,-4.29,342.9,325.57,301.03,241.92,51.72,348.6 - 350.0 (16.3%),323.4 - 328.3 (18.5%),259.2 - 268.8 (22.0%),168.3 - 183.6 (14.8%)
2021-07-16,341.637855285962,342.7075960657856,336.9131189806477,337.9234313964844,11026100,15105595,-27.01,343.13,326.23,301.55,242.25,48.44,348.6 - 350.0 (16.6%),323.4 - 328.3 (18.6%),259.2 - 268.8 (22.0%),168.3 - 183.6 (14.8%)
2021-07-19,334.3674701377702,336.56641013766284,331.3662170513816,333.75335693359375,14372300,14672235,-2.04,343.49,326.89,302.0,242.56,44.56,347.4 - 349.2 (16.8%),323.4 - 328.3 (18.6%),259.2 - 268.8 (22.1%),168.3 - 183.6 (14.8%)
2021-07-20,335.5858785801721,340.1917893966919,331.32668367645437,338.41876220703125,11024300,14656575,-24.78,343.95,327.56,302.58,242.89,49.44,343.8 - 345.6 (15.6%),323.4 - 328.3 (18.7%),259.2 - 268.8 (22.1%),168.3 - 183.6 (14.8%)
2021-07-21,338.26023552556944,343.23260058003626,338.0126072418758,342.94537353515625,9279700,14353295,-35.35,344.31,328.27,303.25,243.24,53.7,351.0 - 352.8 (16.0%),323.4 - 328.3 (18.8%),259.2 - 268.8 (22.1%),168.3 - 183.6 (14.8%)
2021-07-22,343.3910830167803,348.2049925242254,341.9350275134986,347.8583068847656,12385400,14231675,-12.97,344.83,329.06,304.01,243.59,57.85,345.6 - 347.4 (15.6%),324.0 - 328.5 (18.8%),259.2 - 268.8 (22.1%),168.3 - 183.6 (14.8%)
2021-07-23,357.4860988835714,371.7692813507044,353.80138881530655,366.2818603515625,33694300,15299935,120.23,346.15,330.1,304.9,243.98,69.06,346.5 - 349.8 (32.8%),324.8 - 330.4 (20.3%),265.0 - 275.6 (22.5%),162.0 - 178.2 (16.2%)
2021-07-26,366.0738007259578,370.88770988079483,364.7267174837196,368.9264831542969,14925200,15316475,-2.55,347.69,330.8,305.77,244.38,70.28,346.5 - 350.0 (35.2%),324.8 - 330.6 (21.7%),259.2 - 270.0 (25.4%),164.0 - 180.4 (15.2%)
2021-07-27,368.38181996881326,369.6100468376383,361.0916260665899,364.3207092285156,15705400,14643940,7.25,348.3,331.51,306.61,244.75,65.43,346.5 - 350.0 (28.5%),324.8 - 330.6 (21.7%),259.2 - 270.0 (25.3%),164.0 - 180.4 (14.8%)
2021-07-28,371.0066252299384,373.9682500525475,363.44900460704366,369.73876953125,29676900,15056920,97.1,349.35,332.35,307.49,245.14,68.21,363.6 - 367.2 (21.5%),324.8 - 330.6 (21.8%),261.6 - 272.5 (25.2%),165.0 - 181.5 (14.8%)
2021-07-29,357.5752528439892,362.05236147117967,353.3556570848168,354.9206848144531,33413200,15972205,109.2,349.88,333.01,308.23,245.5,55.16,363.6 - 367.2 (19.9%),324.8 - 330.6 (16.9%),256.8 - 267.5 (24.7%),165.0 - 181.5 (14.8%)
2021-07-30,350.64166212286204,357.3078266379785,349.5917205810782,352.9198303222656,15976200,15914165,0.39,349.97,333.69,308.97,245.85,53.67,363.6 - 367.2 (19.6%),324.8 - 330.6 (17.0%),265.0 - 275.6 (22.4%),165.0 - 181.5 (14.4%)
2021-08-02,354.7027643160536,355.9904193171257,347.41257182876404,348.6111145019531,13180400,15997120,-17.61,349.84,334.22,309.66,246.18,50.5,363.6 - 367.2 (19.4%),324.8 - 330.6 (17.1%),261.9 - 271.6 (23.2%),165.0 - 181.5 (13.8%)
2021-08-03,349.38366080157556,350.41377255569176,344.4013816288337,347.90777587890625,12406100,15943000,-22.18,349.76,334.75,310.31,246.52,49.98,363.6 - 367.2 (19.3%),324.8 - 330.6 (17.3%),261.9 - 271.6 (23.1%),165.0 - 181.5 (13.6%)
2021-08-04,349.07661885335125,357.06015153741976,348.175248359594,355.51495361328125,14180600,15941085,-11.04,350.18,335.62,311.04,246.87,55.33,352.8 - 356.4 (24.8%),324.8 - 330.6 (17.3%),261.9 - 271.6 (23.2%),165.0 - 181.5 (13.6%)
2021-08-05,356.2281851237261,360.44775084051633,353.5141583749958,359.5265808105469,10247200,15733120,-34.87,351.04,336.55,311.8,247.24,57.88,352.8 - 356.4 (25.3%),324.8 - 330.6 (17.5%),261.9 - 271.6 (23.2%),165.0 - 181.5 (13.6%)
2021-08-06,357.97143349481155,361.6858576737728,357.97143349481155,360.0614318847656,8925000,15528435,-42.52,351.69,337.56,312.54,247.6,58.23,352.8 - 356.4 (25.5%),324.8 - 330.6 (17.6%),261.9 - 271.6 (23.2%),165.0 - 181.5 (13.7%)
2021-08-09,360.3091014996605,362.3099273381694,357.327647010322,358.1794738769531,7798900,15417450,-49.42,352.1,338.49,313.27,247.96,56.48,353.4 - 356.5 (19.6%),324.8 - 330.6 (17.9%),261.9 - 271.6 (21.3%),165.0 - 181.5 (13.6%)
2021-08-10,358.3973816378222,360.64586597151145,355.6338715448649,357.70404052734375,7469900,15218145,-50.91,352.55,339.23,314.03,248.32,56.03,353.7 - 356.4 (19.9%),324.8 - 330.6 (18.1%),261.9 - 271.6 (21.3%),165.0 - 181.5 (13.5%)
2021-08-11,358.6647869317527,358.9222997736077,354.41547741845784,356.5450744628906,8400300,14943450,-43.79,353.16,339.97,314.84,248.68,54.86,354.2 - 356.4 (20.0%),324.8 - 330.4 (16.9%),261.9 - 271.6 (21.4%),165.0 - 181.5 (13.5%)
2021-08-12,355.0494575532028,359.55628038135825,353.7221433059205,359.2095947265625,7170700,14562905,-50.76,354.06,340.84,315.68,249.04,57.07,354.2 - 356.4 (20.4%),348.4 - 353.6 (15.2%),261.9 - 271.6 (21.5%),165.0 - 181.5 (13.4%)
2021-08-13,359.5264978082248,361.2004671638264,358.050643139983,359.7344970703125,7195700,14371385,-49.93,355.15,341.66,316.49,249.4,57.51,354.2 - 356.4 (23.0%),348.4 - 353.6 (15.4%),261.9 - 271.6 (21.6%),165.0 - 181.5 (13.3%)
2021-08-16,359.0808377023878,363.468834192293,353.9896155259015,363.08251953125,11222100,14213875,-21.05,356.62,342.45,317.33,249.76,60.31,354.2 - 356.4 (23.4%),348.4 - 353.6 (15.4%),261.9 - 271.6 (21.6%),165.0 - 181.5 (12.8%)
2021-08-17,359.5364307791017,361.2104002192923,351.7014690786031,355.0494079589844,12328700,14279095,-13.66,357.45,343.15,318.19,250.11,51.53,354.2 - 356.4 (30.0%),323.4 - 328.3 (15.4%),261.9 - 271.6 (21.6%),165.0 - 181.5 (12.7%)
2021-08-18,352.8703098059942,356.446047769225,351.7807392950159,352.0779113769531,10042400,14317230,-29.86,357.91,343.66,319.0,250.46,48.71,354.0 - 355.5 (25.4%),347.8 - 352.5 (17.7%),261.9 - 271.6 (21.6%),165.0 - 181.5 (12.7%)
2021-08-19,348.0167835768301,354.17777626523014,347.67009794637113,351.7510070800781,12004500,14298185,-16.04,358.1,344.11,319.74,250.82,48.39,358.5 - 360.0 (15.5%),347.8 - 352.5 (19.1%),261.9 - 271.6 (21.6%),165.0 - 181.5 (12.7%)
2021-08-20,351.23598679466534,356.57483722451366,349.9582163027017,355.9607238769531,8697700,13048355,-33.34,357.59,344.63,320.57,251.18,52.63,355.5 - 357.0 (20.7%),324.0 - 328.0 (14.2%),261.9 - 271.6 (21.7%),181.5 - 198.0 (12.6%)
2021-08-23,356.03007430064173,362.22078192713013,355.6933034331285,359.9029846191406,10942000,12849195,-14.84,357.14,345.14,321.46,251.56,56.26,358.5 - 360.0 (23.9%),323.7 - 327.6 (12.4%),261.9 - 271.6 (21.1%),181.5 - 198.0 (12.7%)
2021-08-24,360.21002504836736,364.4692196120128,358.40728381412873,362.04248046875,9235100,12525680,-26.27,357.02,345.74,322.35,251.95,58.13,359.7 - 360.8 (18.6%),347.1 - 351.0 (12.1%),261.9 - 271.6 (21.0%),181.5 - 198.0 (12.7%)
2021-08-25,362.131571255425,367.34164925888876,361.9334565574127,364.8951110839844,9684500,11526060,-15.98,356.78,346.39,323.21,252.34,60.55,358.8 - 360.1 (31.5%),347.1 - 351.0 (12.1%),261.9 - 271.6 (20.6%),181.5 - 198.0 (12.7%)
2021-08-26,364.8853015700597,365.935243270761,360.67561996107537,360.9232482910156,7888700,10249835,-23.04,357.08,346.97,324.11,252.73,55.72,358.8 - 360.1 (24.6%),347.1 - 351.0 (12.3%),261.9 - 271.6 (20.7%),181.5 - 198.0 (12.7%)
2021-08-27,361.6363769656691,370.1943953329407,360.6260341512379,369.0949401855469,11219100,10011980,12.06,357.89,347.74,324.99,253.14,62.37,358.7 - 360.4 (17.9%),347.1 - 351.0 (12.3%),261.9 - 271.6 (21.0%),181.5 - 198.0 (12.7%)
2021-08-30,369.0255740698317,377.87084918045673,367.0049187946266,377.0487365722656,13547300,10030325,35.06,359.31,348.57,325.95,253.55,67.5,357.5 - 360.0 (22.3%),351.0 - 355.5 (15.8%),257.5 - 267.8 (20.2%),152.1 - 169.0 (13.4%)
2021-08-31,376.345514102886,379.128853862961,375.2063997051073,375.7809143066406,12345400,10027290,23.12,360.7,349.28,326.82,253.96,65.95,355.0 - 357.5 (19.4%),351.0 - 355.5 (15.8%),257.5 - 267.8 (20.2%),152.1 - 169.0 (13.4%)
2021-09-01,375.9888529015895,380.6838751840023,375.2162539155208,378.4255065917969,11567200,9896620,16.88,361.85,350.08,327.76,254.38,67.62,359.1 - 361.8 (21.4%),345.0 - 349.6 (12.5%),260.0 - 270.4 (21.7%),153.0 - 170.0 (13.5%)
2021-09-02,377.880749806358,378.128378082771,370.51132988205984,371.7197570800781,14832900,10125905,46.48,362.46,350.82,328.59,254.79,59.67,359.1 - 361.8 (16.0%),348.3 - 352.6 (16.7%),260.0 - 270.4 (21.7%),153.0 - 170.0 (13.5%)
2021-09-03,371.1948669704203,373.5820077009204,369.5704106148331,372.6905517578125,7509600,10055135,-25.32,363.09,351.54,329.39,255.19,60.39,375.3 - 378.0 (15.9%),348.3 - 352.6 (16.8%),260.0 - 270.4 (21.8%),153.0 - 170.0 (13.5%)
2021-09-07,372.3141003230219,379.32692036322055,369.6099884494371,378.5543212890625,10793800,10204880,5.77,364.11,352.38,330.21,255.61,64.54,375.3 - 378.0 (17.2%),348.3 - 352.6 (17.2%),260.0 - 270.4 (22.0%),153.0 - 170.0 (12.8%)
2021-09-08,376.55349312892326,377.2567490209844,371.23444220304134,373.9880676269531,11067200,10384745,6.57,364.92,353.06,331.02,256.01,59.33,375.3 - 378.0 (17.1%),348.3 - 352.6 (17.3%),260.0 - 270.4 (22.0%),153.0 - 170.0 (12.7%)
2021-09-09,374.05743121101506,376.2266273779361,372.99757479869385,374.41400146484375,9098900,10419675,-12.68,365.82,353.74,331.75,256.41,59.66,372.6 - 374.9 (18.6%),348.3 - 352.6 (17.4%),260.0 - 270.4 (21.5%),153.0 - 170.0 (12.7%)
2021-09-10,377.74212665130995,380.14909687401274,374.67155969258806,375.09747314453125,11549600,10638620,8.56,366.61,354.52,332.45,256.8,60.21,374.3 - 376.2 (21.8%),348.3 - 352.6 (17.4%),260.0 - 270.4 (21.6%),153.0 - 170.0 (12.6%)
2021-09-13,378.059046334815,378.12838950904074,370.7985983513345,372.9381103515625,13026300,10930150,19.18,367.27,355.18,333.16,257.19,57.52,374.4 - 376.2 (21.5%),348.3 - 352.6 (17.4%),260.0 - 270.4 (20.7%),255.0 - 272.0 (12.4%)
2021-09-14,373.8196578663158,374.99837093653537,371.55137428227204,372.9579162597656,8711600,10804625,-19.37,367.77,355.96,333.94,257.57,57.54,372.6 - 374.4 (26.4%),348.3 - 352.6 (17.5%),260.0 - 270.4 (20.7%),255.0 - 272.0 (12.4%)
2021-09-15,373.4234785548974,373.97816353185317,364.18200364591615,370.3727111816406,17940300,11085205,61.84,368.53,356.65,334.72,257.96,54.19,372.6 - 374.4 (25.0%),348.3 - 352.6 (17.5%),260.0 - 270.4 (20.2%),255.0 - 272.0 (12.4%)
2021-09-16,369.2534158300907,370.01610009451014,366.20261831628665,369.5208435058594,11934200,11179795,6.75,369.4,357.21,335.47,258.34,53.09,372.6 - 373.5 (17.7%),348.3 - 352.6 (17.6%),260.0 - 270.4 (19.8%),255.0 - 272.0 (12.4%)
2021-09-17,367.88651504280114,367.88651504280114,358.1596680635038,361.2599792480469,26299000,11894520,121.1,369.88,357.61,336.08,258.72,43.81,372.3 - 374.0 (22.4%),348.5 - 352.6 (17.6%),260.0 - 270.4 (19.2%),255.0 - 272.0 (12.4%)
2021-09-20,355.8913540769739,357.6049526670388,346.4814793800692,352.3255310058594,19822800,12450775,59.21,369.7,357.81,336.64,259.07,36.41,369.2 - 371.8 (24.0%),351.5 - 355.2 (15.5%),260.0 - 270.4 (19.3%),255.0 - 272.0 (12.4%)
2021-09-21,355.0989354958914,356.62433408712246,351.82033965335125,354.088623046875,11751900,12491270,-5.92,369.41,358.08,337.16,259.42,38.61,369.2 - 371.8 (24.0%),351.5 - 355.2 (16.9%),260.0 - 270.4 (19.3%),255.0 - 272.0 (12.4%)
2021-09-22,343.9359230968264,346.52114814292474,337.457958045449,339.95404052734375,43692900,14214160,207.39,368.3,357.87,337.52,259.74,29.71,370.5 - 374.4 (25.3%),351.5 - 355.2 (16.4%),260.0 - 270.4 (19.2%),255.0 - 272.0 (12.4%)
2021-09-23,342.0836035508044,346.3527429943944,339.7460070496701,342.67791748046875,21806300,14820250,47.14,367.19,357.78,337.83,260.06,32.92,339.3 - 343.2 (29.1%),351.5 - 355.2 (16.2%),260.0 - 270.4 (19.2%),255.0 - 272.0 (12.4%)
2021-09-24,339.9837519281476,350.98836964938835,339.12201025317967,349.6115417480469,18801900,15365910,22.36,366.63,357.86,338.21,260.4,40.38,339.3 - 343.2 (27.7%),351.5 - 355.2 (16.1%),260.0 - 270.4 (19.2%),255.0 - 272.0 (12.4%)
2021-09-27,346.49145325078035,351.7807906178739,343.78734107375493,350.2256774902344,15205800,15565245,-2.31,365.68,357.85,338.55,260.74,41.01,339.3 - 343.2 (26.0%),347.8 - 351.5 (17.8%),260.0 - 270.4 (19.3%),255.0 - 272.0 (12.4%)
2021-09-28,344.6688992571174,346.2834407025634,335.7047663722413,337.4183349609375,21710300,15973395,35.92,363.7,357.62,338.78,261.05,33.18,349.6 - 353.4 (20.5%),347.8 - 351.5 (15.3%),260.0 - 270.4 (19.3%),255.0 - 272.0 (12.4%)
2021-09-29,339.8945780567784,341.9548623163684,335.6650978296947,336.3881530761719,14452200,16078735,-10.12,361.73,357.4,339.0,261.35,32.65,339.3 - 343.2 (24.6%),347.8 - 351.5 (15.4%),260.0 - 270.4 (19.3%),255.0 - 272.0 (12.4%)
2021-09-30,337.2201990425168,339.54788065926175,334.94200076178834,336.1702575683594,16547100,16327730,1.34,359.62,357.22,339.23,261.65,32.52,339.3 - 343.2 (24.0%),347.8 - 351.5 (13.4%),260.0 - 270.4 (19.3%),255.0 - 272.0 (12.4%)
2021-10-01,338.36920823049684,341.74686195459276,335.42741297164355,339.7559509277344,14905300,16331350,-8.73,358.02,357.17,339.51,261.96,36.67,336.7 - 340.4 (29.0%),351.5 - 355.2 (13.0%),260.0 - 270.4 (19.3%),255.0 - 272.0 (12.4%)
2021-10-04,332.3468924966681,332.75300653568115,319.6386214521133,323.1351318359375,42885000,18100120,136.93,355.54,356.77,339.7,262.23,28.07,335.0 - 340.0 (36.3%),335.8 - 340.4 (14.4%),260.0 - 270.4 (18.8%),255.0 - 272.0 (12.5%)
2021-10-05,325.46275660805287,332.0001486217559,323.06573201413227,329.80120849609375,35377900,19329325,83.03,353.11,356.44,339.91,262.53,34.68,338.4 - 343.1 (24.1%),335.8 - 340.4 (14.0%),260.0 - 270.4 (18.7%),255.0 - 272.0 (12.4%)
2021-10-06,326.61176735662633,331.2077624732927,322.7091434745111,330.47479248046875,26443000,20098115,31.57,350.93,356.14,340.13,262.82,35.33,335.8 - 340.4 (32.6%),335.8 - 340.4 (13.8%),260.0 - 270.4 (18.4%),255.0 - 272.0 (12.4%)
2021-10-07,333.80296306568454,335.6255038063905,325.8590577347709,326.0967712402344,28307500,21058545,34.42,348.51,355.83,340.36,263.11,33.04,323.0 - 326.8 (19.9%),335.8 - 340.4 (13.7%),260.0 - 270.4 (18.3%),255.0 - 272.0 (12.4%)
2021-10-08,328.3650553786152,330.23710969224845,325.5916001569949,326.91888427734375,15946100,21278370,-25.06,346.1,355.59,340.58,263.39,33.91,328.6 - 331.7 (17.8%),335.8 - 340.4 (13.6%),260.0 - 270.4 (18.3%),255.0 - 272.0 (12.4%)
2021-10-11,324.5217990112097,327.3249376734873,322.2238014549604,322.36248779296875,14708200,21362465,-31.15,343.58,355.33,340.78,263.66,31.47,329.6 - 332.8 (18.0%),347.8 - 352.5 (12.7%),260.0 - 270.4 (17.7%),255.0 - 272.0 (12.5%)
2021-10-12,319.96548569740605,321.3026845960785,314.35917721943326,320.6984558105469,31658700,22509820,40.64,340.96,355.12,341.0,263.93,30.61,339.0 - 342.0 (16.2%),336.0 - 340.8 (13.3%),260.0 - 270.4 (17.6%),255.0 - 272.0 (12.5%)
2021-10-13,323.86809085993633,323.89780504577215,319.5989815358349,321.4611511230469,14761500,22350880,-33.96,338.52,354.83,341.2,264.2,31.54,321.0 - 324.0 (21.7%),336.0 - 340.8 (13.3%),260.0 - 270.4 (17.7%),255.0 - 272.0 (12.4%)
2021-10-14,325.24489901662633,327.3844111505611,323.996872942879,325.4132995605469,14302200,22469280,-36.35,336.31,354.54,341.41,264.47,36.29,321.0 - 324.0 (22.2%),336.0 - 340.8 (13.3%),260.0 - 270.4 (17.7%),255.0 - 272.0 (12.4%)
2021-10-15,325.56187197248846,325.9481866307319,319.4504224439795,321.6790771484375,21596400,22234150,-2.87,334.33,354.11,341.58,264.73,33.89,321.0 - 324.0 (28.6%),336.0 - 340.8 (12.0%),260.0 - 270.4 (17.3%),255.0 - 272.0 (12.4%)
2021-10-18,325.8293577406152,332.70352236833537,324.3931013837202,332.1587219238281,21585000,22322260,-3.3,333.32,353.54,341.82,265.01,44.88,328.7 - 330.6 (18.4%),336.0 - 340.8 (12.0%),260.0 - 270.4 (16.7%),255.0 - 272.0 (12.5%)
2021-10-19,336.42775555338386,339.2110948401094,334.08024443230056,336.7645263671875,18786300,22673980,-17.15,332.46,353.0,341.9,265.31,48.9,328.7 - 330.6 (18.6%),336.0 - 340.8 (12.6%),260.0 - 270.4 (16.6%),255.0 - 272.0 (12.5%)
2021-10-20,340.1917721794309,340.7167429686975,336.2297193613997,337.5470886230469,13639500,21171310,-35.58,332.34,352.55,342.03,265.6,49.57,328.7 - 330.6 (18.7%),336.0 - 340.8 (13.9%),260.0 - 270.4 (16.6%),255.0 - 272.0 (12.5%)
2021-10-21,337.05183054893917,339.0625711361868,334.5953469303838,338.63665771484375,16354400,20898715,-21.74,332.14,352.04,342.19,265.89,50.55,328.7 - 330.6 (18.7%),336.0 - 340.8 (15.4%),270.4 - 280.8 (16.2%),255.0 - 272.0 (12.4%)
2021-10-22,323.254000646443,326.5028828517243,318.0636907342012,321.5304870605469,35224500,21719845,62.18,330.73,351.48,342.24,266.15,38.08,320.4 - 322.2 (29.4%),336.0 - 340.8 (15.4%),260.0 - 270.4 (16.2%),255.0 - 272.0 (12.4%)
2021-10-25,317.26132757185974,326.43348836966,316.6868432855544,325.5717468261719,38409000,22880005,67.87,329.5,351.02,342.36,266.41,41.74,320.4 - 322.2 (29.7%),321.6 - 326.4 (15.1%),260.0 - 270.4 (16.1%),255.0 - 272.0 (12.4%)
2021-10-26,325.1458977421455,327.07738049403684,306.6629163795354,312.8139953613281,65654000,25077190,161.81,328.27,350.43,342.32,266.65,34.76,319.8 - 322.4 (31.3%),319.0 - 324.5 (14.4%),260.0 - 270.4 (15.9%),255.0 - 272.0 (12.4%)
2021-10-27,311.20930758571666,316.22130136132716,309.09950988501515,309.25799560546875,29971800,25853170,15.93,326.91,349.78,342.26,266.88,33.1,319.0 - 321.9 (27.1%),319.0 - 324.8 (14.4%),260.0 - 270.4 (15.9%),255.0 - 272.0 (12.4%)
2021-10-28,310.0207424940007,322.4318727096912,305.187032840823,313.9134826660156,50806800,27566155,84.31,325.8,349.09,342.35,267.13,37.32,319.0 - 321.9 (25.6%),319.0 - 324.8 (14.2%),260.0 - 270.4 (15.8%),255.0 - 272.0 (12.4%)
2021-10-29,317.1524569276543,322.90733680023527,316.56805770621213,320.5003967285156,37059400,28673860,29.24,324.84,348.44,342.5,267.38,42.82,319.0 - 321.9 (33.0%),319.0 - 324.8 (17.2%),260.0 - 270.4 (15.2%),255.0 - 272.0 (12.3%)
2021-11-01,322.9469240124421,330.28663026591386,322.90729502158786,326.84954833984375,31518900,28105555,12.14,325.02,347.89,342.72,267.65,47.59,319.0 - 321.9 (31.8%),319.0 - 324.8 (16.9%),260.0 - 270.4 (14.4%),255.0 - 272.0 (12.4%)
2021-11-02,328.2362098869404,331.61386291747607,320.72810425658287,324.9674987792969,28353000,27754310,2.16,324.78,347.33,342.91,267.92,46.36,324.8 - 327.7 (25.7%),324.8 - 330.6 (18.4%),260.0 - 270.4 (14.3%),255.0 - 272.0 (12.4%)
2021-11-03,324.3832046032669,328.9990004029986,320.13392413154486,328.4740295410156,20786500,27471485,-24.33,324.68,346.84,343.04,268.18,49.01,324.8 - 327.7 (25.4%),324.8 - 330.6 (20.1%),260.0 - 270.4 (14.3%),255.0 - 272.0 (12.4%)
2021-11-04,330.841369001397,334.0704219213882,329.49425514595947,332.6639099121094,22495300,27180875,-17.24,325.01,346.45,343.21,268.46,52.07,324.8 - 327.7 (21.7%),324.8 - 330.6 (19.9%),260.0 - 270.4 (13.9%),255.0 - 272.0 (12.4%)
2021-11-05,337.08154024248904,343.50007657621416,336.4179133349289,337.8937683105469,26872800,27727210,-3.08,325.56,346.09,343.47,268.75,55.64,324.8 - 327.7 (21.5%),324.8 - 330.6 (19.6%),260.0 - 270.4 (13.9%),255.0 - 272.0 (12.4%)
2021-11-08,341.1525567353101,341.51904176895226,335.1302197794764,335.4075622558594,18342500,27908925,-34.28,326.21,345.69,343.67,269.04,53.59,324.8 - 327.7 (21.6%),324.8 - 330.6 (19.4%),260.0 - 270.4 (14.0%),255.0 - 272.0 (12.4%)
2021-11-09,336.7744965969037,338.0720665037819,331.2969596702002,332.18841552734375,17556700,27203825,-35.46,326.78,345.17,343.81,269.33,50.98,324.8 - 327.7 (21.7%),324.8 - 330.6 (19.2%),260.0 - 270.4 (13.9%),255.0 - 272.0 (12.4%)
2021-11-10,329.3357337761351,330.0291051275324,322.4219707849591,324.5317687988281,21872600,27559380,-20.63,326.94,344.66,343.9,269.6,45.32,324.8 - 327.7 (21.3%),324.8 - 330.6 (19.0%),260.0 - 270.4 (13.9%),255.0 - 272.0 (12.4%)
2021-11-11,326.69105208747396,329.30599106646946,323.8977977694065,324.6307678222656,12376600,27463100,-54.93,326.9,344.2,343.93,269.87,45.41,324.8 - 327.7 (21.5%),324.8 - 330.6 (19.0%),322.4 - 332.8 (14.0%),255.0 - 272.0 (12.4%)
2021-11-12,327.0476189596031,338.61680509690734,326.6514197520635,337.6560363769531,25414300,27653995,-8.1,327.7,343.97,344.04,270.15,55.2,324.8 - 327.7 (22.0%),324.8 - 330.6 (18.7%),322.4 - 332.8 (14.0%),255.0 - 272.0 (12.4%)
2021-11-15,341.07327248331154,350.29494689782047,339.94410328360664,344.2627258300781,25076600,27828575,-9.89,328.3,343.78,344.2,270.45,59.2,311.5 - 315.0 (26.8%),324.8 - 330.6 (18.5%),322.4 - 332.8 (14.0%),255.0 - 272.0 (12.4%)
2021-11-16,340.56810141250594,343.3613555726596,337.6361911387599,339.70635986328125,18181100,27798315,-34.6,328.45,343.44,344.29,270.73,55.52,322.0 - 325.5 (16.2%),324.8 - 330.6 (18.4%),322.4 - 332.8 (14.0%),255.0 - 272.0 (12.4%)
2021-11-17,340.9742215758859,344.00518925879584,336.8735130399741,337.5371398925781,13602800,27796480,-51.06,328.45,343.03,344.39,271.01,53.81,324.0 - 327.0 (25.4%),324.8 - 330.6 (18.4%),322.4 - 332.8 (14.0%),255.0 - 272.0 (12.4%)
2021-11-18,336.4971255196184,339.2111218533816,332.1190441354008,335.4768981933594,17487200,27853120,-37.22,328.29,342.54,344.47,271.28,52.16,336.0 - 338.4 (19.6%),324.8 - 330.6 (18.3%),322.4 - 332.8 (13.9%),255.0 - 272.0 (12.4%)
2021-11-19,338.9536336608704,348.7597084263022,336.6754351335871,342.0242004394531,26488500,27416320,-3.38,329.32,342.22,344.6,271.56,56.7,336.0 - 338.0 (20.2%),336.4 - 342.2 (18.0%),322.4 - 332.8 (13.9%),255.0 - 272.0 (12.4%)
2021-11-22,345.7386063854537,350.47325808083923,337.27964576378054,337.77490234375,27116800,26851710,0.99,329.93,341.7,344.72,271.84,53.17,336.0 - 338.0 (28.9%),336.4 - 342.2 (19.8%),322.4 - 332.8 (13.9%),255.0 - 272.0 (12.5%)
2021-11-23,335.7146531726207,338.1612221428019,330.3361734060821,334.05059814453125,17225000,24430260,-29.49,330.99,340.99,344.78,272.11,50.22,336.0 - 338.0 (29.9%),336.4 - 342.2 (19.7%),322.4 - 332.8 (13.9%),255.0 - 272.0 (12.5%)
2021-11-24,332.81246802257795,338.5376336740818,329.6527281847135,337.824462890625,13566200,23609980,-42.54,332.42,340.35,344.82,272.39,53.06,336.0 - 338.0 (35.1%),336.4 - 342.2 (20.7%),322.4 - 332.8 (13.9%),255.0 - 272.0 (12.4%)
2021-11-26,332.6143461583221,334.54585913872853,328.75135042557554,329.95977783203125,14750700,21807175,-32.36,333.22,339.55,344.81,272.65,47.04,336.0 - 338.0 (29.6%),336.4 - 342.2 (20.7%),322.4 - 332.8 (14.2%),255.0 - 272.0 (12.5%)
2021-11-29,333.6940118048423,337.43815055171876,332.1289839960473,334.82318115234375,16650900,20786750,-19.9,333.94,338.93,344.88,272.91,50.76,336.0 - 338.0 (29.8%),336.4 - 342.2 (20.7%),322.4 - 332.8 (14.2%),255.0 - 272.0 (12.5%)
2021-11-30,331.82188281403944,332.62419599304644,320.3616391886827,321.3818664550781,25390000,20480305,23.97,333.66,338.08,344.81,273.15,41.98,335.8 - 338.1 (29.0%),336.4 - 342.2 (20.5%),322.4 - 332.8 (14.1%),255.0 - 272.0 (12.5%)
2021-12-01,327.15658711328444,327.36458640478276,307.34632469847156,307.65338134765625,30329600,20579135,47.38,332.8,336.89,344.64,273.35,35.27,336.7 - 340.4 (34.5%),336.3 - 342.2 (21.3%),322.4 - 332.8 (14.1%),255.0 - 272.0 (12.5%)
2021-12-02,308.4458324380547,311.6154870570519,304.2856947571959,307.4454345703125,24396200,20759620,17.52,331.74,335.78,344.42,273.54,35.18,336.7 - 340.4 (33.1%),336.3 - 342.2 (21.1%),322.4 - 332.8 (14.1%),255.0 - 272.0 (12.5%)
2021-12-03,310.75375904425186,310.77355842882014,296.65874342448325,303.9291076660156,27471000,21008405,30.76,330.31,334.61,344.17,273.73,33.59,336.0 - 340.0 (24.3%),334.8 - 341.0 (23.8%),322.4 - 332.8 (14.1%),255.0 - 272.0 (12.5%)
2021-12-06,305.2068421009048,317.06328650625966,303.43381498030027,314.85443115234375,21758300,20752680,4.85,329.16,333.61,344.07,273.93,42.32,334.4 - 338.2 (30.0%),334.8 - 341.0 (23.5%),322.4 - 332.8 (14.1%),255.0 - 272.0 (12.5%)
2021-12-07,318.51933191824395,323.4421836531545,317.95473214847874,319.74755859375,18794000,20775255,-9.54,328.37,332.72,343.95,274.14,45.75,334.4 - 338.2 (30.0%),336.3 - 342.2 (20.4%),322.4 - 332.8 (14.0%),255.0 - 272.0 (12.5%)
2021-12-08,321.916760756994,329.59323735966075,320.00507770938714,327.42401123046875,19937700,20894305,-4.58,328.13,331.96,343.96,274.37,50.72,334.4 - 338.2 (24.8%),336.3 - 342.2 (20.3%),322.4 - 332.8 (14.4%),255.0 - 272.0 (12.5%)
2021-12-09,326.4137280700366,332.9412064242333,324.88832927968264,326.6910705566406,16879200,20644635,-18.24,328.24,331.23,343.94,274.59,50.24,334.4 - 338.2 (19.1%),324.5 - 330.4 (20.4%),322.4 - 332.8 (14.7%),255.0 - 272.0 (12.5%)
2021-12-10,329.40501279658423,331.8515812043493,323.27373468619436,326.6216735839844,14528000,20752205,-29.99,328.34,330.52,343.86,274.82,50.2,306.0 - 309.4 (18.9%),324.8 - 330.6 (20.9%),322.4 - 332.8 (15.1%),255.0 - 272.0 (12.5%)
2021-12-13,327.81034707112775,337.8541349382615,326.46323343571163,331.3167419433594,22948700,20628925,11.25,328.03,330.02,343.81,275.05,53.42,306.0 - 309.4 (19.2%),324.8 - 330.6 (20.7%),322.4 - 332.8 (15.6%),255.0 - 272.0 (12.5%)
2021-12-14,324.93783023711603,332.5152800980049,324.5416310184965,330.5738525390625,20461000,20398145,0.31,327.34,329.66,343.73,275.28,52.84,329.8 - 333.2 (20.2%),324.5 - 330.0 (21.1%),322.4 - 332.8 (16.0%),255.0 - 272.0 (12.5%)
2021-12-15,329.3357423616507,338.86447503477905,320.9064951197649,338.41876220703125,24681300,20723155,19.1,327.28,329.39,343.74,275.53,58.04,329.8 - 333.2 (19.5%),324.5 - 330.0 (21.0%),322.4 - 332.8 (15.9%),255.0 - 272.0 (12.5%)
2021-12-16,335.7641807205842,341.19217379634364,330.5738709155339,331.7228698730469,22635000,21174765,6.9,326.99,329.26,343.57,275.77,52.7,329.8 - 333.2 (25.1%),336.0 - 340.8 (20.6%),322.4 - 332.8 (16.4%),255.0 - 272.0 (12.5%)
2021-12-17,329.64275402513096,333.91186315124145,327.61221422170854,330.6233825683594,40012600,22301035,79.42,326.74,329.06,343.42,276.01,51.85,329.8 - 333.2 (30.6%),336.0 - 340.2 (20.4%),322.4 - 332.8 (17.2%),255.0 - 272.0 (12.4%)
2021-12-20,326.65139604674306,326.77025277757326,319.4701763545088,322.36248779296875,17901800,21871700,-18.15,325.76,328.6,343.23,276.23,45.9,329.8 - 333.2 (30.5%),336.0 - 340.2 (20.4%),322.4 - 332.8 (17.3%),255.0 - 272.0 (12.5%)
2021-12-21,323.3134045099848,332.81242209662514,320.6786358743523,331.0295104980469,16116800,21321700,-24.41,325.42,328.28,343.07,276.47,52.11,329.8 - 333.2 (36.1%),335.4 - 339.3 (17.7%),322.4 - 332.8 (17.5%),255.0 - 272.0 (12.6%)
2021-12-22,330.6333198075791,331.3366059985338,325.14589801660594,327.31512451171875,16764600,21298680,-21.29,325.09,328.11,342.87,276.7,49.49,329.8 - 333.2 (37.6%),335.4 - 339.3 (18.0%),322.4 - 332.8 (17.9%),255.0 - 272.0 (12.6%)
2021-12-23,326.9684092818379,333.4760881792936,325.2448957802808,332.05963134765625,13987700,21319755,-34.39,324.8,328.04,342.72,276.95,52.76,329.8 - 333.2 (43.2%),335.4 - 339.3 (18.1%),322.4 - 332.8 (18.2%),255.0 - 272.0 (12.5%)
2021-12-27,335.6353952368642,344.56981318906895,334.80336779762223,342.8958435058594,17795000,21471970,-17.12,325.44,328.15,342.69,277.25,59.25,328.9 - 331.2 (27.0%),329.8 - 333.2 (18.7%),322.4 - 332.8 (18.2%),182.6 - 199.2 (13.1%)
2021-12-28,343.3415998845721,349.3639069197179,341.92517324461073,342.93548583984375,16637600,21471305,-22.51,325.85,328.21,342.69,277.55,59.27,329.7 - 331.8 (43.4%),329.8 - 333.2 (18.7%),322.4 - 332.8 (18.2%),182.6 - 199.2 (13.1%)
2021-12-29,343.6189537858467,346.3725794005129,338.3989598617032,339.6866149902344,10747000,20739155,-48.18,326.77,328.48,342.63,277.82,56.57,329.7 - 331.8 (44.9%),329.8 - 333.2 (18.8%),322.4 - 332.8 (18.2%),182.6 - 199.2 (13.1%)
2021-12-30,340.7365084046527,343.9358766185774,339.9639093912297,341.09307861328125,10593300,19752340,-46.37,328.44,328.67,342.56,278.1,57.47,329.7 - 331.8 (46.0%),329.8 - 333.2 (18.9%),322.4 - 332.8 (18.2%),182.6 - 199.2 (13.1%)
2021-12-31,339.76582472473774,340.1818535663221,333.07986066915447,333.15911865234375,12870500,19176055,-32.88,329.72,328.72,342.43,278.36,51.03,329.7 - 331.8 (46.3%),329.8 - 333.2 (19.8%),322.4 - 332.8 (18.2%),181.5 - 198.0 (13.1%)
2022-01-03,335.0905949060386,337.8442203225513,333.9911397916042,335.3283386230469,14537900,18529400,-21.54,331.29,328.87,342.35,278.62,52.59,329.7 - 331.8 (38.8%),329.8 - 333.2 (20.2%),322.4 - 332.8 (18.2%),177.1 - 193.2 (14.0%)
2022-01-04,336.7249707510745,339.8351664464892,328.7216072548295,333.33740234375,15998000,18241385,-12.3,332.22,328.98,342.29,278.87,50.98,329.7 - 331.8 (31.3%),329.8 - 333.2 (17.9%),322.4 - 332.8 (18.1%),177.1 - 193.2 (14.1%)
2022-01-05,329.8607141930041,332.5747410741527,320.7678097421682,321.0946960449219,20564500,18329910,12.19,332.28,328.96,342.14,279.11,42.38,330.0 - 332.2 (37.5%),319.6 - 323.0 (17.0%),322.4 - 332.8 (18.1%),177.1 - 193.2 (14.0%)
2022-01-06,319.757468523727,335.95236488514416,319.6584111611982,329.3059997558594,27962800,18731165,49.28,332.38,329.1,342.11,279.36,48.64,330.0 - 332.2 (27.8%),319.6 - 323.0 (17.0%),322.4 - 332.8 (18.6%),177.1 - 193.2 (14.0%)
2022-01-07,329.5833644568442,333.80296051496975,325.75999787555054,328.64239501953125,14722000,18623305,-20.95,332.48,329.22,342.03,279.61,48.18,341.0 - 343.2 (19.8%),319.6 - 323.0 (17.0%),322.4 - 332.8 (19.0%),173.8 - 189.6 (12.6%)
2022-01-10,322.22390654138474,325.2251608858806,312.437629470652,324.9577331542969,24942400,19144025,30.29,332.39,329.21,341.88,279.84,45.63,341.0 - 343.2 (19.2%),329.8 - 333.2 (16.0%),322.4 - 332.8 (19.5%),172.7 - 188.4 (12.8%)
2022-01-11,323.67991464643745,331.45544960895523,322.194144789704,331.1979064941406,16226800,18807930,-13.72,332.39,329.37,341.74,280.08,50.42,341.0 - 343.2 (19.2%),329.8 - 333.2 (17.4%),322.4 - 332.8 (19.8%),172.7 - 188.4 (12.8%)
2022-01-12,332.00021818670064,333.17893135223176,326.8990810822945,330.09844970703125,14104900,18490125,-23.72,332.36,329.34,341.44,280.32,49.59,341.0 - 343.2 (19.4%),329.8 - 333.2 (18.4%),322.4 - 332.8 (20.2%),172.7 - 188.4 (12.8%)
2022-01-13,331.80211343174307,332.4459409483051,322.6695807714662,323.38275146484375,14797100,17995915,-17.78,331.61,329.11,341.06,280.55,44.75,341.0 - 343.2 (19.4%),329.8 - 333.2 (18.4%),322.4 - 332.8 (20.5%),172.7 - 188.4 (12.8%)
2022-01-14,318.73729787854415,329.5735162954119,318.1627832104967,328.7513732910156,16868500,17707590,-4.74,331.46,328.97,340.76,280.81,49.03,327.8 - 330.0 (23.9%),329.8 - 333.2 (18.4%),322.4 - 332.8 (20.9%),172.7 - 188.4 (12.8%)
2022-01-18,320.22302736269484,321.134282597393,314.6266337152197,315.13177490234375,22645600,16839240,34.48,330.69,328.57,340.31,281.05,40.46,327.6 - 330.2 (31.0%),329.8 - 333.2 (17.1%),320.1 - 329.8 (19.8%),172.7 - 188.4 (12.9%)
2022-01-19,316.5482211805325,323.9969004028835,316.3005928601739,316.5581359863281,20814700,16984885,22.55,330.4,328.49,339.99,281.3,41.61,327.6 - 330.2 (29.7%),329.8 - 333.2 (17.0%),320.1 - 329.8 (19.7%),172.7 - 188.4 (12.8%)
2022-01-20,320.8272174640283,324.7100424845301,312.9823698959232,313.5568542480469,16925000,17025295,-0.59,329.52,328.29,339.66,281.55,39.87,327.8 - 330.0 (23.4%),329.8 - 333.2 (17.0%),320.1 - 329.8 (19.8%),172.7 - 188.4 (12.8%)
2022-01-21,311.82347328682636,315.2902696559625,300.1651432361492,300.2939147949219,28710700,17622600,62.92,328.17,328.08,339.25,281.78,33.23,329.0 - 332.5 (21.6%),329.3 - 333.0 (18.2%),320.1 - 329.8 (19.8%),172.7 - 188.4 (12.8%)
2022-01-24,295.01446719943397,306.593569684713,286.2682483704496,305.7813415527344,38878100,18867120,106.06,326.86,328.02,338.9,282.02,37.84,313.5 - 316.8 (20.5%),329.3 - 333.0 (18.2%),320.1 - 329.8 (19.8%),172.7 - 188.4 (12.8%)
2022-01-25,297.10443625557576,303.3248577294075,294.756894660404,297.3025207519531,25108500,19232795,30.55,324.58,327.75,338.42,282.24,33.94,326.4 - 329.8 (19.6%),327.6 - 331.5 (16.9%),320.1 - 329.8 (19.7%),172.7 - 188.4 (12.8%)
2022-01-26,304.09745777455754,304.592714359199,288.0907613315765,291.83489990234375,28348800,19818355,43.04,322.02,327.27,337.85,282.46,31.67,327.6 - 331.5 (28.9%),330.0 - 334.4 (19.0%),320.1 - 329.8 (19.6%),172.7 - 188.4 (12.8%)
2022-01-27,294.9252995982087,298.8477233305186,291.46841827002106,291.8448181152344,21629900,20362500,6.22,319.63,326.69,337.29,282.67,31.68,327.6 - 331.5 (20.3%),330.0 - 334.4 (19.4%),320.1 - 329.8 (19.6%),172.7 - 188.4 (12.8%)
2022-01-28,292.81549576317013,299.0359172039558,290.25007030403094,298.84771728515625,21871600,20926415,4.52,317.52,326.25,336.79,282.91,37.85,296.4 - 300.3 (24.3%),330.0 - 334.4 (19.7%),320.1 - 329.8 (19.7%),172.7 - 188.4 (12.8%)
2022-01-31,297.8274458105845,310.81308714340366,296.48036262094104,310.2881164550781,21579500,21361865,1.02,316.38,325.95,336.4,283.19,46.37,296.4 - 300.3 (24.5%),330.0 - 334.4 (19.8%),320.1 - 329.8 (19.9%),171.6 - 187.2 (11.8%)
2022-02-01,311.57584315018147,316.6274667326682,309.15898842017714,315.9737243652344,18023800,21536160,-16.31,315.41,325.67,336.06,283.49,50.03,288.8 - 292.6 (16.1%),330.0 - 334.4 (20.0%),320.1 - 329.8 (19.8%),171.6 - 187.2 (11.9%)
2022-02-02,324.7100413304929,324.888326450029,313.86390980442656,319.9357604980469,58458300,23659175,147.09,314.74,325.37,335.73,283.79,52.47,314.5 - 318.2 (17.3%),330.0 - 334.4 (19.4%),320.1 - 329.8 (19.7%),171.6 - 187.2 (11.8%)
2022-02-03,242.3290293397488,245.64725434526696,233.5134685963576,235.50439453125,188119900,32036945,487.2,310.46,323.71,334.7,283.93,24.76,232.5 - 241.8 (35.6%),327.6 - 336.7 (25.3%),319.0 - 330.0 (21.9%),171.6 - 187.2 (11.7%)
2022-02-04,232.74089135665187,240.3084117153077,227.92699652679804,234.8407745361328,89342200,35105915,154.49,305.74,322.08,333.63,284.1,24.64,229.5 - 238.0 (46.2%),327.6 - 336.7 (24.3%),321.9 - 333.0 (21.0%),171.6 - 187.2 (11.6%)
2022-02-07,235.4449943726632,236.0393083629009,221.8848656845653,222.77633666992188,88613800,38800505,128.38,300.44,320.39,332.52,284.22,22.67,232.8 - 242.5 (40.3%),323.2 - 333.3 (25.8%),324.0 - 336.0 (22.3%),171.6 - 187.2 (11.6%)
2022-02-08,218.75484365988038,223.6281667321472,214.0994195841086,218.0911865234375,94729700,42289870,124.0,295.1,318.61,331.41,284.37,21.93,234.6 - 244.8 (36.5%),325.5 - 336.0 (24.1%),319.8 - 332.1 (24.2%),171.6 - 187.2 (11.5%)
2022-02-09,222.07303645957367,231.15603987360373,220.10192504169717,229.79904174804688,86563300,45806695,88.98,290.03,316.81,330.39,284.54,28.2,234.6 - 244.8 (33.6%),325.5 - 336.0 (23.2%),319.8 - 332.1 (23.9%),171.6 - 187.2 (11.4%)
2022-02-10,226.10442588791412,232.77057471045967,224.54931309149697,225.9063262939453,49310400,47566970,3.67,284.82,314.84,329.31,284.71,27.41,234.6 - 244.8 (32.3%),325.5 - 336.0 (22.7%),319.8 - 332.1 (23.7%),171.6 - 187.2 (11.4%)
2022-02-11,226.2926387978529,228.2340360899679,216.69456404523424,217.4671630859375,46156900,49134960,-6.06,279.52,312.8,328.12,284.84,25.73,234.6 - 244.8 (31.6%),328.6 - 339.2 (23.0%),322.4 - 334.8 (21.1%),171.6 - 187.2 (11.4%)
2022-02-14,217.22946207114566,218.90343190987824,212.74243818274908,215.63473510742188,38184000,50200735,-23.94,273.87,310.77,326.9,284.98,25.37,228.8 - 239.2 (41.6%),328.6 - 339.2 (22.9%),325.0 - 337.5 (20.8%),171.6 - 187.2 (11.4%)
2022-02-15,218.37844109115068,219.05198279600086,213.01976118237621,218.90341186523438,42685500,51202730,-16.63,269.06,308.83,325.68,285.13,27.34,228.8 - 239.2 (40.7%),328.6 - 339.2 (22.6%),325.0 - 337.5 (20.6%),171.6 - 187.2 (11.4%)
2022-02-16,210.39493854497354,215.39703384843523,210.3454098560217,214.48574829101562,45817500,52452870,-12.65,263.95,306.7,324.46,285.25,26.33,231.0 - 241.5 (30.5%),321.0 - 331.7 (20.1%),327.6 - 340.2 (19.7%),171.6 - 187.2 (11.3%)
2022-02-17,211.9896063375838,215.4365875057475,205.19468623743907,205.73947143554688,38747500,53543995,-27.63,258.56,304.5,323.1,285.35,24.4,228.0 - 239.4 (39.2%),228.0 - 239.4 (19.2%),319.2 - 332.5 (24.5%),171.6 - 187.2 (11.3%)
2022-02-18,207.4035618319067,208.75066041112578,203.2334945395933,204.20420837402344,37128400,53964880,-31.2,253.76,302.34,321.66,285.44,24.07,232.0 - 243.6 (29.4%),324.8 - 336.4 (21.6%),321.6 - 335.0 (22.3%),171.6 - 187.2 (11.3%)
2022-02-22,200.4204308146971,205.51166789439114,198.1620620004535,200.16290283203125,39852400,54013595,-26.22,248.48,300.04,320.2,285.54,23.18,228.0 - 240.0 (38.6%),214.2 - 226.1 (21.4%),315.1 - 328.8 (20.1%),171.6 - 187.2 (11.3%)
2022-02-23,202.22315823154264,204.9767834418932,196.171122582744,196.56732177734375,44481400,54982240,-19.1,243.44,297.82,318.68,285.6,22.38,234.0 - 237.9 (29.8%),317.2 - 329.4 (16.0%),322.0 - 336.0 (22.5%),187.2 - 202.8 (11.4%)
2022-02-24,189.24747082632138,206.3734544414341,188.41544327225202,205.6305694580078,49957200,56062660,-10.89,239.13,295.67,317.3,285.69,29.01,216.6 - 220.4 (23.2%),317.2 - 329.4 (15.6%),322.0 - 336.0 (22.4%),187.2 - 202.8 (11.4%)
2022-02-25,202.99576396471832,209.3152425919104,201.25245117706206,208.4832000732422,37627600,56862545,-33.83,234.96,293.79,315.93,285.79,31.01,217.8 - 221.1 (18.6%),317.2 - 329.4 (15.4%),322.0 - 336.0 (22.3%),187.2 - 202.8 (11.3%)
2022-02-28,205.70975958795898,211.12786761829454,204.86783249585997,209.02798461914062,34239800,57480955,-40.43,230.47,292.14,314.52,285.9,31.41,217.8 - 221.1 (20.0%),207.4 - 219.6 (16.8%),322.0 - 336.0 (22.4%),187.2 - 202.8 (11.3%)
2022-03-01,207.8790038364015,209.74117351924926,200.30158377848542,201.55953979492188,27094900,57756725,-53.09,225.03,290.38,313.08,286.0,28.95,204.6 - 207.9 (14.4%),207.4 - 219.6 (16.8%),322.0 - 336.0 (22.3%),187.2 - 202.8 (11.5%)
2022-03-02,202.83728574138308,207.1658234577483,200.10347483326265,206.1356964111328,29452100,58328140,-49.51,219.54,288.75,311.68,286.09,32.44,203.0 - 205.9 (22.4%),207.4 - 219.6 (16.8%),322.0 - 336.0 (22.2%),187.2 - 202.8 (11.5%)
2022-03-03,207.0370405281044,207.09646889245354,199.5091353539358,201.04443359375,27263500,56768400,-51.97,213.6,286.85,310.23,286.16,30.64,204.6 - 206.8 (21.9%),207.4 - 219.6 (16.8%),322.0 - 336.0 (22.2%),187.2 - 202.8 (11.7%)
2022-03-04,200.45014661725162,203.93675722916353,196.90410763301688,198.1620635986328,32130900,48968950,-34.39,211.73,284.83,308.77,286.22,29.63,204.6 - 206.8 (22.5%),207.4 - 219.6 (16.7%),322.0 - 336.0 (22.1%),187.2 - 202.8 (11.8%)
2022-03-07,198.88514118597868,198.98419855279087,185.50331313299955,185.69151306152344,38560600,46429870,-16.95,209.27,282.46,307.21,286.24,25.7,204.6 - 207.9 (22.5%),222.7 - 235.8 (24.6%),325.6 - 340.4 (24.3%),187.2 - 202.8 (11.9%)
2022-03-08,186.06791687683574,194.83394992103973,184.34441841025128,188.48475646972656,37508100,43874585,-14.51,207.56,280.16,305.7,286.27,28.01,203.0 - 205.9 (24.2%),222.7 - 235.8 (24.3%),325.6 - 340.4 (24.1%),187.2 - 202.8 (12.1%)
2022-03-09,193.8830410714381,197.2111657166558,192.08029996134783,196.61685180664062,31894700,40732835,-21.7,206.49,277.99,304.26,286.31,34.38,204.7 - 207.0 (23.4%),222.7 - 235.8 (24.2%),325.6 - 340.4 (24.0%),187.2 - 202.8 (12.3%)
2022-03-10,192.99159309100392,194.41793455294882,189.25736911564334,193.35809326171875,24853000,37647320,-33.98,204.66,275.69,302.86,286.35,33.12,200.1 - 202.4 (19.1%),222.7 - 235.8 (24.1%),325.6 - 340.4 (24.0%),187.2 - 202.8 (12.4%)
2022-03-11,190.81244953272395,191.72371980233706,184.8990849135122,185.83016967773438,34694500,36916525,-6.02,202.66,273.28,301.47,286.38,30.34,200.1 - 202.4 (19.2%),222.7 - 235.8 (23.9%),325.6 - 340.4 (23.9%),187.2 - 202.8 (12.4%)
2022-03-14,185.25568104260796,190.46577499012574,184.05716854445654,184.85948181152344,31010500,36159205,-14.24,201.03,270.72,300.06,286.39,29.99,184.8 - 187.2 (20.0%),224.4 - 237.6 (19.6%),327.8 - 342.7 (20.5%),187.2 - 202.8 (12.4%)
2022-03-15,188.98992492749238,190.45588025750746,184.14631589833294,190.208251953125,31721700,35836090,-11.48,199.76,268.36,298.81,286.42,34.47,184.8 - 187.2 (20.3%),224.4 - 237.6 (19.5%),327.8 - 342.7 (20.4%),187.2 - 202.8 (12.6%)
2022-03-16,192.85292076282985,201.79725392342633,192.67463563810253,201.69821166992188,40640300,35733830,13.73,198.9,266.21,297.64,286.49,42.91,184.8 - 187.2 (20.5%),224.4 - 237.6 (19.3%),327.8 - 342.7 (20.3%),187.2 - 202.8 (12.9%)
2022-03-17,199.786505297213,206.0663552283428,199.2021061486321,205.86825561523438,29499700,34917940,-15.52,198.47,264.27,296.44,286.54,45.65,184.8 - 187.2 (21.4%),198.0 - 211.2 (19.7%),327.8 - 342.7 (20.3%),187.2 - 202.8 (12.8%)
2022-03-18,204.7390705419784,214.743259669373,204.0457143412949,214.4362030029297,52128000,35586965,46.48,198.9,262.33,295.31,286.6,50.87,183.0 - 186.0 (20.7%),198.0 - 211.2 (19.6%),327.8 - 342.7 (20.2%),187.2 - 202.8 (12.8%)
2022-03-21,212.4650509238353,212.6730653161716,205.6602310524146,209.48361206054688,30142300,35237660,-14.46,199.17,260.37,294.24,286.65,48.0,183.0 - 186.0 (20.9%),198.0 - 211.2 (20.9%),327.8 - 342.7 (20.2%),187.2 - 202.8 (12.8%)
2022-03-22,209.3647573623365,217.37802014383146,208.18604430863425,214.59466552734375,31998800,34844980,-8.17,199.89,258.41,293.23,286.71,51.06,183.0 - 186.0 (20.7%),198.0 - 211.2 (20.8%),327.8 - 342.7 (20.1%),187.2 - 202.8 (12.8%)
2022-03-23,211.30618023128324,214.74326220311647,210.1472816148888,211.43495178222656,23717300,33806775,-29.84,200.63,256.22,292.19,286.77,49.14,183.0 - 186.0 (20.9%),211.2 - 224.4 (21.2%),327.8 - 342.7 (20.2%),187.2 - 202.8 (12.8%)
2022-03-24,212.96033180585613,218.5765396728198,212.75231738973233,217.4869842529297,31502300,32884030,-4.2,201.22,254.13,291.17,286.82,52.81,184.8 - 188.1 (20.8%),211.2 - 224.4 (22.4%),327.8 - 342.7 (20.1%),187.2 - 202.8 (12.8%)
2022-03-25,218.4180370982393,223.3607028824541,216.81341072111672,219.7156219482422,40039000,33004600,21.31,201.78,252.13,290.3,286.86,54.13,185.5 - 189.0 (21.7%),211.2 - 224.4 (23.8%),327.8 - 342.7 (20.0%),187.2 - 202.8 (12.8%)
2022-03-28,220.02270075247958,221.91456946749696,217.45726009180729,221.46884155273438,26224100,32603815,-19.57,202.41,250.13,289.4,286.9,55.18,210.9 - 214.6 (21.7%),211.2 - 224.4 (24.9%),327.8 - 342.7 (20.1%),187.2 - 202.8 (12.8%)
2022-03-29,223.92532864953452,228.69959446265312,223.1527144407901,227.6793670654297,31417900,32819965,-4.27,203.71,248.37,288.55,286.95,58.81,210.7 - 215.0 (21.9%),208.0 - 221.0 (24.2%),327.8 - 342.7 (20.0%),187.2 - 202.8 (12.8%)
2022-03-30,226.7383569934554,228.95709666100294,224.55923119967247,225.68841552734375,25588000,32626760,-21.57,204.69,246.55,287.71,287.0,57.21,210.7 - 215.0 (22.2%),208.0 - 221.0 (24.0%),327.8 - 342.7 (20.0%),187.2 - 202.8 (12.7%)
2022-03-31,226.28272496608523,226.32235395574506,220.1514461799206,220.25050354003906,24192300,32473200,-25.5,205.65,244.66,286.82,287.03,52.98,210.7 - 215.0 (22.3%),212.5 - 225.0 (24.4%),327.8 - 342.7 (20.0%),187.2 - 202.8 (12.7%)
2022-04-01,222.4197314591214,225.12382813403363,220.58727608103428,222.71688842773438,19544800,31843895,-38.62,206.88,243.02,285.99,287.05,54.62,219.3 - 223.6 (23.4%),212.5 - 225.0 (25.2%),327.8 - 342.7 (20.0%),187.2 - 202.8 (12.7%)
2022-04-04,223.83616442958848,232.12677003280885,223.71730768434844,231.67112731933594,28054800,31318605,-10.42,209.18,241.4,285.25,287.1,60.06,217.3 - 221.4 (20.5%),210.8 - 223.2 (26.1%),327.8 - 342.7 (19.9%),187.2 - 202.8 (12.7%)
2022-04-05,231.85930344501298,234.61292859668646,228.82833584022353,229.6405487060547,29727200,30929560,-3.89,211.24,239.75,284.48,287.14,58.35,219.0 - 222.0 (19.5%),207.4 - 219.6 (21.8%),327.8 - 342.7 (19.8%),187.2 - 202.8 (12.7%)
2022-04-06,224.75736351796374,226.81763287636775,219.30954068336732,221.18161010742188,28995100,30784580,-5.81,212.46,238.02,283.61,287.16,51.74,213.2 - 215.8 (18.6%),207.4 - 219.6 (21.7%),327.8 - 342.7 (19.8%),187.2 - 202.8 (12.7%)
2022-04-07,221.80559854041573,223.3805259079987,216.48654785455508,220.83489990234375,21037200,30593790,-31.24,213.84,236.18,282.77,287.2,51.49,220.0 - 222.2 (22.6%),207.4 - 219.6 (21.8%),327.8 - 342.7 (19.8%),187.2 - 202.8 (12.7%)
2022-04-08,220.2703080967699,222.9942191227874,217.94259626528822,220.2207794189453,18375700,29777850,-38.29,215.56,234.35,281.84,287.23,51.0,220.0 - 222.2 (28.9%),219.6 - 231.8 (22.1%),327.8 - 342.7 (19.8%),187.2 - 202.8 (12.7%)
2022-04-11,216.3478915507451,218.51711787920036,213.17825233032207,214.406494140625,20516600,29253155,-29.87,217.03,232.53,280.82,287.24,46.54,220.0 - 222.0 (29.6%),207.4 - 219.6 (22.7%),327.8 - 342.7 (19.9%),187.2 - 202.8 (12.7%)
2022-04-12,218.15064207686711,219.92365413164242,211.1080923146567,212.10850524902344,20128800,28673510,-29.8,218.13,230.59,279.78,287.25,44.87,220.0 - 222.0 (30.5%),217.8 - 229.9 (26.8%),327.8 - 342.7 (19.8%),187.2 - 202.8 (12.7%)
2022-04-13,209.81052943973995,214.55508138302287,209.325172493303,212.95045471191406,19231800,27603085,-30.33,218.69,228.88,278.73,287.24,45.64,220.0 - 222.0 (30.9%),216.0 - 228.0 (25.1%),327.8 - 342.7 (19.8%),187.2 - 202.8 (12.7%)
2022-04-14,212.85137408693066,212.95043144935255,208.00776529951744,208.18605041503906,18379500,27047075,-32.05,218.81,227.08,277.78,287.2,42.06,220.8 - 223.1 (25.8%),216.0 - 228.0 (25.1%),327.8 - 342.7 (19.8%),187.2 - 202.8 (12.7%)
2022-04-18,208.00776267439792,211.35570197679016,206.32389333269717,208.7704620361328,16580800,25269715,-34.38,218.52,225.33,276.81,287.16,42.66,220.8 - 223.1 (21.6%),214.7 - 226.0 (25.3%),327.8 - 342.7 (19.9%),187.2 - 202.8 (12.7%)
2022-04-19,208.52286492173255,216.35781366714164,207.01728046821611,215.24844360351562,20089900,24767095,-18.88,218.81,223.91,276.0,287.12,48.91,220.8 - 223.1 (22.4%),214.7 - 226.0 (26.2%),327.8 - 342.7 (19.8%),187.2 - 202.8 (12.7%)
2022-04-20,211.58351727354366,212.1283025357954,197.03287649629226,198.51864624023438,43036500,25318980,69.98,218.01,222.12,275.07,287.06,37.53,217.8 - 221.1 (19.4%),214.7 - 226.0 (26.0%),327.8 - 342.7 (19.7%),187.2 - 202.8 (12.9%)
2022-04-21,199.6874702292032,201.04446849753194,183.81944428982817,186.28582763671875,49954100,26630820,87.58,216.75,220.27,274.01,286.97,31.72,211.5 - 216.0 (22.6%),214.7 - 226.0 (25.6%),327.8 - 342.7 (19.6%),187.2 - 202.8 (12.9%)
2022-04-22,188.56401110505266,190.89172339357523,181.53137578000232,182.3634033203125,36426800,26877045,35.53,215.0,218.45,272.86,286.89,30.11,210.7 - 215.6 (21.6%),207.0 - 218.5 (24.1%),317.1 - 332.2 (22.5%),187.2 - 202.8 (12.8%)
2022-04-25,180.99646864510314,185.404249261014,179.93662740475298,185.216064453125,29281100,26339150,11.17,213.27,216.67,271.68,286.81,32.78,211.5 - 216.2 (21.5%),207.0 - 218.5 (24.2%),317.1 - 332.2 (22.5%),187.2 - 202.8 (12.6%)
2022-04-26,184.85947524982825,185.41416019927047,177.79711160689178,179.2333526611328,31747400,26615315,19.28,211.16,214.68,270.47,286.7,30.18,184.8 - 189.0 (21.2%),210.6 - 222.3 (26.8%),321.3 - 336.6 (23.7%),187.2 - 202.8 (12.4%)
2022-04-27,172.77521210159048,179.49090557558733,167.39673262179144,173.290283203125,71062900,28597565,148.49,208.44,212.4,269.17,286.58,27.81,211.2 - 216.0 (19.2%),207.4 - 219.6 (25.5%),316.0 - 331.8 (22.2%),187.2 - 202.8 (12.4%)
2022-04-28,200.99494993826582,206.55172995997893,191.07000279014036,203.77828979492188,100890600,32362695,211.75,207.34,210.53,268.1,286.53,49.62,202.1 - 206.8 (20.4%),207.4 - 219.6 (24.7%),316.0 - 331.8 (21.9%),187.2 - 202.8 (12.3%)
2022-04-29,202.52036038128256,210.46426633828355,198.00360693907012,198.56820678710938,49193400,33612750,46.35,206.26,208.5,266.94,286.48,47.01,201.6 - 205.8 (19.2%),207.4 - 219.6 (24.4%),316.0 - 331.8 (21.9%),187.2 - 202.8 (12.4%)
2022-05-02,199.2615125862246,209.86991422184798,199.08322748826234,209.1270294189453,49915300,35131275,42.08,205.58,208.06,265.88,286.44,52.47,201.6 - 205.8 (18.1%),207.4 - 219.6 (26.1%),316.0 - 331.8 (20.6%),187.2 - 202.8 (12.1%)
2022-05-03,208.45351141392368,212.86129237421738,206.1158995284373,210.01852416992188,41556300,35806350,16.06,204.5,207.65,264.87,286.4,52.91,201.6 - 205.8 (17.5%),207.4 - 219.6 (27.4%),316.0 - 331.8 (20.5%),187.2 - 202.8 (12.0%)
2022-05-04,208.65159974367043,222.17211400565108,204.99661872779126,221.29055786132812,41375900,36388785,13.71,204.08,207.62,264.01,286.37,58.2,206.4 - 211.2 (21.1%),213.2 - 218.4 (14.7%),316.0 - 331.8 (20.1%),187.2 - 202.8 (12.0%)
2022-05-05,216.66488337147143,218.081310127161,204.20422431921799,206.30410766601562,41129200,36995490,11.17,203.34,207.43,263.02,286.31,50.14,201.6 - 206.4 (22.8%),214.2 - 219.3 (17.3%),316.0 - 331.8 (20.0%),187.2 - 202.8 (11.9%)
2022-05-06,205.3730078893223,207.39366332672168,199.11297218353045,201.83688354492188,34747200,37680990,-7.79,202.39,206.96,261.89,286.27,48.01,201.6 - 206.4 (26.9%),200.9 - 205.8 (14.9%),316.0 - 331.8 (20.0%),187.2 - 202.8 (12.1%)
2022-05-09,197.9441549458263,200.64826687328977,193.72457414027153,194.34860229492188,36303200,38577365,-5.9,201.09,206.44,260.64,286.2,44.58,201.6 - 206.4 (26.1%),200.9 - 205.8 (15.3%),316.0 - 331.8 (19.4%),187.2 - 202.8 (12.1%)
2022-05-10,197.61727266187168,201.0345551127532,192.34775057526267,195.77491760253906,34452500,39274160,-12.28,200.16,206.07,259.44,286.13,45.38,201.6 - 206.4 (25.6%),200.9 - 205.8 (15.7%),316.0 - 331.8 (19.3%),187.2 - 202.8 (12.3%)
2022-05-11,194.4674542936816,198.7662778642114,186.48392048726012,186.949462890625,31153400,39825390,-21.78,198.9,205.6,258.18,286.03,41.4,201.6 - 206.4 (26.0%),200.9 - 205.8 (16.1%),316.0 - 331.8 (19.3%),187.2 - 202.8 (12.3%)
2022-05-12,185.28536782639935,196.17111163475803,183.02699929234953,189.42572021484375,38262200,40776910,-6.17,197.73,205.11,256.97,285.94,42.91,201.6 - 206.4 (26.5%),200.9 - 205.8 (16.1%),316.0 - 331.8 (19.2%),187.2 - 202.8 (12.5%)
2022-05-13,190.75303976936564,197.99368906706206,189.4653695467337,196.73573303222656,24549800,41085425,-40.25,197.15,204.81,255.76,285.86,47.24,201.6 - 206.4 (27.0%),200.9 - 205.8 (16.3%),316.0 - 331.8 (19.2%),187.2 - 202.8 (12.6%)
2022-05-16,195.1806178077068,203.4216792963445,194.07123281025147,198.14224243164062,27112600,41612015,-34.84,196.62,204.68,254.59,285.78,48.06,201.6 - 206.4 (27.1%),200.9 - 205.8 (16.4%),316.0 - 331.8 (19.3%),187.2 - 202.8 (12.8%)
2022-05-17,200.20251259115315,203.51083799137479,196.47818859658227,200.69776916503906,24872700,41851155,-40.57,195.9,204.62,253.48,285.71,49.59,201.6 - 206.4 (27.3%),200.9 - 205.8 (16.5%),316.0 - 331.8 (19.2%),187.2 - 202.8 (13.0%)
2022-05-18,198.10262075092066,199.09313385467527,189.8120309089844,190.41624450683594,23960000,40897330,-41.41,195.49,204.46,252.25,285.6,43.99,200.6 - 204.0 (26.8%),200.9 - 205.8 (16.7%),316.0 - 331.8 (19.2%),187.2 - 202.8 (13.1%)
2022-05-19,189.38612294129757,193.437318347367,187.80131087194192,189.4752655029297,24446900,39621970,-38.3,195.65,204.34,251.08,285.52,43.5,193.8 - 197.2 (18.2%),205.8 - 210.7 (15.5%),316.0 - 331.8 (19.1%),187.2 - 202.8 (13.2%)
2022-05-20,193.12032945206653,196.03244022048952,186.0876807920786,191.70388793945312,31465600,39373910,-20.09,196.12,204.11,249.89,285.43,45.04,193.8 - 197.2 (18.9%),205.8 - 210.7 (15.5%),316.0 - 331.8 (19.1%),187.2 - 202.8 (13.4%)
2022-05-23,193.33826590922556,195.12119261810062,189.4257419542698,194.36839294433594,25059200,39162815,-36.01,196.57,203.88,248.83,285.39,46.91,193.8 - 197.2 (25.1%),205.8 - 210.7 (15.3%),316.0 - 331.8 (19.1%),187.2 - 202.8 (13.6%)
2022-05-24,178.83717125482903,181.93746746616088,174.43928998335653,179.56024169921875,50406300,40095760,25.71,196.59,203.39,247.76,285.31,38.98,193.2 - 197.4 (24.6%),205.8 - 210.7 (15.3%),316.0 - 331.8 (18.9%),187.2 - 202.8 (13.5%)
2022-05-25,178.68859113273504,183.69068626058973,177.6188500819058,182.0860595703125,28030200,37944125,-26.13,197.03,203.06,246.72,285.22,40.82,191.7 - 194.4 (19.5%),205.8 - 210.7 (15.4%),316.0 - 331.8 (18.7%),187.2 - 202.8 (13.5%)
2022-05-26,181.14505206125855,191.00065500895997,180.53092362274083,189.81204223632812,23056500,34052420,-32.29,196.33,202.79,245.77,285.12,46.16,189.2 - 191.4 (24.0%),205.8 - 210.7 (15.6%),316.0 - 331.8 (18.4%),187.2 - 202.8 (13.6%)
2022-05-27,189.54458527586345,193.4769234474915,187.99938727559226,193.27882385253906,22562700,32720885,-31.04,196.07,202.66,244.76,285.04,48.41,189.0 - 191.1 (24.6%),205.8 - 210.7 (13.9%),316.0 - 331.8 (18.2%),187.2 - 202.8 (13.7%)
2022-05-31,193.04108932087925,195.72538635895296,190.18840687658394,191.80294799804688,26131100,31531675,-17.13,195.2,202.55,243.69,284.95,47.5,189.0 - 191.1 (27.4%),186.2 - 191.1 (12.6%),316.0 - 331.8 (17.7%),187.2 - 202.8 (13.9%)
2022-06-01,194.64575249909583,197.63710673346378,183.24495048052162,186.8504180908203,36623500,31285035,17.06,194.04,202.57,242.52,284.84,44.48,189.0 - 191.1 (27.0%),186.2 - 191.1 (14.4%),316.0 - 331.8 (17.6%),187.2 - 202.8 (13.9%)
2022-06-02,186.66217505384552,199.03368807875052,185.9490044723953,196.97341918945312,31951600,30813820,3.69,192.83,202.71,241.44,284.75,51.3,189.0 - 191.1 (17.9%),186.2 - 191.1 (14.3%),316.0 - 331.8 (17.4%),187.2 - 202.8 (14.1%)
2022-06-03,194.12077367518708,194.7448018307991,187.97959482727137,188.97010803222656,19465000,29730610,-34.53,191.96,202.59,240.29,284.64,46.44,189.0 - 191.1 (18.1%),186.2 - 191.1 (15.4%),316.0 - 331.8 (17.2%),187.2 - 202.8 (14.2%)
2022-06-06,192.14966804467795,195.05186457069715,186.6126875701568,192.40719604492188,30574200,29521960,3.56,191.49,202.57,239.13,284.53,48.69,191.1 - 193.2 (22.1%),186.2 - 191.1 (15.4%),316.0 - 331.8 (16.7%),187.2 - 202.8 (14.4%)
2022-06-07,190.10917429233888,194.66554065221433,189.67336121893422,193.79388427734375,18828700,28648235,-34.28,191.46,202.7,237.99,284.44,49.61,190.4 - 192.1 (20.8%),186.2 - 191.1 (13.7%),316.0 - 331.8 (16.7%),187.2 - 202.8 (14.6%)
2022-06-08,192.82317839064478,200.11335522320135,192.5656504323371,194.7744903564453,22267200,28038970,-20.58,191.41,202.87,236.8,284.35,50.28,192.1 - 193.8 (18.4%),186.2 - 191.1 (13.8%),316.0 - 331.8 (16.7%),187.2 - 202.8 (14.7%)
2022-06-09,192.43689932612924,197.55785065104567,181.9374535766167,182.25442504882812,23501600,27656380,-15.02,191.18,202.74,235.55,284.24,42.44,192.1 - 193.8 (18.5%),186.2 - 191.1 (13.8%),316.0 - 331.8 (16.4%),187.2 - 202.8 (14.7%)
2022-06-10,181.30355494241942,181.3629984385553,173.35964884477852,173.90443420410156,27450800,27115810,1.24,190.4,202.27,234.24,284.1,38.16,193.2 - 195.5 (23.0%),186.2 - 191.1 (13.8%),316.0 - 331.8 (16.2%),187.2 - 202.8 (14.6%)
2022-06-13,168.97165680873468,170.94278367699715,162.47389211014527,162.7017059326172,31749300,27475785,15.55,188.7,201.55,232.91,283.94,33.31,190.4 - 193.8 (25.0%),193.8 - 199.5 (14.6%),315.4 - 332.0 (16.0%),187.2 - 202.8 (14.7%)
2022-06-14,164.4549107520517,165.16808148844072,159.82921577082692,162.17672729492188,27244300,27482370,-0.87,186.9,200.68,231.51,283.77,33.1,189.0 - 192.5 (21.6%),191.4 - 197.2 (15.1%),315.4 - 332.0 (16.0%),187.2 - 202.8 (14.6%)
2022-06-15,165.6137958596035,170.52674773978174,162.4243423035829,167.743408203125,30008300,27739150,8.18,185.25,199.99,230.18,283.62,37.64,189.0 - 192.5 (21.5%),191.4 - 197.2 (15.2%),315.4 - 332.0 (15.9%),187.2 - 202.8 (14.6%)
2022-06-16,162.16681000407362,163.51390845838526,158.09580045651674,159.34384155273438,26944100,27888355,-3.39,183.7,199.07,228.74,283.46,33.9,190.0 - 193.8 (26.1%),186.0 - 192.0 (15.3%),321.1 - 338.0 (19.7%),187.2 - 202.8 (14.6%)
2022-06-17,160.14616044376828,164.32612718782204,158.38304822820413,162.18663024902344,31374200,28234720,11.12,182.33,198.25,227.23,283.32,36.21,159.6 - 163.4 (23.5%),186.0 - 192.0 (15.4%),321.1 - 338.0 (19.4%),187.2 - 202.8 (14.4%)
2022-06-21,164.355851494448,166.16849250243672,154.49034827782717,155.5601043701172,50724900,29197685,73.73,180.53,197.21,225.67,283.17,33.29,159.9 - 164.0 (22.1%),189.0 - 195.3 (16.4%),189.2 - 206.4 (18.6%),187.2 - 202.8 (14.2%)
2022-06-22,156.87748770131634,159.26461306087128,153.96537643332633,154.37149047851562,47267800,30308115,55.96,178.53,196.12,224.13,283.01,32.78,159.1 - 163.4 (28.0%),185.6 - 192.0 (15.3%),189.2 - 206.4 (18.5%),187.2 - 202.8 (14.2%)
2022-06-23,154.78745917740946,158.2344399279497,152.78661883496864,157.24392700195312,40499200,29812760,35.85,177.41,195.05,222.59,282.86,35.36,152.0 - 156.0 (22.9%),185.6 - 192.0 (15.3%),189.2 - 206.4 (18.4%),187.2 - 202.8 (14.1%)
2022-06-24,160.19568191049788,168.63485788504363,159.76976852564044,168.54571533203125,68736000,31848050,115.82,176.73,194.07,221.22,282.73,44.4,152.0 - 156.0 (20.5%),185.6 - 192.0 (15.0%),189.2 - 206.4 (18.3%),187.2 - 202.8 (14.0%)
2022-06-27,169.6947518124966,170.12066529182422,166.4161399777506,167.88211059570312,29174600,32153955,-9.27,175.64,193.1,219.83,282.6,44.01,152.0 - 156.0 (20.6%),185.6 - 192.0 (15.0%),189.2 - 206.4 (18.3%),187.2 - 202.8 (14.0%)
2022-06-28,168.28813948533363,169.6748666452354,159.08628108557954,159.15560913085938,27744500,32413045,-14.4,173.93,192.09,218.37,282.4,39.15,152.0 - 156.0 (20.2%),185.6 - 192.0 (15.0%),189.2 - 206.4 (18.2%),187.2 - 202.8 (13.8%)
2022-06-29,162.01826528724015,164.75207651287346,158.79909711088973,162.38475036621094,28595200,32536250,-12.11,172.46,191.08,217.05,282.22,41.71,154.0 - 156.8 (20.0%),185.6 - 192.0 (15.0%),189.2 - 206.4 (18.2%),187.2 - 202.8 (13.8%)
2022-06-30,160.61171649424432,163.662499099928,156.98644950729903,159.7202606201172,35250600,32467605,8.57,171.1,189.88,215.64,282.04,40.21,162.0 - 164.0 (23.7%),185.6 - 192.0 (14.9%),189.2 - 206.4 (18.2%),187.2 - 202.8 (13.8%)
2022-07-01,158.78916804730673,159.09622471985023,153.5295453943019,158.51182556152344,31423900,32441220,-3.14,169.18,188.7,214.22,281.86,39.51,161.0 - 162.4 (17.2%),185.6 - 192.0 (14.8%),189.2 - 206.4 (18.1%),187.2 - 202.8 (13.7%)
2022-07-05,156.63977482025155,166.65386502608303,155.53040474542456,166.5944366455078,28618600,32898900,-13.01,168.06,187.79,212.9,281.65,46.22,158.2 - 159.6 (18.1%),190.4 - 196.0 (13.4%),189.2 - 206.4 (18.1%),187.2 - 202.8 (13.5%)
2022-07-06,166.60432602595623,169.9621653469318,163.8903293874413,168.15943908691406,23085900,32524485,-29.02,166.85,186.91,211.54,281.45,47.44,168.0 - 169.4 (19.6%),190.4 - 196.0 (13.5%),189.2 - 206.4 (18.1%),187.2 - 202.8 (13.5%)
2022-07-07,167.84247614623044,171.08145887850063,166.18832074414408,170.55648803710938,24083400,32787220,-26.55,165.69,186.08,210.21,281.26,49.33,158.4 - 160.0 (20.2%),190.4 - 196.0 (13.5%),189.2 - 206.4 (18.0%),187.2 - 202.8 (13.5%)
2022-07-08,168.3674249497186,170.76446501519465,166.55478402906687,169.25889587402344,19249200,32636320,-41.02,164.41,185.33,208.93,281.09,48.32,168.0 - 169.6 (24.4%),190.4 - 196.0 (13.4%),189.2 - 206.4 (18.0%),187.2 - 202.8 (13.4%)
2022-07-11,165.485030120434,165.90104380686165,160.37397892027082,161.33477783203125,21885600,32555520,-32.77,163.37,184.48,207.53,280.89,42.57,168.0 - 169.6 (23.3%),190.4 - 196.0 (13.4%),189.2 - 206.4 (18.0%),187.2 - 202.8 (13.1%)
2022-07-12,163.2365684897572,164.33603867968444,160.56218603464612,161.72108459472656,16639700,32014965,-48.03,162.76,183.63,206.26,280.69,42.93,168.0 - 169.6 (25.1%),156.8 - 162.4 (14.3%),189.2 - 206.4 (18.0%),187.2 - 202.8 (13.1%)
2022-07-13,158.64056991144557,163.41483483867165,158.09578472420262,161.93898010253906,16555100,31255255,-47.03,162.72,182.86,204.97,280.48,43.14,167.7 - 169.0 (29.4%),156.8 - 162.4 (15.1%),189.2 - 206.4 (18.0%),187.2 - 202.8 (13.1%)
2022-07-14,159.69052285116314,161.0475209587845,155.7878988272264,156.55059814453125,23765200,31081300,-23.54,162.44,181.99,203.66,280.27,39.22,168.0 - 169.4 (28.1%),156.8 - 162.4 (15.1%),189.2 - 206.4 (17.9%),187.2 - 202.8 (13.1%)
2022-07-15,159.01698876357278,163.41486996366078,158.30383313629204,163.1375274658203,23342800,30748025,-24.08,162.21,181.12,202.52,280.07,45.72,161.0 - 162.4 (23.9%),156.8 - 162.4 (14.9%),189.2 - 206.4 (17.9%),187.2 - 202.8 (13.0%)
2022-07-18,165.1680820487272,170.06121985120458,164.0686117525672,165.64352416992188,23574300,30579535,-22.91,162.52,180.57,201.35,279.87,47.99,161.0 - 162.4 (24.3%),156.8 - 162.4 (14.8%),189.2 - 206.4 (17.9%),187.2 - 202.8 (12.8%)
2022-07-19,168.75373138541684,174.8156825309406,167.90188941705418,174.11241149902344,25933700,30307510,-14.43,163.12,180.37,200.32,279.68,54.88,158.4 - 160.2 (19.5%),156.8 - 162.4 (14.8%),189.2 - 206.4 (17.9%),187.2 - 202.8 (12.7%)
2022-07-20,175.8061782268181,181.8582139641814,175.02366440209127,181.35304260253906,24784300,29010480,-14.57,164.41,180.35,199.4,279.51,59.79,157.5 - 160.0 (19.7%),156.8 - 162.4 (14.9%),189.2 - 206.4 (17.8%),187.2 - 202.8 (12.7%)
2022-07-21,178.91641498161522,182.1058688877832,177.17310197111868,181.43231201171875,27195800,28006880,-2.9,165.76,180.29,198.48,279.33,59.84,160.0 - 162.5 (16.7%),156.8 - 162.4 (15.1%),189.2 - 206.4 (17.8%),187.2 - 202.8 (12.7%)
2022-07-22,171.42812239814768,173.93411952098813,166.8123273767297,167.66416931152344,42583900,28111115,51.48,166.28,180.1,197.39,279.09,48.28,167.5 - 170.0 (24.9%),156.8 - 162.4 (15.0%),189.2 - 206.4 (17.7%),187.2 - 202.8 (12.6%)
2022-07-25,167.39672752297426,168.95184047126608,163.24647487797617,165.0690155029297,26166300,25982630,0.71,166.11,179.96,196.18,278.81,46.46,167.5 - 170.0 (23.1%),156.8 - 162.4 (15.1%),189.2 - 206.4 (17.8%),187.2 - 202.8 (12.1%)
2022-07-26,164.3657284020219,164.42515676333028,156.45152415049554,157.64013671875,28468400,25947320,9.72,165.6,179.19,194.86,278.54,41.62,167.5 - 170.0 (23.1%),156.8 - 162.4 (16.5%),189.2 - 206.4 (17.7%),187.2 - 202.8 (11.9%)
2022-07-27,161.04752955878874,169.2489772381672,160.48294492213745,167.97122192382812,43846600,26752425,63.9,166.04,178.68,193.59,278.28,49.5,167.5 - 170.0 (27.2%),156.8 - 162.4 (16.7%),189.2 - 206.4 (17.6%),187.2 - 202.8 (11.9%)
2022-07-28,159.53203755044004,159.97776542286496,153.38095966010903,159.1952667236328,73214300,28983380,152.61,165.88,177.85,192.96,278.01,44.06,167.5 - 170.0 (24.2%),156.8 - 162.4 (20.7%),189.2 - 206.4 (17.5%),187.2 - 202.8 (11.8%)
2022-07-29,156.1940101356816,158.6207641609301,153.6979129400399,157.59063720703125,42065400,29324120,43.45,165.77,176.97,192.31,277.72,43.12,157.5 - 160.0 (31.2%),156.8 - 162.4 (22.9%),189.2 - 206.4 (17.4%),187.2 - 202.8 (11.7%)
2022-08-01,155.75818243417817,163.62285873812968,153.75734177288857,158.41275024414062,40596700,29782760,36.31,165.77,175.93,191.77,277.43,43.78,157.5 - 160.0 (38.5%),156.8 - 162.4 (25.1%),189.2 - 206.4 (17.5%),187.2 - 202.8 (11.5%)
2022-08-02,156.80811871323934,160.70084286365181,156.51096177508097,158.6702880859375,27374500,29720555,-7.89,165.37,175.13,191.28,277.16,44.0,157.5 - 160.0 (43.3%),156.8 - 162.4 (26.7%),189.2 - 206.4 (17.4%),187.2 - 202.8 (11.4%)
2022-08-03,161.14658767306634,167.93159371925523,160.0372177754891,167.19862365722656,31721900,30152355,5.21,165.32,174.55,190.76,276.92,50.81,157.5 - 160.0 (42.0%),159.1 - 163.4 (18.8%),189.2 - 206.4 (17.3%),187.2 - 202.8 (11.4%)
2022-08-04,166.70340418411016,170.51687161284335,165.21763412028392,168.95187377929688,23938200,30145095,-20.59,165.24,174.13,190.28,276.72,52.1,165.6 - 168.0 (28.1%),156.0 - 160.0 (20.9%),189.2 - 206.4 (17.3%),187.2 - 202.8 (11.3%)
2022-08-05,165.40578621011906,169.98195184583187,164.22707321570084,165.52464294433594,25832700,30474270,-15.23,165.06,173.63,189.85,276.5,49.37,165.6 - 168.0 (27.9%),156.0 - 159.9 (21.0%),189.2 - 206.4 (17.3%),187.2 - 202.8 (11.3%)
2022-08-08,166.40621773471915,175.8259928332937,165.54447608651174,168.63487243652344,27299100,30744945,-11.21,165.42,173.32,189.46,276.3,51.84,158.4 - 160.8 (27.6%),156.0 - 159.9 (21.1%),189.2 - 206.4 (17.3%),187.2 - 202.8 (11.3%)
2022-08-09,167.34722717150572,167.9217267272005,165.0195298714348,166.93121337890625,18655100,30845715,-39.52,165.68,172.95,189.03,276.09,50.39,158.4 - 160.8 (28.0%),156.0 - 159.9 (21.3%),189.2 - 206.4 (17.2%),187.2 - 202.8 (11.3%)
2022-08-10,174.32042015858755,178.76781466812753,172.29976480556695,176.6481170654297,30262100,31531065,-4.02,166.42,172.61,188.71,275.91,57.65,158.4 - 160.8 (27.7%),156.0 - 159.9 (21.3%),189.2 - 206.4 (17.2%),187.2 - 202.8 (11.2%)
2022-08-11,178.00513869341538,181.36297792874385,174.6968130282163,175.8061981201172,24079100,31546760,-23.67,167.38,172.24,188.46,275.72,56.87,157.7 - 159.6 (27.9%),156.0 - 159.9 (21.4%),189.2 - 206.4 (17.1%),187.2 - 202.8 (11.2%)
2022-08-12,179.0946848399813,179.73852747246116,177.21271585218526,178.78762817382812,21274000,31443320,-32.34,168.16,171.87,188.25,275.54,58.98,157.5 - 159.6 (43.7%),156.0 - 159.9 (21.5%),189.2 - 206.4 (17.1%),187.2 - 202.8 (11.2%)
2022-08-15,177.26223658947166,179.71870492263832,176.50943693686588,179.17391967773438,15878700,31058540,-48.87,168.84,171.69,188.07,275.39,59.26,158.4 - 160.6 (29.8%),156.0 - 159.9 (21.6%),189.2 - 206.4 (17.1%),187.2 - 202.8 (11.2%)
2022-08-16,177.73769609059622,179.27299461714847,175.36045527444134,177.7674102783203,21156700,30819690,-31.35,169.02,171.49,187.92,275.24,57.72,158.4 - 160.6 (30.2%),165.6 - 169.2 (21.3%),189.2 - 206.4 (17.0%),187.2 - 202.8 (11.2%)
2022-08-17,175.0830916959517,176.4500046227847,172.51766637115318,173.19122314453125,20118100,30586380,-34.23,168.61,171.18,187.65,275.09,52.93,158.4 - 160.6 (31.8%),165.6 - 169.2 (21.4%),189.2 - 206.4 (17.0%),187.2 - 202.8 (11.2%)
2022-08-18,172.686080255958,174.09260728886298,170.22961157271774,173.0030517578125,18844500,30168815,-37.54,168.19,170.83,187.35,274.92,52.73,165.0 - 167.2 (19.6%),165.6 - 169.2 (21.4%),189.2 - 206.4 (17.0%),187.2 - 202.8 (11.2%)
2022-08-19,168.58536307591913,170.68526157983868,165.46525218139757,166.3666229248047,26240800,29351660,-10.6,168.13,170.61,187.0,274.76,46.29,165.9 - 168.0 (20.5%),165.6 - 169.2 (22.9%),189.2 - 206.4 (17.0%),187.2 - 202.8 (11.2%)
2022-08-22,163.9200128706444,163.9200128706444,160.72064478268396,161.50315856933594,19499700,29018330,-32.8,167.95,170.26,186.66,274.58,42.22,165.9 - 168.0 (21.8%),165.6 - 169.2 (23.0%),189.2 - 206.4 (17.0%),187.2 - 202.8 (11.2%)
2022-08-23,160.9385562707186,163.48418206614588,159.17544424932208,159.58155822753906,18111800,28500500,-36.45,168.05,169.76,186.27,274.39,40.7,166.0 - 168.0 (22.3%),165.6 - 169.2 (23.4%),189.2 - 206.4 (16.9%),187.2 - 202.8 (11.2%)
2022-08-24,159.076427981894,163.89032279947102,158.25430020178976,161.711181640625,20891500,27352745,-23.62,167.73,169.23,185.95,274.19,43.14,176.0 - 178.0 (15.5%),165.6 - 169.2 (23.5%),189.2 - 206.4 (16.9%),187.2 - 202.8 (11.2%)
2022-08-25,163.61296416075552,167.27787511526557,162.46398032811993,167.17881774902344,15550500,24469555,-36.45,168.13,168.82,185.69,274.0,48.97,166.0 - 168.0 (18.7%),165.6 - 169.2 (24.5%),154.8 - 172.0 (17.1%),187.2 - 202.8 (11.2%)
2022-08-26,166.88164351357545,169.2984979053426,160.13625169424387,160.24520874023438,24023600,23567465,1.94,168.26,168.38,185.48,273.79,42.96,160.0 - 162.0 (20.0%),165.6 - 169.2 (24.5%),154.8 - 172.0 (17.4%),187.2 - 202.8 (11.2%)
2022-08-29,159.13582774817965,161.50315329604436,157.50147217285706,157.6599578857422,20052700,22540265,-11.04,168.23,167.73,185.22,273.57,40.94,165.0 - 167.2 (19.2%),165.6 - 169.2 (24.2%),154.8 - 172.0 (17.6%),187.2 - 202.8 (11.2%)
2022-08-30,158.82879152817029,160.12636135178465,154.43091067186754,155.66905212402344,19567900,22149935,-11.66,168.08,167.17,184.88,273.36,39.41,177.6 - 180.0 (18.5%),165.6 - 169.2 (24.3%),154.8 - 172.0 (17.9%),187.2 - 202.8 (11.2%)
2022-08-31,165.48503135805947,166.24771556519892,160.60179390141286,161.38429260253906,40953000,22611490,81.12,167.79,166.65,184.61,273.15,45.7,160.8 - 163.2 (24.9%),158.4 - 162.0 (24.7%),154.8 - 172.0 (18.4%),187.2 - 202.8 (11.1%)
2022-09-01,162.02814751740178,165.77228612219326,158.8287941834729,163.791259765625,30145700,22921865,31.52,167.53,166.15,184.43,272.96,48.14,160.8 - 163.2 (24.5%),156.4 - 159.8 (24.4%),154.8 - 172.0 (18.7%),187.2 - 202.8 (11.1%)
2022-09-02,165.86143654279775,166.3368786589815,157.7095169310426,158.79908752441406,22634200,22761940,-0.56,167.19,165.55,184.21,272.76,43.75,160.8 - 163.2 (24.4%),156.4 - 159.8 (25.6%),154.8 - 172.0 (19.0%),187.2 - 202.8 (11.1%)
2022-09-06,158.5811783410639,160.15609079083384,156.1940377665877,157.0359649658203,19339800,22363975,-13.52,166.61,165.13,183.93,272.54,42.28,160.2 - 162.0 (33.3%),156.4 - 159.8 (27.1%),154.8 - 172.0 (19.3%),187.2 - 202.8 (11.0%)
2022-09-07,156.26333869682563,159.43299265697226,155.32235428979533,158.86839294433594,16831200,22272780,-24.43,166.21,164.88,183.58,272.32,44.37,159.8 - 161.5 (20.8%),161.0 - 163.3 (15.9%),154.8 - 172.0 (19.5%),187.2 - 202.8 (11.0%)
2022-09-08,157.20435757728256,160.69095318036264,156.24355855832258,160.52256774902344,22530800,21886215,2.95,165.4,164.85,183.2,272.09,46.26,160.8 - 162.0 (25.7%),161.0 - 163.3 (15.9%),153.0 - 170.0 (20.1%),187.2 - 202.8 (11.0%)
2022-09-09,161.70129618072903,167.93161818584852,161.47348235372078,167.54531860351562,22086800,21786600,1.38,164.99,164.94,182.81,271.87,53.49,160.8 - 162.0 (26.1%),161.0 - 163.3 (16.0%),153.0 - 170.0 (20.3%),187.2 - 202.8 (11.0%)
2022-09-12,165.80200372255513,169.76405651727683,165.693046666139,167.35711669921875,23220400,21883920,6.11,164.42,164.93,182.46,271.66,53.28,160.8 - 162.0 (19.6%),165.6 - 167.9 (16.8%),151.2 - 168.0 (18.4%),187.2 - 202.8 (11.0%)
2022-09-13,160.00751253167596,160.09667021573136,151.2216643587386,151.67730712890625,44444100,23312190,90.65,163.04,164.8,181.93,271.42,39.56,160.0 - 161.6 (25.6%),157.5 - 160.0 (23.4%),153.0 - 170.0 (20.5%),187.2 - 202.8 (11.0%)
2022-09-14,151.87539043077032,152.08338973844826,147.6359951533532,150.0330352783203,43064200,24407565,76.44,161.66,164.6,181.42,271.19,38.44,160.2 - 162.0 (24.0%),166.4 - 169.0 (22.5%),153.9 - 171.0 (20.7%),187.2 - 202.8 (11.0%)
2022-09-15,148.37885384164315,152.73710509645124,147.2892834709265,148.1312255859375,34606300,25131975,37.7,160.4,164.48,180.84,270.95,37.13,159.6 - 161.5 (22.8%),156.8 - 159.6 (23.0%),153.9 - 171.0 (20.7%),187.2 - 202.8 (10.9%)
2022-09-16,146.64548888680878,147.17045969732763,142.9211494141072,144.9021759033203,40122800,26195890,53.16,159.0,164.32,180.22,270.7,34.96,149.5 - 151.8 (21.9%),165.0 - 168.0 (20.0%),155.7 - 173.0 (19.0%),187.2 - 202.8 (10.9%)
2022-09-19,143.86214293941632,147.17045340764585,143.72347169565916,146.6157684326172,22169500,25992325,-14.71,158.01,164.14,179.6,270.43,37.06,149.5 - 151.8 (21.8%),165.0 - 168.0 (19.8%),193.2 - 209.3 (15.4%),187.2 - 202.8 (10.9%)
2022-09-20,144.39701436844177,147.42798236909735,143.8423293897639,144.70407104492188,23217400,26178210,-11.31,157.17,163.74,178.91,270.16,35.67,149.5 - 151.8 (21.6%),158.1 - 161.2 (19.1%),193.2 - 209.3 (15.3%),187.2 - 202.8 (10.8%)
2022-09-21,145.00125546695952,148.18081011897644,140.65290226214884,140.77175903320312,38338600,27189550,41.0,156.23,163.29,178.2,269.87,32.94,143.1 - 145.8 (15.7%),156.4 - 159.8 (26.4%),147.6 - 164.0 (14.5%),190.8 - 206.7 (11.4%)
2022-09-22,140.2071471475212,143.20840094862743,139.53359030903127,141.46510314941406,34418500,27865900,23.51,155.22,163.0,177.54,269.59,33.9,140.4 - 143.1 (17.9%),156.4 - 159.8 (24.2%),193.2 - 209.3 (15.2%),190.8 - 206.7 (11.3%)
2022-09-23,140.07835464057428,141.2669672856025,137.5723578166796,139.07794189453125,31710700,28673910,10.59,153.81,162.61,176.84,269.3,32.19,140.0 - 142.8 (17.5%),157.5 - 161.0 (24.9%),194.4 - 210.6 (14.5%),192.0 - 208.0 (11.2%)
2022-09-26,138.7906874652121,140.89058546527335,134.8979783286699,135.07626342773438,30497000,28997580,5.17,152.55,162.2,176.04,269.03,29.5,144.0 - 147.2 (19.1%),156.0 - 159.9 (24.7%),198.0 - 214.5 (14.4%),194.4 - 210.6 (11.8%)
2022-09-27,136.6115802162756,138.0973500324367,132.8476269925277,133.12496948242188,30826500,29536270,4.37,151.33,161.77,175.23,268.72,28.26,149.6 - 153.0 (19.1%),156.0 - 160.0 (23.0%),150.3 - 167.0 (15.4%),196.8 - 213.2 (11.1%)
2022-09-28,133.34287852401653,140.68258476393316,132.99620798185623,140.26657104492188,32658500,30190800,8.17,150.56,161.33,174.56,268.47,38.45,139.4 - 142.8 (22.2%),156.0 - 160.0 (23.0%),194.4 - 210.6 (14.4%),196.8 - 213.2 (11.0%)
2022-09-29,138.03793219247984,138.51337433800606,133.9173932938307,135.1159210205078,38985400,30092420,29.55,149.24,160.78,173.85,268.21,34.63,139.4 - 142.8 (21.5%),156.0 - 160.0 (20.9%),194.4 - 210.6 (14.4%),196.8 - 213.2 (11.0%)
2022-09-30,134.7593224231971,139.65245999644353,134.2145371462914,134.392822265625,33166400,30243455,9.66,147.77,160.18,173.13,267.95,34.12,132.6 - 136.0 (26.6%),156.0 - 160.0 (19.1%),194.4 - 210.6 (14.4%),196.8 - 213.2 (11.0%)
2022-10-03,135.83898824004308,138.29545689957237,134.8088610970253,137.2950439453125,27723100,30497900,-9.1,146.7,159.65,172.49,267.64,38.08,140.6 - 142.5 (14.4%),156.0 - 160.0 (18.8%),194.4 - 210.6 (14.4%),196.8 - 213.2 (11.0%)
2022-10-04,139.1572179328532,141.03918714337496,138.01811857782508,138.94920349121094,34670700,31264445,10.89,145.79,159.28,171.88,267.32,40.29,134.3 - 136.0 (20.7%),156.0 - 160.0 (18.7%),194.4 - 210.6 (14.3%),196.8 - 213.2 (11.0%)
2022-10-05,136.92854421926995,138.87985634703463,133.50136204701403,137.66151428222656,27979300,31821850,-12.08,144.73,158.87,171.25,267.0,39.12,139.5 - 141.0 (14.8%),156.0 - 160.0 (18.7%),194.4 - 210.6 (14.4%),196.8 - 213.2 (11.0%)
2022-10-06,136.41345747443108,140.1080668924418,135.30408770289597,137.7506561279297,36231100,32506865,11.46,143.6,158.47,170.66,266.71,39.25,133.9 - 135.2 (21.3%),156.0 - 160.0 (18.5%),194.4 - 210.6 (14.3%),196.8 - 213.2 (11.0%)
2022-10-07,135.46257128767706,136.9780551794244,131.18356239157612,132.18397521972656,33214800,33063265,0.46,141.83,158.07,170.03,266.43,34.28,137.2 - 138.6 (19.3%),155.8 - 159.9 (18.4%),195.6 - 211.9 (14.4%),196.8 - 213.2 (10.9%)
2022-10-10,132.28303846245487,134.81874978981443,130.61896845760532,132.520751953125,24024000,33103445,-27.43,140.09,157.56,169.34,266.13,34.82,133.9 - 135.2 (21.5%),155.8 - 159.9 (18.4%),195.6 - 211.9 (14.4%),196.8 - 213.2 (10.9%)
2022-10-11,130.37133121574288,131.4014733180617,125.78525821888626,127.32054901123047,38481400,32805310,17.3,138.87,156.92,168.74,265.83,30.65,137.2 - 138.6 (18.7%),157.5 - 162.0 (23.7%),150.3 - 167.0 (15.2%),183.7 - 200.4 (11.4%)
2022-10-12,127.10267156616365,128.43985542807746,125.05230181824928,126.29044342041016,34605200,32382360,6.86,137.68,156.12,168.24,265.52,29.89,136.5 - 138.0 (18.8%),156.4 - 161.0 (20.5%),151.2 - 168.0 (18.3%),184.8 - 201.6 (11.6%)
2022-10-13,122.35810591510078,129.8959126818522,121.36759262177752,129.05397033691406,34325700,32368330,6.05,136.73,155.25,167.8,265.22,34.59,137.2 - 138.6 (18.8%),156.4 - 161.0 (19.1%),151.2 - 168.0 (18.3%),184.8 - 201.6 (11.6%)
2022-10-14,129.75721510733246,130.53971380017276,125.31971312819348,125.55744171142578,23559400,31540160,-25.3,135.76,154.32,167.3,264.91,31.69,136.5 - 138.0 (19.1%),164.5 - 169.2 (18.9%),151.2 - 168.0 (18.3%),185.9 - 202.8 (11.5%)
2022-10-17,129.06387702964471,133.5112717641137,128.94500516437571,132.7683868408203,29612200,31912295,-7.21,135.07,153.73,166.92,264.62,42.41,132.0 - 133.5 (24.5%),155.1 - 159.8 (17.6%),151.2 - 168.0 (18.3%),185.9 - 202.8 (11.3%)
2022-10-18,135.78945627700506,136.5323412060902,130.15343353010073,131.5401611328125,25445000,32023675,-20.54,134.41,153.18,166.57,264.34,41.23,136.5 - 138.0 (19.4%),155.1 - 159.8 (17.6%),151.2 - 168.0 (18.2%),185.9 - 202.8 (11.3%)
2022-10-19,131.62929360512723,135.70030330895722,130.96565159970882,131.966064453125,30691000,31641295,-3.0,133.97,152.75,165.97,264.05,41.83,131.3 - 132.6 (24.0%),155.1 - 159.8 (17.5%),151.2 - 168.0 (18.2%),185.9 - 202.8 (11.3%)
2022-10-20,131.66889301614896,135.4724746302485,130.06426670512602,130.2821807861328,26356300,31238185,-15.63,133.41,152.12,165.4,263.77,40.07,131.3 - 132.6 (24.6%),157.5 - 162.0 (22.3%),151.2 - 168.0 (18.2%),185.9 - 202.8 (11.3%)
2022-10-21,125.11173045962862,128.88558365269435,124.2499887392057,128.77662658691406,46348600,31970080,44.97,132.89,151.61,164.73,263.47,38.51,131.3 - 132.6 (24.0%),157.5 - 162.0 (22.3%),151.2 - 168.0 (18.1%),185.9 - 202.8 (11.2%)
2022-10-24,126.04278101191225,132.2136728562451,123.3882058325242,128.48934936523438,63563400,33623400,89.05,132.57,151.13,164.05,263.17,38.2,131.3 - 132.6 (22.3%),157.5 - 162.0 (21.8%),151.2 - 168.0 (18.1%),185.9 - 202.8 (11.2%)
2022-10-25,129.638353078888,137.0374867862585,129.3510958299588,136.2054443359375,38433200,34003735,13.03,132.72,150.76,163.34,262.88,49.76,128.4 - 129.6 (28.1%),157.5 - 162.0 (20.2%),151.2 - 168.0 (18.0%),185.9 - 202.8 (11.1%)
2022-10-26,130.4307801137802,134.26407674548548,127.31066935949349,128.58843994140625,82791500,36510385,126.76,132.14,150.26,162.69,262.57,41.51,128.4 - 129.6 (40.0%),157.5 - 162.0 (19.8%),151.2 - 168.0 (17.9%),185.9 - 202.8 (11.1%)
2022-10-27,97.05047805974834,101.52759400186584,95.46565103459476,97.01085662841797,232316600,46176945,403.1,130.23,149.09,161.82,262.19,23.85,124.8 - 128.7 (31.8%),156.4 - 163.2 (15.8%),152.0 - 171.0 (19.3%),188.0 - 206.8 (12.9%)
2022-10-28,98.63530334474642,99.8932517463561,96.58494138382862,98.25890350341797,95928300,49315040,94.52,128.42,147.91,161.02,261.8,25.2,124.8 - 128.7 (29.4%),95.2 - 102.0 (15.1%),152.0 - 171.0 (19.1%),188.0 - 206.8 (12.8%)
2022-10-31,97.28821708560052,98.37778019916283,91.72152964479548,92.2762222290039,121361400,53996955,124.76,126.17,146.69,160.16,261.41,23.08,96.8 - 101.2 (35.5%),129.6 - 136.8 (15.1%),155.2 - 174.6 (20.5%),191.0 - 210.1 (13.0%)
2022-11-01,93.4351180377362,96.56513602336383,92.66251890068305,94.29685974121094,110189600,57772900,90.73,123.94,145.45,159.39,261.03,25.36,96.8 - 101.2 (33.0%),93.6 - 100.8 (18.8%),155.2 - 174.6 (20.2%),191.0 - 210.1 (12.9%)
2022-11-02,93.31624220877565,94.29684810347324,89.62163242073564,89.68106079101562,71821100,59964990,19.77,121.54,144.16,158.55,260.62,23.64,94.0 - 98.7 (42.5%),90.0 - 97.5 (19.5%),156.8 - 176.4 (19.3%),193.0 - 212.3 (12.6%)
2022-11-03,89.22543462884886,89.60182694018093,87.57127932884133,88.06653594970703,60664000,61186635,-0.85,119.06,142.68,157.65,260.22,23.05,96.0 - 100.8 (31.0%),91.2 - 98.8 (23.2%),157.6 - 177.3 (18.3%),194.0 - 213.4 (12.4%)
2022-11-04,89.49286744595292,90.52300209618889,87.25430546453602,89.92869567871094,55638100,62307800,-10.7,116.94,141.25,156.75,259.84,25.36,96.0 - 100.8 (30.1%),91.2 - 98.8 (22.9%),157.6 - 177.3 (18.2%),194.0 - 213.4 (12.4%)
2022-11-07,93.88082387139174,95.96089972514051,92.21676167698978,95.80242156982422,81987300,65205965,25.74,115.11,139.87,155.87,259.46,32.29,96.0 - 100.8 (28.7%),91.2 - 98.8 (25.7%),157.6 - 177.3 (18.2%),194.0 - 213.4 (12.4%)
2022-11-08,95.01003187364735,96.87220167398475,93.89075458930797,95.55481719970703,52088300,65886310,-20.94,113.52,138.48,155.08,259.1,32.15,91.2 - 96.0 (31.2%),91.2 - 98.8 (27.4%),157.6 - 177.3 (18.1%),194.0 - 213.4 (12.3%)
2022-11-09,100.75499828127565,103.90483038349184,99.78429207444763,100.50736999511719,107677300,69539915,54.84,112.23,137.19,154.34,258.74,37.78,96.0 - 100.8 (35.0%),91.2 - 98.8 (26.6%),157.6 - 177.3 (17.9%),194.0 - 213.4 (12.3%)
2022-11-10,106.1037780601982,111.68036472692367,103.61758778046803,110.8087158203125,80671000,71857180,12.27,111.32,136.15,153.67,258.4,47.52,96.0 - 100.8 (33.5%),91.2 - 98.8 (26.0%),157.6 - 177.3 (17.7%),194.0 - 213.4 (12.2%)
2022-11-11,108.19375389288676,113.80996159782818,107.77773262965678,111.94779205322266,59961700,73677295,-18.62,110.64,135.13,152.98,258.07,48.48,96.0 - 100.8 (33.1%),91.2 - 98.8 (25.7%),157.6 - 177.3 (17.7%),194.0 - 213.4 (12.2%)
2022-11-14,109.93706017775395,115.16696877051291,109.74886780471479,113.13642120361328,53395000,74866435,-28.68,109.66,134.24,152.43,257.74,49.52,96.0 - 100.8 (33.4%),90.0 - 97.5 (21.8%),157.6 - 177.3 (17.6%),194.0 - 213.4 (12.2%)
2022-11-15,114.9688636373619,117.6135319944272,113.32461570055189,115.96928405761719,50670500,76127710,-33.44,108.88,133.49,151.87,257.41,52.0,94.3 - 98.4 (35.1%),92.3 - 99.4 (20.7%),157.6 - 177.3 (17.5%),194.0 - 213.4 (12.1%)
2022-11-16,113.41376358768983,114.97877628756191,111.59122289190168,112.15581512451172,33287800,76257550,-56.35,107.89,132.7,151.23,257.08,48.54,95.2 - 98.0 (28.9%),92.3 - 99.4 (20.6%),156.8 - 176.4 (18.3%),194.0 - 213.4 (12.1%)
2022-11-17,109.36255793503526,111.26434132441942,108.75834432324935,110.39268493652344,35093800,76694425,-54.24,106.89,131.84,150.54,256.76,46.98,89.6 - 92.4 (23.2%),92.4 - 99.0 (20.4%),156.8 - 176.4 (18.3%),194.0 - 213.4 (12.1%)
2022-11-18,112.72040524202392,113.23546878120747,109.57057296208852,110.98700714111328,33357700,76044880,-56.13,106.0,130.9,149.86,256.44,47.59,89.6 - 92.4 (24.7%),92.4 - 99.0 (20.4%),156.8 - 176.4 (18.3%),194.0 - 213.4 (12.0%)
2022-11-21,110.46202750500028,111.30396976120818,108.15413751811265,108.81777954101562,24351100,74084265,-67.13,105.02,130.05,149.21,256.11,45.53,109.2 - 112.0 (23.0%),92.4 - 99.0 (20.4%),156.8 - 176.4 (18.3%),194.0 - 213.4 (11.8%)
2022-11-22,108.81777699621372,110.5610822839359,107.2923858140838,110.3827896118164,29029000,73614055,-60.57,103.73,129.26,148.49,255.77,47.3,109.2 - 112.0 (28.7%),92.4 - 99.0 (20.3%),156.8 - 176.4 (18.2%),194.0 - 213.4 (11.7%)
2022-11-23,110.66013027395543,111.60111474319709,109.67952437189093,111.1751937866211,21343100,70541635,-69.74,102.86,128.52,147.84,255.43,48.22,109.2 - 112.0 (33.3%),92.4 - 99.0 (20.3%),156.8 - 176.4 (18.3%),194.0 - 213.4 (11.7%)
2022-11-25,110.24412369145941,111.66055788912345,109.96677364377052,110.35308074951172,12007600,59526185,-79.83,103.52,127.67,147.16,255.1,47.3,110.0 - 112.0 (40.2%),92.4 - 99.0 (20.5%),156.8 - 176.4 (18.3%),194.0 - 213.4 (11.6%)
2022-11-28,109.72905814361181,110.97710697183898,107.35182479932747,107.74803161621094,23309400,55895240,-58.3,104.0,126.73,146.44,254.76,44.41,110.0 - 112.0 (44.1%),92.4 - 99.0 (20.4%),156.8 - 176.4 (18.3%),194.0 - 213.4 (11.5%)
2022-11-29,108.50082796081743,109.88754809441876,107.51031465924746,108.42158508300781,23899200,51022130,-53.16,104.81,125.89,145.72,254.43,45.34,109.5 - 111.0 (32.3%),92.4 - 99.0 (20.4%),156.8 - 176.4 (18.2%),194.0 - 213.4 (11.4%)
2022-11-30,108.47109485006094,117.0390349255215,108.34232330682798,116.97959899902344,43348600,47680080,-9.08,105.94,125.23,145.18,254.12,55.53,110.7 - 111.6 (25.8%),92.4 - 99.0 (20.4%),156.8 - 176.4 (18.2%),194.0 - 213.4 (11.4%)
2022-12-01,118.06918238287894,120.05020898364548,117.27677627678237,119.29742431640625,36551400,45916595,-20.4,107.42,124.57,144.72,253.82,57.83,111.6 - 112.8 (19.4%),92.4 - 99.0 (20.4%),156.8 - 176.4 (18.1%),194.0 - 213.4 (11.4%)
2022-12-02,116.7121657142598,122.86325143919743,116.49425161319022,122.31846618652344,39950500,44880920,-10.99,109.13,123.93,144.39,253.52,60.68,109.5 - 111.0 (23.8%),92.4 - 99.0 (20.2%),156.8 - 176.4 (18.1%),194.0 - 213.4 (11.3%)
2022-12-05,120.59498251869725,123.48727925905526,120.19877572591844,121.2685317993164,35474900,43872760,-19.14,110.7,123.16,144.05,253.22,59.18,109.5 - 111.0 (24.8%),92.4 - 99.0 (20.0%),156.8 - 176.4 (18.2%),194.0 - 213.4 (11.2%)
2022-12-06,118.77243307602735,119.40636087482815,112.66096131903342,113.03736114501953,43689200,41957855,4.13,111.56,122.25,143.59,252.93,48.98,109.5 - 111.0 (25.2%),92.4 - 99.0 (19.8%),156.8 - 176.4 (18.1%),194.0 - 213.4 (11.1%)
2022-12-07,112.68078144324511,114.78066454780486,111.80912500858332,112.84916687011719,29461100,40826495,-27.84,112.43,121.61,143.2,252.64,48.78,109.5 - 111.0 (25.4%),92.4 - 99.0 (19.7%),156.8 - 176.4 (18.1%),194.0 - 213.4 (11.1%)
2022-12-08,115.28583486076428,116.22681941156426,113.50290801428233,114.23589324951172,30619400,36973600,-17.19,113.11,121.01,142.8,252.36,50.44,109.5 - 111.0 (17.4%),92.4 - 99.0 (19.7%),156.8 - 176.4 (18.0%),194.0 - 213.4 (11.0%)
2022-12-09,114.20616969314828,116.42491704241864,112.78973558047227,114.80047607421875,26033400,34241720,-23.97,113.31,120.45,142.46,252.1,51.13,112.5 - 114.0 (17.5%),92.4 - 99.0 (19.6%),156.8 - 176.4 (18.0%),194.0 - 213.4 (11.0%)
2022-12-12,114.08730753702315,114.62218555713785,112.06665975781735,113.62176513671875,24747100,32480990,-23.81,113.4,119.93,142.12,251.81,49.57,112.5 - 114.0 (23.3%),95.4 - 100.7 (19.5%),156.8 - 176.4 (18.0%),155.2 - 174.6 (10.9%)
2022-12-13,120.97137425531437,122.1302804413038,117.51448530728406,119.01016235351562,44701100,32046295,39.49,113.69,119.47,141.81,251.52,56.17,112.5 - 114.0 (22.5%),93.6 - 98.8 (19.6%),156.8 - 176.4 (17.9%),155.2 - 174.6 (10.9%)
2022-12-14,118.257366964983,122.9623045305692,118.257366964983,120.43649291992188,36922000,31358870,17.74,113.91,119.07,141.4,251.22,57.74,112.5 - 114.0 (21.7%),110.0 - 115.0 (17.6%),156.8 - 176.4 (17.9%),155.2 - 174.6 (10.9%)
2022-12-15,117.20742229145134,117.50457170081783,112.92840580623972,115.04810333251953,34531000,31421030,9.9,114.06,118.64,140.96,250.9,50.38,112.5 - 114.0 (20.2%),93.1 - 98.0 (16.4%),156.8 - 176.4 (17.9%),155.2 - 174.6 (10.8%)
2022-12-16,119.0893953275674,122.14016998320139,117.69276820586836,118.29698181152344,67064000,33019540,103.1,114.45,118.25,140.62,250.58,54.17,112.5 - 114.0 (18.1%),93.1 - 98.0 (16.2%),156.8 - 176.4 (17.8%),155.2 - 174.6 (10.8%)
2022-12-19,115.72167143411966,116.68247055073034,113.24538816739802,113.39396667480469,29769900,32840150,-9.35,114.57,117.82,140.22,250.24,48.18,112.0 - 113.4 (18.8%),94.0 - 98.7 (19.4%),156.8 - 176.4 (17.9%),155.2 - 174.6 (10.8%)
2022-12-20,112.18552719737988,116.21691562087499,111.39311361422443,115.97918701171875,28742500,33059720,-13.06,114.93,117.51,139.85,249.9,51.24,112.5 - 113.4 (18.7%),110.0 - 114.4 (17.5%),156.8 - 176.4 (17.8%),155.2 - 174.6 (10.8%)
2022-12-21,115.5928802480329,119.19834746785773,114.52313180171168,118.62385559082031,20392800,32627910,-37.5,115.34,117.26,139.52,249.59,54.22,112.5 - 113.4 (19.5%),110.0 - 114.4 (17.6%),156.8 - 176.4 (17.8%),155.2 - 174.6 (10.8%)
2022-12-22,116.0881388125334,117.49467323680541,113.29489201604561,116.00890350341797,23618100,32741660,-27.87,115.59,116.86,139.1,249.28,50.91,112.5 - 113.4 (20.0%),110.0 - 114.4 (17.7%),156.8 - 176.4 (17.8%),155.2 - 174.6 (10.8%)
2022-12-23,114.92922508987351,117.05882960517924,114.4438758235528,116.92015838623047,17796600,33031110,-46.12,115.91,116.56,138.67,248.99,52.01,112.8 - 113.6 (20.9%),110.0 - 114.4 (17.8%),156.8 - 176.4 (17.8%),155.2 - 174.6 (10.8%)
2022-12-27,116.81122107397354,117.47486309915205,114.94905899291544,115.77117919921875,21392300,32935255,-35.05,116.32,116.25,138.21,248.69,50.47,117.6 - 118.4 (15.4%),110.0 - 114.4 (18.0%),156.8 - 176.4 (17.8%),155.2 - 174.6 (10.8%)
2022-12-28,115.14717589673593,117.02915275612901,114.4141981403258,114.52315521240234,19612500,32720920,-40.06,116.62,115.87,137.76,248.38,48.79,115.5 - 116.2 (17.3%),109.2 - 113.4 (16.2%),156.8 - 176.4 (17.8%),155.2 - 174.6 (10.8%)
2022-12-29,115.29574362290066,119.88181724237677,114.67171543993044,119.11912536621094,22366200,31671800,-29.38,116.73,115.54,137.41,248.08,54.78,115.5 - 116.2 (17.7%),109.2 - 113.4 (16.2%),156.0 - 175.5 (17.8%),155.2 - 174.6 (10.8%)
2022-12-30,117.03903758394347,119.27759186481047,116.62301631706926,119.19834899902344,19583800,30823420,-36.46,116.72,115.23,137.05,247.78,54.88,119.0 - 119.7 (21.1%),109.2 - 113.4 (16.3%),156.0 - 175.5 (17.7%),155.2 - 174.6 (10.8%)
2023-01-03,121.65482664397801,125.17115140314009,121.11994862794397,123.55661010742188,35528500,30602320,16.1,116.78,114.99,136.73,247.48,60.01,118.0 - 119.0 (23.2%),94.3 - 98.4 (16.5%),152.0 - 171.0 (17.2%),155.2 - 174.6 (10.8%)
2023-01-04,126.171558930905,127.8257215902195,124.65607506131268,126.16165924072266,32397100,30448430,6.4,117.03,114.89,136.48,247.19,62.74,115.7 - 117.0 (24.6%),94.3 - 98.4 (16.5%),151.2 - 170.1 (17.4%),155.2 - 174.6 (10.7%)
2023-01-05,124.93341987784395,127.30075323963864,123.35850760945776,125.7357406616211,25447100,29536325,-13.84,117.66,114.78,136.17,246.9,61.99,115.7 - 117.0 (25.2%),112.0 - 116.0 (15.3%),149.6 - 168.3 (16.3%),155.2 - 174.6 (10.7%)
2023-01-06,127.74650280148443,129.0936015076633,124.844298500866,128.7865447998047,27584500,29442495,-6.31,118.46,114.8,135.86,246.61,65.18,115.5 - 117.0 (28.2%),112.0 - 116.0 (15.3%),149.6 - 168.3 (16.3%),155.2 - 174.6 (10.7%)
2023-01-09,129.91571471851663,131.6887266933285,128.053545069192,128.2417449951172,26649100,29243980,-8.87,119.16,114.84,135.48,246.31,64.15,114.8 - 116.2 (23.0%),112.0 - 116.0 (15.3%),149.6 - 168.3 (16.3%),155.2 - 174.6 (10.7%)
2023-01-10,126.06260385789115,132.17407566800205,125.94374711771763,131.7283477783203,28684400,29376530,-2.36,120.01,114.88,135.06,246.03,67.68,115.6 - 117.3 (19.6%),112.0 - 116.0 (15.3%),149.6 - 168.3 (16.3%),155.2 - 174.6 (10.7%)
2023-01-11,129.71760465565723,132.58018696370937,129.10347624461448,131.62928771972656,25423000,29410325,-13.56,120.91,114.98,134.65,245.74,67.48,115.6 - 117.3 (19.3%),112.0 - 116.0 (15.4%),149.6 - 168.3 (16.3%),155.2 - 174.6 (10.7%)
2023-01-12,132.17404349475518,136.37380850826153,130.5099739672315,135.41302490234375,30757700,28713155,7.12,121.73,115.03,134.38,245.46,71.06,128.1 - 130.2 (16.3%),112.0 - 116.0 (15.4%),111.6 - 130.2 (15.1%),155.2 - 174.6 (10.7%)
2023-01-13,133.68957009095007,136.08661026210743,133.5607985362658,135.6804962158203,22423800,27988245,-19.88,122.49,115.09,134.14,245.18,71.3,128.1 - 130.2 (16.1%),112.0 - 116.0 (15.4%),111.0 - 129.5 (15.4%),155.2 - 174.6 (10.7%)
2023-01-17,134.88809501116472,135.45269485138743,132.97641158170944,134.0758819580078,21147600,27319075,-22.59,123.44,115.13,133.94,244.92,67.67,128.1 - 130.2 (16.1%),112.0 - 116.0 (15.6%),106.8 - 124.6 (13.4%),155.2 - 174.6 (10.7%)
2023-01-18,134.52159711506673,135.94793856083538,131.54015778330873,131.75807189941406,20215500,24976650,-19.06,124.12,115.15,133.64,244.66,62.69,130.9 - 132.6 (22.0%),112.0 - 116.0 (15.7%),106.8 - 124.6 (13.4%),155.2 - 174.6 (10.7%)
2023-01-19,131.2331010465874,136.14603811977713,130.88641537638443,134.85836791992188,28625200,24919415,14.87,125.19,115.26,133.43,244.39,66.26,134.4 - 136.0 (23.7%),112.0 - 116.0 (15.6%),124.6 - 142.4 (13.5%),155.2 - 174.6 (10.7%)
2023-01-20,134.60085418873717,138.61243614975027,133.33299835072307,138.04783630371094,28688600,24916720,15.14,126.29,115.41,133.27,244.14,69.5,134.4 - 135.8 (23.1%),109.2 - 113.4 (17.0%),124.6 - 142.4 (13.8%),155.2 - 174.6 (10.7%)
2023-01-23,137.96855946036294,142.3961541113268,137.34454650113378,141.9108123779297,27470100,25270585,8.7,127.46,115.51,133.13,243.91,72.89,131.4 - 133.2 (19.5%),112.5 - 117.0 (17.9%),124.6 - 142.4 (14.1%),155.2 - 174.6 (10.7%)
2023-01-24,140.34581759991946,143.6244138707233,140.01894643052984,141.7820587158203,21970200,25188190,-12.78,128.74,115.73,132.99,243.67,72.6,134.4 - 136.0 (22.3%),112.5 - 117.0 (18.0%),124.6 - 142.4 (14.3%),155.2 - 174.6 (10.7%)
2023-01-25,139.88028079327262,141.81177858613734,138.97891011859156,140.15762329101562,26622000,25629460,3.87,129.91,116.45,132.77,243.41,68.88,134.4 - 136.0 (22.6%),112.5 - 117.0 (18.4%),124.6 - 142.4 (14.6%),155.2 - 174.6 (10.6%)
2023-01-26,143.03012064584067,146.1106177463191,141.94056503724872,145.90261840820312,25482100,25833950,-1.36,131.41,117.24,132.58,243.18,73.96,131.4 - 133.2 (20.5%),110.4 - 115.2 (21.8%),124.6 - 142.4 (14.6%),155.2 - 174.6 (10.6%)
2023-01-27,146.83369483490682,151.73673257370015,145.99175249689753,150.3004913330078,35771900,26641920,34.27,133.2,118.21,132.45,242.97,77.05,134.2 - 136.4 (22.1%),109.2 - 114.4 (22.2%),124.6 - 142.4 (14.6%),155.2 - 174.6 (10.6%)
2023-01-30,147.9925678178339,149.68633677694507,145.55589891005687,145.66485595703125,28040100,26925615,4.14,134.53,119.07,132.26,242.74,67.91,131.1 - 133.0 (20.0%),109.2 - 114.4 (23.1%),124.6 - 142.4 (14.6%),155.2 - 174.6 (10.7%)
2023-01-31,146.5464197760389,148.45811804426916,146.12050636971617,147.55674743652344,29842100,27438530,8.76,135.95,120.03,132.1,242.5,69.5,144.4 - 146.3 (14.4%),109.2 - 114.4 (24.0%),124.6 - 142.4 (14.6%),155.2 - 174.6 (10.7%)
2023-02-01,146.62565043446605,152.12300106668854,145.66485153504922,151.6673583984375,55661000,28445155,95.68,137.35,121.09,131.89,242.29,72.67,134.0 - 136.0 (25.6%),111.3 - 116.6 (23.8%),124.6 - 142.4 (14.5%),155.2 - 174.6 (10.6%)
2023-02-02,181.64033611961045,195.28960835950832,178.45088204359035,186.9792022705078,150475700,34349085,338.08,140.39,122.71,131.98,242.13,86.07,181.5 - 187.0 (28.8%),113.4 - 121.5 (27.1%),124.6 - 142.4 (14.3%),155.2 - 174.6 (10.5%)
2023-02-03,181.7294538486321,194.90328212954861,181.1549543921134,184.7604217529297,76809700,36917215,108.06,143.35,124.19,132.03,241.97,83.3,181.5 - 187.0 (39.4%),114.0 - 121.6 (25.7%),158.2 - 169.5 (13.2%),155.2 - 174.6 (10.5%)
2023-02-06,184.76040319553877,188.8908409163399,183.7599904279974,184.29486083984375,42483800,37662180,12.8,146.12,125.67,132.07,241.79,82.7,181.5 - 187.0 (43.6%),114.0 - 121.6 (26.2%),110.0 - 121.0 (11.4%),155.2 - 174.6 (10.5%)
2023-02-07,183.81944605515912,191.9416514749655,182.6506325907058,189.80213928222656,47080700,38683760,21.71,149.2,127.16,132.17,241.63,84.16,185.6 - 191.4 (30.6%),111.0 - 118.4 (29.9%),110.0 - 121.0 (11.4%),155.2 - 174.6 (10.5%)
2023-02-08,188.19749796776847,189.01962569362718,181.18466307191736,181.6898193359375,36139100,39056495,-7.47,151.7,128.34,132.24,241.45,74.26,181.5 - 187.0 (46.3%),108.8 - 115.6 (29.1%),110.0 - 121.0 (11.4%),155.2 - 174.6 (10.5%)
2023-02-09,184.36420525560894,184.87926117745036,175.58825872232373,176.23208618164062,37118800,39641285,-6.36,153.93,129.41,132.27,241.24,68.42,182.0 - 187.2 (40.3%),108.8 - 115.6 (25.8%),110.0 - 121.0 (11.5%),155.2 - 174.6 (10.5%)
2023-02-10,174.6770048506694,177.19290167066754,171.70546531897008,172.49786376953125,33433600,39775080,-15.94,155.78,130.4,132.32,241.01,64.68,185.0 - 190.0 (29.3%),115.6 - 122.4 (24.6%),110.0 - 121.0 (11.6%),155.2 - 174.6 (10.6%)
2023-02-13,176.5292403361186,179.28286545834536,174.15201501653706,177.72775268554688,31463200,40227050,-21.79,157.88,131.43,132.46,240.81,67.37,185.0 - 190.0 (29.1%),115.6 - 122.4 (24.9%),110.0 - 121.0 (11.7%),155.2 - 174.6 (10.6%)
2023-02-14,175.4793152985136,179.7880384821239,174.211459661062,177.7772979736328,24034600,40371400,-40.47,160.07,132.52,132.61,240.58,67.4,185.0 - 190.0 (29.0%),115.6 - 122.4 (22.7%),110.0 - 121.0 (11.6%),155.2 - 174.6 (10.6%)
2023-02-15,174.74632392752085,176.49953639299403,173.6666682472252,175.47930908203125,25308900,40626070,-37.7,162.25,133.61,132.72,240.34,64.88,180.4 - 184.8 (22.9%),115.6 - 122.4 (22.8%),110.0 - 121.0 (11.6%),155.2 - 174.6 (10.6%)
2023-02-16,171.11116435602142,174.1817614841449,170.1602649835212,170.80410766601562,25827500,40486185,-36.21,164.05,134.6,132.75,240.09,59.97,180.4 - 184.8 (22.9%),115.6 - 122.4 (22.9%),110.0 - 121.0 (11.7%),155.2 - 174.6 (10.7%)
2023-02-17,168.60513037572136,171.53704050153195,168.09005936452726,171.23989868164062,24171300,40260320,-39.96,165.71,135.65,132.85,239.87,60.27,180.4 - 184.8 (23.3%),115.6 - 122.4 (23.0%),110.0 - 121.0 (11.7%),155.2 - 174.6 (10.8%)
2023-02-21,172.65634992428673,176.47973140224695,170.2494101525039,170.447509765625,34592600,40616445,-14.83,167.14,136.65,132.95,239.65,59.4,186.2 - 190.0 (30.6%),115.6 - 122.4 (23.2%),110.0 - 121.0 (11.7%),155.2 - 174.6 (11.0%)
2023-02-22,169.4470989804623,171.12105357886202,168.0801859392518,169.49661254882812,22433200,40639595,-44.8,168.52,137.62,133.07,239.42,58.3,186.0 - 188.0 (24.6%),115.6 - 122.4 (23.2%),110.0 - 121.0 (11.7%),155.2 - 174.6 (11.1%)
2023-02-23,170.3682688129728,172.0422385236244,167.77312908963745,170.4078826904297,20017800,40309385,-50.34,170.04,138.62,133.14,239.17,59.08,184.0 - 186.0 (24.8%),115.6 - 122.4 (23.0%),110.0 - 121.0 (11.7%),155.2 - 174.6 (11.2%)
2023-02-24,167.04014620363478,169.10041548269487,166.0694474951461,168.77354431152344,19791300,40024845,-50.55,171.18,139.64,133.18,238.93,57.02,170.1 - 172.2 (24.7%),115.6 - 122.4 (22.9%),110.0 - 121.0 (11.8%),155.2 - 174.6 (11.3%)
2023-02-27,170.24942260395335,171.47764936355122,167.4561679783528,167.93161010742188,19277000,39200100,-50.82,172.06,140.63,133.26,238.67,55.94,169.4 - 171.6 (31.7%),115.6 - 122.4 (23.0%),110.0 - 121.0 (11.9%),155.2 - 174.6 (11.4%)
2023-02-28,170.26919668746766,175.86560479859628,170.23948250344299,173.28036499023438,46051100,40100650,14.84,173.44,141.57,133.4,238.42,61.0,172.2 - 173.6 (19.9%),115.2 - 121.6 (20.7%),165.0 - 176.0 (11.8%),155.2 - 174.6 (11.6%)
2023-03-01,172.93369415041172,176.16277682159105,171.40831048855307,171.77479553222656,30998400,40158465,-22.81,174.65,142.44,133.5,238.14,58.95,170.0 - 171.0 (20.4%),115.2 - 121.6 (18.7%),165.0 - 176.0 (12.2%),155.2 - 174.6 (11.8%)
2023-03-02,170.7446702438456,173.34970968217198,169.80367061266767,172.874267578125,17352000,38243015,-54.63,175.71,143.28,133.61,237.86,60.01,170.0 - 171.0 (21.5%),115.2 - 121.6 (17.0%),165.0 - 176.0 (12.4%),155.2 - 174.6 (11.9%)
2023-03-03,177.22261864549824,184.84956720739845,175.37036381141684,183.49256896972656,45877700,33013115,38.97,175.54,144.32,133.74,237.6,68.46,169.6 - 171.2 (20.8%),115.2 - 121.6 (17.0%),165.0 - 176.0 (12.4%),155.2 - 174.6 (11.8%)
2023-03-06,186.21647081114867,187.86072625525287,182.88834604740944,183.1458740234375,33209400,30833100,7.71,175.46,145.49,133.87,237.34,67.95,169.6 - 171.2 (20.7%),115.2 - 121.6 (15.2%),165.0 - 176.0 (12.4%),155.2 - 174.6 (11.9%)
2023-03-07,187.20702342622386,188.55412218877288,182.26435636137862,182.75961303710938,36701500,30543985,20.16,175.38,146.65,134.13,237.07,67.36,182.4 - 184.0 (28.8%),115.2 - 121.6 (15.3%),165.0 - 176.0 (12.4%),155.2 - 174.6 (11.9%)
2023-03-08,181.1351414835572,183.5024673934866,179.61965751813128,183.21522521972656,19432400,29161570,-33.36,175.05,147.8,134.41,236.81,67.72,182.4 - 184.0 (34.2%),115.2 - 121.6 (15.3%),165.0 - 176.0 (12.4%),155.2 - 174.6 (11.8%)
2023-03-09,184.5821497311838,187.13766060957806,178.5895415605495,179.9663543701172,26582800,28683755,-7.32,174.97,148.89,134.67,236.55,62.43,182.4 - 184.0 (34.1%),179.2 - 185.6 (16.1%),176.0 - 187.0 (12.4%),155.2 - 174.6 (11.8%)
2023-03-10,179.29279191982639,183.01713128772388,177.10376617470405,177.80702209472656,25665000,28111065,-8.7,175.04,149.96,134.95,236.29,59.13,182.4 - 184.0 (34.0%),179.2 - 185.6 (16.1%),176.0 - 187.0 (12.7%),155.2 - 174.6 (11.7%)
2023-03-13,176.2717416799859,182.03652083953313,173.16153073142507,179.183837890625,24728000,27675785,-10.65,175.38,150.96,135.22,236.03,60.56,182.4 - 184.0 (32.0%),179.2 - 185.6 (16.1%),176.0 - 187.0 (12.7%),155.2 - 174.6 (11.6%)
2023-03-14,185.80045991237515,192.4765240355097,184.79013225971568,192.1793670654297,41642600,28184755,47.75,176.1,152.16,135.61,235.8,70.92,182.4 - 184.8 (31.5%),178.2 - 184.8 (17.4%),176.0 - 187.0 (12.6%),155.2 - 174.6 (11.4%)
2023-03-15,191.11952635215644,195.90370710795526,189.0295428142903,195.87399291992188,42123600,29089205,44.81,177.01,153.51,136.07,235.58,73.09,182.0 - 184.8 (30.1%),179.4 - 186.3 (16.1%),165.0 - 176.0 (12.4%),155.2 - 174.6 (11.4%)
2023-03-16,196.37910459914818,203.80795219978114,194.22969317371522,202.98582458496094,50447100,30346115,66.24,178.38,154.92,136.58,235.38,76.69,182.0 - 185.5 (28.2%),180.0 - 187.5 (22.2%),165.0 - 176.0 (12.4%),155.2 - 174.6 (11.4%)
2023-03-17,198.6573250385186,199.98460909958362,193.5759874843718,193.75428771972656,50141100,31561795,58.87,179.53,156.26,137.04,235.16,64.61,182.0 - 185.5 (26.5%),180.0 - 187.5 (22.4%),165.0 - 176.0 (12.3%),155.2 - 174.6 (11.4%)
2023-03-20,196.5970373541154,197.46869372524705,191.80295754095243,195.9333953857422,25186300,31612545,-20.33,180.76,157.59,137.55,234.96,65.97,182.9 - 186.0 (19.1%),177.6 - 185.0 (21.5%),165.0 - 176.0 (12.4%),155.2 - 174.6 (11.4%)
2023-03-21,201.27226874787596,201.61895439545566,196.07207471836767,200.2421417236328,31827000,31474265,1.12,182.25,158.95,138.11,234.76,68.55,182.9 - 186.0 (19.6%),177.6 - 185.0 (21.5%),165.0 - 176.0 (12.4%),155.2 - 174.6 (11.4%)
2023-03-22,200.57892694842238,205.40272149088918,197.77577272355808,197.91444396972656,28477800,31776495,-10.38,183.67,160.31,138.59,234.54,65.66,183.0 - 186.0 (19.7%),177.6 - 185.0 (21.4%),165.0 - 176.0 (12.4%),155.2 - 174.6 (11.4%)
2023-03-23,200.9156843977696,205.90787915450176,200.23222790371437,202.34202575683594,27389700,32145090,-14.79,185.27,161.74,139.15,234.34,68.39,182.5 - 185.0 (26.5%),177.6 - 185.0 (21.4%),165.0 - 176.0 (12.4%),155.2 - 174.6 (11.4%)
2023-03-24,203.23346012426111,205.6107005101055,201.61893413204905,204.0555877685547,27716400,32541345,-14.83,187.04,163.21,139.73,234.13,69.4,182.0 - 184.6 (18.2%),180.0 - 187.5 (22.2%),165.0 - 176.0 (12.4%),155.2 - 174.6 (11.4%)
2023-03-27,202.86699200948348,203.90703382018634,199.44972472920065,200.91567993164062,18527200,32503855,-43.0,188.68,164.65,140.26,233.87,65.27,202.8 - 205.4 (16.4%),180.0 - 187.5 (22.0%),165.0 - 176.0 (12.5%),155.2 - 174.6 (11.2%)
2023-03-28,198.25119807042861,199.1228544663595,196.02254351503967,198.7761688232422,19127300,31157665,-38.61,189.96,165.98,140.76,233.61,62.54,202.8 - 205.4 (17.0%),180.0 - 187.5 (22.0%),165.0 - 176.0 (12.4%),155.2 - 174.6 (11.0%)
2023-03-29,201.62885894397579,203.76837102360508,200.61853127625668,203.40188598632812,18851100,30550300,-38.29,191.54,167.38,141.3,233.37,65.87,202.8 - 205.4 (21.2%),177.5 - 184.6 (17.3%),165.0 - 176.0 (12.4%),155.2 - 174.6 (11.0%)
2023-03-30,201.45057529819331,206.11588391012782,200.8958903358771,205.86825561523438,22608300,30813115,-26.63,193.19,168.75,141.87,233.14,67.52,201.6 - 204.4 (27.4%),180.0 - 187.2 (22.0%),165.0 - 176.0 (12.5%),155.2 - 174.6 (11.0%)
2023-03-31,205.27395811389536,210.1571808662877,204.80841570733872,209.9293670654297,25440300,29791245,-14.6,194.51,170.15,142.52,232.93,70.1,201.5 - 204.6 (27.4%),180.0 - 187.2 (21.9%),165.0 - 176.0 (12.5%),155.2 - 174.6 (10.9%)
2023-04-03,206.8587634951746,211.46465873061032,206.22483568104965,211.04864501953125,17924600,29027005,-38.25,195.91,171.57,143.17,232.71,70.78,191.9 - 193.8 (20.5%),182.5 - 189.8 (20.0%),165.0 - 176.0 (12.5%),155.2 - 174.6 (10.6%)
2023-04-04,211.36558393951924,214.1885522418004,210.52364178226907,212.68296813964844,21026400,28243250,-25.55,197.4,172.97,143.89,232.49,71.8,201.4 - 203.3 (18.2%),180.0 - 187.2 (21.9%),165.0 - 176.0 (12.5%),155.2 - 174.6 (10.6%)
2023-04-05,212.1184236613185,213.14856598880215,207.9483710041587,209.4737548828125,19396600,28241460,-31.32,198.72,174.32,144.58,232.3,66.87,201.4 - 203.3 (19.3%),180.0 - 187.2 (22.0%),163.5 - 174.4 (12.3%),155.2 - 174.6 (10.6%)
2023-04-06,207.26488994042649,214.88193897105816,206.67057596666902,214.04991149902344,26104400,28217540,-7.49,200.42,175.69,145.29,232.11,70.03,200.0 - 202.0 (13.3%),180.0 - 187.2 (22.0%),163.2 - 173.4 (11.6%),155.2 - 174.6 (10.6%)
2023-04-10,212.6730936421114,213.6140781496592,208.6615122004268,212.71270751953125,16106100,27739595,-41.94,202.17,177.05,146.01,231.93,67.99,200.0 - 201.6 (15.7%),179.4 - 186.3 (16.2%),163.2 - 173.4 (11.7%),155.2 - 174.6 (10.1%)
2023-04-11,213.43576944395303,213.9706550090959,211.38541508165525,211.8212432861328,16710100,27338700,-38.88,203.8,178.32,146.67,231.74,66.6,211.2 - 212.8 (17.6%),179.4 - 186.3 (16.3%),163.2 - 173.4 (11.7%),155.2 - 174.6 (10.1%)
2023-04-12,212.80184554962756,214.7828718871531,210.56329122927502,211.96981811523438,18972200,26205180,-27.6,204.79,179.59,147.34,231.53,66.72,211.5 - 213.0 (24.6%),179.4 - 186.3 (16.3%),163.2 - 173.4 (11.7%),155.2 - 174.6 (10.1%)
2023-04-13,213.6834014078192,219.0519809623616,213.64378753129026,218.25958251953125,23310400,25264520,-7.73,205.91,180.99,148.06,231.33,71.48,210.9 - 212.8 (31.1%),180.0 - 187.2 (22.8%),163.2 - 173.4 (11.7%),155.2 - 174.6 (10.1%)
2023-04-14,215.81302535535528,220.00289204684645,215.4861541788514,219.38877868652344,21591200,23821725,-9.36,206.73,182.45,148.8,231.15,72.25,212.1 - 214.2 (22.1%),182.5 - 189.8 (20.9%),163.2 - 173.4 (11.7%),252.2 - 271.6 (10.0%)
2023-04-17,217.70487663152431,218.88358968767463,215.07012316287006,216.78370666503906,15481900,22088765,-29.91,207.88,183.82,149.54,230.96,67.72,212.1 - 214.2 (22.4%),182.5 - 189.8 (20.7%),163.2 - 173.4 (11.7%),252.2 - 271.6 (10.0%)
2023-04-18,217.8237626600715,218.34873344989094,214.15886682233952,215.8229217529297,12281000,21443500,-42.73,208.87,185.12,150.27,230.75,66.07,211.2 - 212.8 (26.4%),182.5 - 189.8 (20.8%),163.2 - 173.4 (11.7%),252.2 - 271.6 (10.0%)
2023-04-19,211.44484639890769,215.26822781778745,210.90996082631122,213.6536865234375,15898100,20647055,-23.0,209.54,186.31,150.91,230.54,62.39,211.4 - 212.8 (26.7%),182.0 - 189.0 (20.9%),163.2 - 173.4 (11.7%),252.2 - 271.6 (10.0%)
2023-04-20,211.45474392608833,214.69372617224192,210.75148805046584,211.04864501953125,16475400,20046935,-17.82,210.2,187.47,151.6,230.31,58.19,211.0 - 212.0 (26.3%),183.6 - 190.4 (16.4%),163.2 - 173.4 (11.7%),252.2 - 271.6 (10.0%)
2023-04-21,208.21579312145047,211.3854324406262,207.59176494888234,210.870361328125,17717200,19563310,-9.44,210.63,188.64,152.55,230.07,57.9,211.0 - 212.0 (27.1%),178.2 - 184.8 (17.8%),163.2 - 173.4 (11.7%),252.2 - 271.6 (10.0%)
2023-04-24,211.6528421074743,211.89057070393048,208.7110319642467,210.7712860107422,15750900,18965035,-16.95,210.96,189.73,153.48,229.84,57.73,211.0 - 212.0 (20.3%),178.2 - 184.8 (18.0%),163.2 - 173.4 (11.8%),252.2 - 271.6 (10.0%)
2023-04-25,208.81999116886178,209.25580426247976,205.164995198567,205.5810089111328,19198200,18998585,1.05,211.2,190.65,154.43,229.58,49.5,211.4 - 212.8 (20.3%),178.2 - 184.8 (18.0%),163.2 - 173.4 (11.8%),194.0 - 213.4 (10.0%)
2023-04-26,210.4840335422296,212.07876023621668,206.8983809602588,207.41343688964844,41992700,20141855,108.48,211.63,191.68,155.37,229.33,52.1,211.4 - 212.8 (18.7%),183.0 - 189.1 (19.2%),163.2 - 173.4 (11.8%),194.0 - 213.4 (10.2%)
2023-04-27,237.61419826423133,239.3971249518999,234.5238020816266,236.29681396484375,71196500,22759125,212.83,213.27,193.16,156.59,229.14,74.42,210.8 - 213.9 (31.6%),182.4 - 190.0 (23.0%),159.6 - 171.0 (12.9%),194.0 - 213.4 (10.2%)
2023-04-28,236.74256085137512,238.14908781947963,233.5134931736731,238.04014587402344,39554000,23606410,67.56,214.88,194.6,157.84,228.96,75.17,233.6 - 236.8 (19.7%),177.1 - 184.8 (21.5%),161.0 - 172.5 (13.0%),194.0 - 213.4 (10.2%)
2023-05-01,236.35624819512606,241.68521389537483,234.21675123091296,240.87298583984375,29143900,23791590,22.5,216.43,195.49,159.1,228.79,76.39,210.0 - 213.5 (22.8%),179.4 - 187.2 (23.8%),165.2 - 177.0 (12.4%),252.2 - 271.6 (10.0%)
2023-05-02,240.87297648072555,242.5964747735725,236.72273914833664,236.97036743164062,24350100,24112865,0.98,217.72,196.36,160.28,228.6,71.22,234.5 - 238.0 (25.0%),177.6 - 185.0 (21.6%),165.2 - 177.0 (12.4%),252.2 - 271.6 (10.0%)
2023-05-03,237.19819616833396,239.45656504526394,230.54194628453024,234.78134155273438,34463900,24784740,39.05,218.83,197.2,161.44,228.4,68.42,234.5 - 238.0 (32.6%),183.0 - 189.1 (19.0%),165.2 - 177.0 (12.4%),252.2 - 271.6 (10.0%)
2023-05-04,233.8205539721338,235.94025170983895,230.72024268176773,231.30465698242188,17889400,24709380,-27.6,219.92,197.9,162.53,228.19,64.11,234.5 - 238.0 (33.1%),170.8 - 176.9 (13.3%),165.2 - 177.0 (12.5%),252.2 - 271.6 (10.0%)
2023-05-05,230.03680003341762,232.4536396404436,227.66947399710847,230.57167053222656,27000500,24754185,9.07,220.75,198.71,163.53,227.99,63.21,234.5 - 238.0 (32.6%),170.8 - 176.9 (13.7%),165.2 - 177.0 (12.5%),252.2 - 271.6 (10.0%)
2023-05-08,229.2245363242287,233.38468825855355,228.08545232205495,231.05699157714844,16400500,24768905,-33.79,221.66,199.63,164.52,227.78,63.57,234.5 - 238.0 (32.6%),170.8 - 176.9 (13.9%),165.2 - 177.0 (12.6%),252.2 - 271.6 (10.0%)
2023-05-09,229.2641829841622,233.64224934379664,228.88778314634615,231.1560516357422,16865600,24776680,-31.93,222.63,200.6,165.5,227.58,63.65,234.5 - 238.0 (32.2%),170.8 - 176.9 (14.1%),165.2 - 177.0 (12.5%),252.2 - 271.6 (10.0%)
2023-05-10,233.92948691279594,234.5039863487914,228.53119331215584,230.86880493164062,19119000,24784020,-22.86,223.58,201.49,166.46,227.37,63.22,234.5 - 238.0 (31.9%),170.8 - 176.9 (14.3%),165.2 - 177.0 (12.6%),252.2 - 271.6 (10.0%)
2023-05-11,230.839089011673,235.95014041291967,230.09620416081847,233.55308532714844,20449000,24640950,-17.01,224.34,202.42,167.47,227.16,65.57,234.5 - 238.0 (31.6%),207.4 - 213.5 (13.6%),165.2 - 177.0 (12.6%),252.2 - 271.6 (10.0%)
2023-05-12,234.49409995744165,234.71201407014453,229.25427667567507,231.59188842773438,16161400,24369460,-33.68,224.95,203.35,168.48,226.96,62.44,234.5 - 238.0 (31.7%),207.4 - 213.5 (13.8%),165.2 - 177.0 (12.6%),252.2 - 271.6 (10.0%)
2023-05-15,234.6723657587002,237.9806759406008,233.0974535307574,236.59396362304688,20653200,24628025,-16.14,225.94,204.45,169.53,226.76,66.79,234.5 - 238.0 (36.4%),207.4 - 213.5 (13.9%),165.2 - 177.0 (12.7%),252.2 - 271.6 (10.0%)
2023-05-16,233.5530981976764,237.36658002116022,233.2856705187338,236.5543670654297,18163800,24922165,-27.12,226.98,205.54,170.59,226.57,66.73,234.3 - 237.6 (40.8%),207.4 - 213.5 (13.9%),165.2 - 177.0 (12.6%),252.2 - 271.6 (10.0%)
2023-05-17,236.1878780009274,241.52674373613513,235.88082131614323,240.18955993652344,21193100,25186915,-15.86,228.3,206.7,171.67,226.39,69.69,236.0 - 237.0 (34.2%),207.4 - 213.5 (14.0%),165.2 - 177.0 (12.7%),252.2 - 271.6 (10.0%)
2023-05-18,239.01082766993173,244.74589219550123,238.90187061816292,244.5081787109375,22943300,25510310,-10.06,229.98,207.95,172.78,226.2,72.79,231.0 - 232.4 (19.5%),230.4 - 236.8 (17.1%),156.0 - 168.0 (15.1%),252.2 - 271.6 (10.0%)
2023-05-19,245.1223028350806,246.3307301483114,241.10082166096547,243.30966186523438,21733600,25711130,-15.47,231.6,209.17,173.89,226.0,70.63,231.0 - 232.4 (20.6%),230.4 - 236.8 (17.1%),156.0 - 168.0 (15.1%),252.2 - 271.6 (10.0%)
2023-05-22,243.08185157592337,251.16444303288327,242.7945942798862,245.96424865722656,27738500,26310510,5.43,233.36,210.45,175.04,225.8,72.57,231.0 - 232.5 (20.7%),234.0 - 240.5 (13.9%),157.3 - 169.4 (16.4%),252.2 - 271.6 (10.0%)
2023-05-23,244.46857428444022,249.22304093583918,244.31008853611925,244.3992462158203,17748100,26238005,-32.36,235.3,211.73,176.18,225.61,69.65,231.0 - 232.5 (21.1%),234.0 - 240.5 (14.0%),157.3 - 169.4 (16.3%),252.2 - 271.6 (10.0%)
2023-05-24,242.95307004564268,247.22217940621383,242.62619888462493,246.84579467773438,17724300,25024585,-29.17,237.27,212.95,177.26,225.39,71.57,230.4 - 232.0 (37.6%),231.0 - 237.6 (15.7%),158.6 - 170.8 (15.6%),252.2 - 271.6 (10.0%)
2023-05-25,250.996041560311,253.19498209731498,246.80617491073622,250.29278564453125,22371400,22583330,-0.94,237.97,214.26,178.35,225.18,74.07,230.0 - 232.0 (31.2%),234.6 - 241.5 (15.8%),150.0 - 162.5 (12.9%),252.2 - 271.6 (10.0%)
2023-05-26,250.53048653396436,259.82150481978033,250.31258754347328,259.5540771484375,25727200,21891990,17.52,239.05,215.71,179.5,225.01,79.32,229.1 - 232.0 (22.5%),205.2 - 212.8 (16.4%),158.4 - 171.6 (17.2%),252.2 - 271.6 (10.1%)
2023-05-30,262.73365321069883,266.10139239002933,258.81122900079936,260.029541015625,23816500,21625620,10.13,240.0,216.98,180.65,224.82,79.55,243.6 - 246.5 (23.2%),229.4 - 236.8 (17.4%),158.4 - 171.6 (17.2%),252.2 - 271.6 (10.3%)
2023-05-31,257.5334252903245,262.4859911612923,255.99814196154975,262.2086486816406,25473700,21681800,17.49,241.27,218.3,181.89,224.63,80.61,241.8 - 244.9 (20.7%),229.4 - 236.8 (17.5%),160.8 - 174.2 (15.4%),252.2 - 271.6 (10.4%)
2023-06-01,263.3774384728656,271.40060097052645,263.3675538965256,270.0237731933594,25609500,21239080,20.58,243.03,219.75,183.2,224.47,83.85,243.2 - 247.0 (35.1%),231.0 - 238.7 (18.5%),154.0 - 168.0 (16.6%),252.2 - 271.6 (10.5%)
2023-06-02,270.0733169873081,272.73779975814693,268.54791828441927,270.0237731933594,19416900,21315455,-8.91,244.96,221.2,184.5,224.31,83.85,244.2 - 247.5 (27.8%),231.0 - 238.7 (18.8%),154.0 - 168.0 (16.7%),252.2 - 271.6 (10.6%)
2023-06-05,267.73571315185546,272.95573720381407,267.0027430368973,268.8153991699219,20742900,21002575,-1.24,246.88,222.68,185.79,224.15,81.41,244.2 - 247.5 (27.8%),231.0 - 238.7 (19.0%),154.0 - 168.0 (16.7%),252.2 - 271.6 (10.8%)
2023-06-06,267.577259492058,273.94625233074817,267.13151644561555,268.5479431152344,19419000,21153500,-8.2,248.75,224.19,187.08,223.99,80.85,243.0 - 246.0 (28.9%),231.0 - 238.7 (19.2%),154.0 - 168.0 (16.7%),252.2 - 271.6 (10.8%)
2023-06-07,269.0927535484144,271.64826448644277,260.3068754458279,261.09930419921875,26163600,21618400,21.02,250.25,225.56,188.26,223.8,67.03,259.2 - 261.9 (23.9%),231.0 - 238.7 (19.1%),154.0 - 168.0 (16.7%),252.2 - 271.6 (11.0%)
2023-06-08,258.14752282316664,265.1108288024694,256.4240396785275,262.0699462890625,20899400,21707420,-3.72,251.81,226.72,189.44,223.62,67.8,259.2 - 261.9 (24.1%),231.0 - 238.7 (19.2%),154.0 - 168.0 (16.7%),252.2 - 271.6 (11.1%)
2023-06-09,259.9899240276633,265.40803261603844,259.2173249157956,262.4364929199219,16949800,21532460,-21.28,253.25,227.83,190.67,223.45,68.11,260.0 - 262.6 (36.6%),205.2 - 212.8 (17.5%),154.0 - 168.0 (16.7%),252.2 - 271.6 (11.1%)
2023-06-12,264.6354110376893,269.171947954945,262.8128402447696,268.47857666015625,15442500,21496515,-28.16,255.1,228.92,191.92,223.3,72.68,260.0 - 262.6 (38.1%),234.0 - 240.5 (15.0%),154.0 - 168.0 (16.8%),252.2 - 271.6 (11.3%)
2023-06-13,272.2723189151362,273.10434651530744,266.5372380614509,268.74609375,16164000,21272055,-24.01,256.7,230.17,193.22,223.16,72.87,266.8 - 269.1 (24.3%),230.4 - 236.8 (18.5%),154.0 - 168.0 (16.8%),252.2 - 271.6 (11.3%)
2023-06-14,269.3106645254979,272.3812314462476,265.774524935784,270.7568054199219,19175100,21322620,-10.07,258.41,231.42,194.51,223.03,74.28,268.0 - 270.0 (24.1%),230.4 - 236.8 (18.8%),155.1 - 169.2 (17.8%),252.2 - 271.6 (11.4%)
2023-06-15,269.71678078544096,281.2958845945358,268.8451544042265,279.1563720703125,25973500,21561640,20.46,260.36,232.74,195.84,222.9,79.17,268.0 - 270.0 (23.8%),234.3 - 241.4 (17.8%),161.7 - 176.4 (14.5%),252.2 - 271.6 (11.4%)
2023-06-16,282.0486223485546,285.11921919058693,277.4724563852191,278.3341979980469,43127700,22570860,91.08,262.05,234.08,197.2,222.77,77.61,267.9 - 269.8 (22.5%),234.6 - 241.5 (17.9%),161.7 - 176.4 (14.1%),252.2 - 271.6 (11.4%)
2023-06-20,276.0857492571568,282.0981412801928,273.5995515049551,281.6325988769531,20701600,22519260,-8.07,263.97,235.4,198.57,222.63,79.37,260.4 - 262.5 (28.4%),231.0 - 238.0 (18.2%),163.9 - 178.8 (14.0%),252.2 - 271.6 (11.4%)
2023-06-21,280.84019379390065,281.3057361861481,275.7192274791785,278.9681396484375,20556200,22160145,-7.24,265.62,236.65,199.93,222.45,74.31,277.2 - 279.3 (28.9%),234.6 - 241.5 (18.4%),163.9 - 178.8 (14.0%),252.2 - 271.6 (11.4%)
2023-06-22,276.43243401483664,282.5538290836518,275.15469364260844,282.17742919921875,17563100,22150895,-20.71,267.51,238.0,201.33,222.27,76.27,277.2 - 279.3 (29.7%),231.0 - 238.0 (18.4%),163.9 - 178.8 (14.0%),252.2 - 271.6 (11.4%)
2023-06-23,278.83933927348556,286.92192941479584,276.3036282755913,285.9908447265625,51092000,23819280,114.5,269.47,239.46,202.72,222.1,78.38,277.5 - 280.0 (26.8%),233.6 - 240.9 (18.3%),106.4 - 121.6 (13.9%),252.2 - 271.6 (11.4%)
2023-06-26,285.96120927629374,287.04086517414805,274.9665053132772,275.8282470703125,24232700,23912345,1.34,270.74,240.66,204.02,221.91,62.44,277.5 - 280.0 (26.6%),233.6 - 240.9 (18.2%),106.4 - 121.6 (14.1%),252.2 - 271.6 (11.4%)
2023-06-27,279.33461780939916,286.6049805652143,277.98750423234264,284.3267822265625,26108300,23931400,9.1,271.98,241.97,205.36,221.76,68.25,277.5 - 280.0 (26.1%),234.6 - 241.5 (18.1%),106.4 - 121.6 (14.0%),252.2 - 271.6 (11.4%)
2023-06-28,282.1179841861471,286.80309239753973,281.36518446166764,282.5835266113281,16722100,23576680,-29.07,273.11,243.18,206.66,221.61,66.0,280.8 - 283.2 (16.4%),234.5 - 241.2 (18.1%),106.4 - 121.6 (14.1%),252.2 - 271.6 (11.4%)
2023-06-29,281.8009865937503,283.8513560356523,278.0271339718469,278.8591613769531,15395700,23072780,-33.27,273.94,244.31,207.94,221.47,61.33,278.4 - 280.8 (18.8%),234.5 - 241.2 (18.2%),106.4 - 121.6 (14.1%),252.2 - 271.6 (11.4%)
2023-06-30,282.0585363879827,286.30781606923114,281.7217655418178,284.2574768066406,19694900,22777050,-13.53,274.65,245.5,209.24,221.34,65.17,277.2 - 279.0 (23.8%),234.5 - 241.2 (18.3%),106.4 - 121.6 (14.1%),252.2 - 271.6 (11.4%)
2023-07-03,283.98015155107896,286.6545191015148,282.14769605307424,283.30657958984375,8629300,22237670,-61.2,275.32,246.73,210.53,221.19,63.97,278.8 - 280.5 (19.0%),234.5 - 241.2 (18.4%),106.4 - 121.6 (14.2%),252.2 - 271.6 (11.5%)
2023-07-05,284.92114205478475,295.2918174186482,283.6433714457861,291.577392578125,33865500,22893800,47.92,276.46,248.03,211.86,221.04,69.29,278.4 - 280.0 (19.1%),230.4 - 237.6 (21.6%),157.0 - 172.7 (15.2%),252.2 - 271.6 (11.5%)
2023-07-06,293.0829349306931,295.2917597921739,288.54636801639884,289.21990966796875,47600500,24302875,95.86,277.49,249.3,213.17,220.9,66.29,281.6 - 283.2 (15.9%),230.4 - 237.6 (21.3%),125.6 - 141.3 (15.1%),252.2 - 271.6 (11.5%)
2023-07-07,289.40814447328967,293.3900269513841,285.921548831734,287.7738037109375,25586000,24273995,5.4,278.82,250.57,214.44,220.75,64.44,281.6 - 283.2 (16.8%),230.4 - 237.6 (20.9%),125.6 - 141.3 (15.1%),252.2 - 271.6 (11.5%)
2023-07-10,292.7461931865397,295.30173442356744,284.3268301519905,291.3099670410156,37058300,25081940,47.75,280.29,251.89,215.74,220.61,66.87,291.2 - 292.8 (19.4%),230.4 - 237.6 (20.6%),125.6 - 141.3 (15.1%),252.2 - 271.6 (11.5%)
2023-07-11,291.1118073434285,297.3322286864774,289.13078105292806,295.4601745605469,27585900,25613745,7.7,281.94,253.18,217.09,220.48,69.5,284.0 - 286.0 (26.1%),232.5 - 240.0 (15.5%),128.0 - 144.0 (14.5%),252.2 - 271.6 (11.5%)
2023-07-12,298.8873135158817,306.51427610941636,297.2529730252842,306.4053039550781,36677100,26675475,37.49,283.83,254.63,218.54,220.37,75.12,282.1 - 285.2 (22.9%),235.2 - 243.6 (16.4%),117.6 - 134.4 (13.9%),252.2 - 271.6 (11.5%)
2023-07-13,310.6447974389921,313.239937625018,307.3464012259908,310.4367980957031,30281000,27381325,10.59,285.92,256.19,220.0,220.27,76.82,283.5 - 287.0 (24.2%),234.9 - 243.6 (16.4%),119.7 - 136.8 (13.6%),252.2 - 271.6 (11.4%)
2023-07-14,308.8320696823939,311.8927513533535,304.44407393509255,305.93975830078125,23054100,27575275,-16.4,287.68,257.69,221.4,220.15,71.01,287.0 - 290.5 (19.6%),234.9 - 243.6 (16.4%),119.7 - 136.8 (13.6%),252.2 - 271.6 (11.4%)
2023-07-17,304.622450294575,308.7528735776736,301.8192808976482,307.6732177734375,25323100,27542755,-8.06,289.1,259.26,222.78,220.05,71.89,281.6 - 284.8 (19.0%),234.9 - 243.6 (16.2%),119.7 - 136.8 (13.6%),252.2 - 271.6 (11.5%)
2023-07-18,307.9307466175745,311.2192576767141,304.70166393183575,309.0896301269531,20731900,26422965,-21.54,290.64,260.89,224.18,219.96,72.62,291.2 - 294.4 (19.3%),234.9 - 243.6 (16.2%),119.7 - 136.8 (13.6%),252.2 - 271.6 (11.5%)
2023-07-19,310.06040521226754,315.6567998192456,307.57420693078865,313.01214599609375,21763700,26476070,-17.8,292.21,262.59,225.62,219.88,74.6,289.0 - 292.4 (31.8%),234.0 - 243.0 (16.9%),121.1 - 138.4 (14.6%),252.2 - 271.6 (11.4%)
2023-07-20,310.5259012052386,312.54655668172427,299.35291305042153,299.6500549316406,23836900,26640105,-10.52,293.24,264.07,226.9,219.77,58.98,291.0 - 294.0 (18.6%),234.0 - 243.0 (16.8%),121.1 - 138.4 (14.6%),252.2 - 271.6 (11.4%)
2023-07-21,301.68063423092167,302.56217532359824,288.43747663292555,291.46844482421875,42139300,27868915,51.21,293.71,265.51,228.08,219.62,51.83,291.0 - 294.0 (28.0%),234.0 - 243.0 (16.6%),121.1 - 138.4 (14.6%),252.2 - 271.6 (11.4%)
2023-07-24,292.97398967317366,294.6974729481113,285.56494014140014,288.8435363769531,24915700,26560100,-6.19,293.85,266.86,229.27,219.47,49.74,290.0 - 292.5 (26.9%),234.0 - 243.0 (16.5%),121.1 - 138.4 (14.7%),252.2 - 271.6 (11.4%)
2023-07-25,292.38956223739245,295.4700434460626,289.09113671115625,291.6763916015625,19585600,26327745,-25.61,294.64,267.79,230.47,219.32,51.99,290.0 - 292.5 (30.1%),228.8 - 237.6 (19.3%),121.1 - 138.4 (14.6%),252.2 - 271.6 (11.4%)
2023-07-26,298.3326579258311,298.9071422522123,289.13078230282,295.7375183105469,47256900,27385175,72.56,295.21,268.75,231.67,219.18,55.08,290.0 - 292.5 (21.8%),234.6 - 241.5 (16.4%),121.1 - 138.4 (14.6%),252.2 - 271.6 (11.4%)
2023-07-27,322.0356546162688,322.2634835399387,306.9006137595752,308.75286865234375,64229200,29760530,115.82,296.52,269.88,232.69,219.06,63.26,307.5 - 310.0 (23.5%),289.8 - 296.7 (13.2%),121.1 - 138.4 (14.5%),252.2 - 271.6 (11.4%)
2023-07-28,313.8738229924983,323.10541313417497,311.26876847868454,322.3922424316406,39220300,30951760,26.71,298.7,271.3,233.83,218.94,69.53,306.0 - 309.4 (30.4%),284.9 - 292.6 (18.0%),126.0 - 144.0 (15.6%),252.2 - 271.6 (11.4%)
2023-07-31,320.6192232583214,322.570535490506,314.577086633684,315.5775146484375,25799600,31256995,-17.46,300.27,272.65,234.93,218.82,63.68,306.0 - 309.4 (31.1%),284.9 - 292.6 (18.0%),126.0 - 144.0 (15.8%),252.2 - 271.6 (11.4%)
2023-08-01,314.5275022860583,321.0648940444194,311.67482004764196,319.6484375,22817900,31966425,-28.62,302.08,274.12,236.01,218.7,65.55,306.0 - 309.4 (31.4%),284.9 - 292.6 (18.0%),126.0 - 144.0 (15.8%),252.2 - 271.6 (11.4%)
2023-08-02,314.9831819801521,315.36949661846563,307.7029042755644,311.32818603515625,20461100,31296205,-34.62,303.07,275.47,237.09,218.57,58.9,306.0 - 309.4 (24.4%),284.9 - 292.6 (18.2%),126.0 - 144.0 (15.8%),252.2 - 271.6 (11.4%)
2023-08-03,306.9897285434685,312.9526369595575,306.9897285434685,310.21881103515625,15180200,29675190,-48.85,304.12,276.79,238.21,218.44,58.05,306.0 - 309.4 (25.3%),284.9 - 292.6 (18.2%),126.0 - 144.0 (15.8%),252.2 - 271.6 (11.4%)
2023-08-04,311.9720477871673,315.3893306240948,307.25722522644406,307.7821960449219,17612800,29276530,-39.84,305.12,278.06,239.33,218.29,56.15,306.0 - 309.4 (29.7%),288.8 - 296.4 (18.2%),126.0 - 144.0 (15.8%),252.2 - 271.6 (11.4%)
2023-08-07,310.25845861265213,314.06202564992486,307.51471771954186,313.5568542480469,16236500,28235440,-42.5,306.23,279.44,240.47,218.17,59.54,306.0 - 309.4 (24.3%),288.8 - 296.4 (18.2%),126.0 - 144.0 (15.9%),252.2 - 271.6 (11.2%)
2023-08-08,311.4173243145739,314.8742357187561,307.1680144917941,309.6740417480469,15183500,27615320,-45.02,306.94,280.71,241.56,218.03,56.38,306.0 - 309.4 (19.7%),288.8 - 296.4 (18.2%),126.0 - 144.0 (15.9%),252.2 - 271.6 (10.8%)
2023-08-09,309.9117947088459,310.65467965644325,299.97694788543293,302.3145446777344,19955800,26779255,-25.48,306.74,281.89,242.62,217.88,50.87,306.0 - 309.4 (19.7%),288.8 - 296.4 (18.2%),126.0 - 144.0 (15.9%),252.2 - 271.6 (10.8%)
2023-08-10,305.0186185367651,309.376870304108,300.9872228050464,302.8394775390625,14358900,25983150,-44.74,306.36,282.99,243.72,217.73,51.24,306.0 - 309.4 (20.2%),288.8 - 296.4 (18.3%),126.0 - 144.0 (15.9%),252.2 - 271.6 (10.8%)
2023-08-11,299.69955126159806,301.829148347872,297.5104955804326,298.77838134765625,14046300,25532760,-44.99,306.0,284.03,244.78,217.58,48.25,306.0 - 309.4 (21.7%),288.0 - 295.2 (13.4%),126.0 - 144.0 (15.9%),252.2 - 271.6 (10.7%)
2023-08-14,298.12468234695706,303.3050471851978,295.42057035149384,303.2852478027344,15641900,25048700,-37.55,305.78,285.08,245.89,217.44,51.62,306.9 - 310.0 (26.4%),302.4 - 309.6 (14.3%),126.0 - 144.0 (16.0%),252.2 - 271.6 (10.4%)
2023-08-15,303.23567067628255,304.3153262415131,297.1836204010212,299.0854187011719,11623600,24593285,-52.74,305.28,285.99,246.97,217.29,48.45,307.8 - 310.5 (26.3%),303.6 - 310.5 (16.4%),126.0 - 144.0 (16.0%),252.2 - 271.6 (10.3%)
2023-08-16,297.3521373347263,298.22376374266184,291.4882846558227,291.4981994628906,18547700,24432485,-24.09,304.21,286.8,247.98,217.15,43.28,306.9 - 310.0 (29.3%),290.4 - 297.0 (14.9%),126.0 - 144.0 (16.0%),252.2 - 271.6 (10.3%)
2023-08-17,290.2698831562681,293.24142277661446,282.2467503637845,282.3854064941406,23950100,24438145,-2.0,303.34,287.4,248.93,217.0,38.02,308.0 - 312.0 (17.5%),290.4 - 297.0 (14.9%),126.0 - 144.0 (16.0%),252.2 - 271.6 (10.3%)
2023-08-18,276.3828692004736,282.97969007662385,271.7769893291427,280.5628356933594,35347900,24098575,46.68,302.8,288.01,249.87,216.85,37.05,308.1 - 312.0 (17.7%),305.5 - 312.0 (17.6%),126.0 - 144.0 (15.9%),252.2 - 271.6 (10.2%)
2023-08-21,280.7609582172239,287.74406367825986,279.17613116684316,287.1497497558594,20181500,23861865,-15.42,302.71,288.68,250.81,216.74,42.73,308.1 - 312.0 (18.1%),286.0 - 292.5 (17.7%),126.0 - 144.0 (16.0%),252.2 - 271.6 (9.9%)
2023-08-22,289.7746659700831,290.1213516852283,284.02970068050166,284.87164306640625,12980200,23531595,-44.84,302.37,289.25,251.76,216.62,41.34,280.5 - 283.8 (21.9%),283.5 - 289.8 (15.1%),126.0 - 144.0 (16.0%),252.2 - 271.6 (9.8%)
2023-08-23,285.76304210604485,294.57860304394643,284.94092949669374,291.4485778808594,18287000,22083100,-17.19,302.16,289.78,252.75,216.5,46.73,280.5 - 283.8 (22.0%),306.0 - 312.0 (16.2%),126.0 - 144.0 (16.0%),252.2 - 271.6 (9.8%)
2023-08-24,295.6681615402102,296.6190456561809,283.9206906363901,284.0296325683594,18360900,19789685,-7.22,300.92,290.18,253.58,216.36,42.04,280.5 - 283.8 (21.8%),291.2 - 296.4 (16.2%),126.0 - 144.0 (16.0%),252.2 - 271.6 (9.8%)
2023-08-25,283.4154708564751,285.65403976198775,273.41128416989005,282.79144287109375,23701400,19013740,24.65,298.94,290.53,254.41,216.25,41.3,280.5 - 283.8 (29.8%),291.2 - 296.4 (16.2%),126.0 - 144.0 (16.0%),155.2 - 174.6 (9.8%)
2023-08-28,285.2677480538815,288.6850300436669,283.08860733169104,287.5063171386719,14239300,18435725,-22.76,297.54,290.82,255.29,216.14,45.27,281.3 - 284.2 (23.9%),291.2 - 296.4 (16.0%),126.0 - 144.0 (16.0%),155.2 - 174.6 (9.8%)
2023-08-29,285.84223276234485,296.3119625927343,285.44603360168765,295.1629638671875,20844500,18337055,13.67,296.31,291.24,256.22,216.06,51.07,301.3 - 303.6 (17.7%),290.7 - 295.8 (17.4%),126.0 - 144.0 (16.0%),155.2 - 174.6 (9.8%)
2023-08-30,294.3508150946284,295.46018502009133,290.6462752451663,292.3004455566406,17717000,18199850,-2.65,295.36,291.63,257.16,215.96,48.98,280.6 - 282.9 (17.0%),290.7 - 295.8 (18.7%),126.0 - 144.0 (16.0%),155.2 - 174.6 (9.8%)
2023-08-31,292.9938045025631,298.2435428150178,292.8551483674615,293.0829772949219,17229900,18302335,-5.86,294.51,292.04,258.12,215.9,49.58,280.6 - 282.9 (16.9%),290.7 - 295.8 (19.9%),126.0 - 144.0 (16.0%),155.2 - 174.6 (9.8%)
2023-09-01,296.5298613960656,298.8773722858389,291.6763539148055,293.5682373046875,12842300,18063810,-28.91,293.79,292.58,259.07,215.82,49.98,292.1 - 294.4 (17.0%),290.7 - 295.8 (20.9%),126.0 - 144.0 (16.0%),155.2 - 174.6 (9.8%)
2023-09-05,294.2022097056467,298.53077763296955,292.7065553799555,297.3025207519531,14956000,17999785,-16.91,292.98,293.17,259.95,215.75,53.05,290.7 - 292.4 (20.3%),290.7 - 295.8 (21.2%),126.0 - 144.0 (16.1%),155.2 - 174.6 (9.9%)
2023-09-06,298.8477914684686,300.42270415773663,292.8551974492244,296.3319091796875,15418100,18011515,-14.4,292.31,293.73,260.78,215.69,52.15,282.2 - 283.9 (17.9%),280.0 - 285.0 (15.3%),126.0 - 144.0 (16.1%),155.2 - 174.6 (9.9%)
2023-09-07,295.1729517016714,304.13708462017706,289.4477862636945,295.83660888671875,33748700,18701160,80.46,291.99,294.19,261.56,215.63,51.67,295.8 - 297.5 (23.2%),280.0 - 285.0 (15.2%),126.0 - 144.0 (16.0%),155.2 - 174.6 (9.9%)
2023-09-08,296.38130332585723,302.35409555221355,293.96444916920996,295.0639343261719,17548000,18860615,-6.96,291.6,294.63,262.4,215.57,50.89,295.5 - 297.0 (19.1%),288.0 - 292.5 (17.6%),126.0 - 144.0 (16.0%),155.2 - 174.6 (9.8%)
2023-09-11,298.55059219611553,306.1082128740827,298.42182064148733,304.6422424316406,19489300,19132765,1.86,291.9,295.19,263.31,215.54,59.17,294.8 - 297.0 (34.0%),288.0 - 292.5 (17.5%),126.0 - 144.0 (16.1%),155.2 - 174.6 (9.9%)
2023-09-12,303.42386653428804,305.7317789995425,297.3817607686702,298.7981872558594,13480400,19024690,-29.14,291.67,295.52,264.13,215.49,53.27,294.8 - 297.0 (34.0%),288.1 - 292.4 (17.6%),126.0 - 144.0 (16.1%),155.2 - 174.6 (9.9%)
2023-09-13,299.49158710418004,304.2658684685133,298.4614750356122,302.1659851074219,13210900,19104055,-30.85,291.82,295.92,265.0,215.44,55.99,294.8 - 297.0 (34.6%),288.6 - 292.5 (17.6%),126.0 - 144.0 (16.1%),155.2 - 174.6 (9.9%)
2023-09-14,303.8299600120974,309.90180977969953,302.13619117869405,308.7627258300781,19343100,19143825,1.04,292.69,296.37,265.88,215.41,60.81,293.8 - 296.4 (34.5%),288.6 - 292.5 (17.7%),126.0 - 144.0 (16.1%),155.2 - 174.6 (9.9%)
2023-09-15,308.6537532555304,309.04006784981095,295.9157700965738,297.4609680175781,28131100,19352875,45.36,293.44,296.68,266.66,215.34,50.59,294.0 - 296.1 (27.9%),288.6 - 292.5 (17.9%),126.0 - 144.0 (16.2%),155.2 - 174.6 (9.9%)
2023-09-18,295.36112560839774,300.7198055041135,294.97481096128314,299.67974853515625,14234200,18297190,-22.21,294.4,296.97,267.48,215.26,52.29,294.4 - 296.0 (27.9%),288.6 - 292.5 (17.7%),126.0 - 144.0 (16.3%),155.2 - 174.6 (9.9%)
2023-09-19,299.6103866943575,303.2653821261806,296.9657036524794,302.1758117675781,15924400,18084335,-11.94,295.15,297.24,268.35,215.19,54.19,296.0 - 297.6 (23.1%),288.6 - 292.5 (17.8%),126.0 - 144.0 (16.3%),155.2 - 174.6 (9.9%)
2023-09-20,302.15602272979146,305.1374769686172,296.58934369250954,296.82708740234375,19379500,18404300,5.3,295.75,297.59,269.12,215.1,49.62,296.0 - 297.6 (30.6%),288.6 - 292.5 (17.8%),126.0 - 144.0 (16.3%),155.2 - 174.6 (9.9%)
2023-09-21,292.89478532281316,297.4115234048588,290.48781510919633,292.92449951171875,21319600,18555930,14.89,295.82,297.73,269.85,215.04,46.54,296.0 - 297.6 (30.1%),288.6 - 292.5 (17.8%),126.0 - 144.0 (16.3%),155.2 - 174.6 (9.9%)
2023-09-22,296.4606204353007,302.4829582643257,295.4403929391033,296.2427062988281,25369600,18906365,34.19,296.43,297.96,270.57,214.98,49.41,296.0 - 297.6 (38.0%),288.6 - 292.5 (18.1%),108.0 - 126.0 (15.8%),155.2 - 174.6 (9.9%)
2023-09-25,292.8353085025185,298.0949306651933,290.91371066299604,297.9760437011719,18987000,18670645,1.69,297.19,298.28,271.29,214.95,50.9,296.0 - 297.6 (35.5%),295.2 - 298.8 (18.1%),108.0 - 126.0 (15.9%),155.2 - 174.6 (9.9%)
2023-09-26,294.83612439556174,297.4510631848924,293.20178387372255,296.123779296875,19417200,18929540,2.58,297.62,298.47,271.99,214.92,49.24,296.0 - 297.6 (36.5%),295.2 - 298.8 (19.5%),108.0 - 126.0 (15.9%),155.2 - 174.6 (9.9%)
2023-09-27,297.59962555811126,298.44153737648804,284.06921514107006,294.9153137207031,36429800,19708805,84.84,297.61,298.67,272.7,214.88,48.13,296.0 - 297.6 (29.2%),295.2 - 298.8 (19.2%),108.0 - 126.0 (15.9%),155.2 - 174.6 (9.9%)
2023-09-28,296.1039900746693,303.42386620320735,293.8852503920913,301.07635498046875,22167100,19931310,11.22,298.05,298.83,273.43,214.84,53.83,296.0 - 297.6 (30.3%),294.0 - 297.5 (21.1%),108.0 - 126.0 (15.9%),155.2 - 174.6 (9.9%)
2023-09-29,304.46396216982265,307.69304497998434,296.5200267011032,297.3619689941406,25373700,20338500,24.76,298.26,298.96,274.13,214.78,50.24,296.0 - 297.6 (37.7%),294.0 - 297.5 (22.8%),108.0 - 126.0 (15.9%),155.2 - 174.6 (9.9%)
2023-10-02,299.86793029207666,304.26581093402785,298.76847524561947,303.90924072265625,16265600,20509665,-20.69,298.78,299.23,274.9,214.74,55.83,296.0 - 297.6 (38.1%),294.0 - 297.5 (22.6%),108.0 - 126.0 (16.0%),155.2 - 174.6 (9.9%)
2023-10-03,301.3735636535198,303.8597312943576,296.7973973883534,298.0850524902344,17362300,20629980,-15.84,298.82,299.34,275.62,214.67,50.41,296.0 - 297.6 (37.6%),294.0 - 297.5 (22.4%),108.0 - 126.0 (16.0%),155.2 - 174.6 (9.9%)
2023-10-04,295.8960087559188,303.988484388807,295.6681798457942,302.6809997558594,16880500,20703100,-18.46,299.14,299.46,276.32,214.61,54.19,296.0 - 297.6 (37.2%),294.0 - 297.5 (22.6%),108.0 - 126.0 (16.0%),155.2 - 174.6 (9.9%)
2023-10-05,301.7400433121273,303.3050408800176,296.6587057199005,301.8985290527344,19130000,19972165,-4.22,299.44,299.39,277.01,214.54,53.44,297.0 - 298.1 (28.4%),294.0 - 297.5 (23.1%),108.0 - 126.0 (16.0%),155.2 - 174.6 (9.9%)
2023-10-06,298.58029150078266,313.30921745867073,298.0553207313564,312.43756103515625,21803900,20184960,8.02,300.31,299.42,277.81,214.49,61.2,296.0 - 298.0 (35.0%),294.0 - 297.5 (23.1%),108.0 - 126.0 (16.1%),155.2 - 174.6 (9.9%)
2023-10-09,309.53535964271543,317.2910643135758,308.8618179548679,315.3397521972656,22503700,20335680,10.66,300.84,299.58,278.63,214.45,63.02,294.8 - 297.0 (31.6%),294.0 - 297.5 (23.4%),108.0 - 126.0 (16.2%),155.2 - 174.6 (9.9%)
2023-10-10,316.09251597295463,321.57996666946445,315.14163191996147,318.7867126464844,19038000,20613560,-7.64,301.84,299.76,279.51,214.44,65.12,293.8 - 296.4 (25.3%),294.0 - 297.5 (21.6%),108.0 - 126.0 (16.1%),155.2 - 174.6 (9.9%)
2023-10-11,319.94562615932233,325.7203038719957,319.8861977952718,324.7099914550781,22036300,21054830,4.66,302.97,300.02,280.46,214.44,68.44,294.4 - 297.6 (32.9%),296.0 - 299.7 (18.8%),109.2 - 127.4 (16.9%),155.2 - 174.6 (9.9%)
2023-10-12,324.8882833156422,327.40419494907735,319.6286613911856,321.084716796875,20530500,21114200,-2.76,303.58,300.16,281.38,214.41,64.4,294.0 - 297.0 (25.1%),296.0 - 299.7 (18.9%),109.2 - 127.4 (16.4%),155.2 - 174.6 (9.9%)
2023-10-13,320.4607225818261,321.9662917082613,309.4065920496677,311.70458984375,21341000,20774695,2.73,304.3,300.36,282.22,214.34,55.31,297.0 - 300.0 (19.3%),296.0 - 299.7 (18.9%),109.2 - 127.4 (16.0%),155.2 - 174.6 (9.9%)
2023-10-16,315.61713447296523,318.7669591335072,312.5267079569691,318.1033020019531,16536100,20889790,-20.84,305.22,300.8,283.16,214.3,59.51,300.0 - 303.0 (18.4%),296.0 - 299.7 (19.0%),109.2 - 127.4 (15.8%),155.2 - 174.6 (9.9%)
2023-10-17,315.1615055524744,321.32249931191717,314.28984903683886,320.9263000488281,16387800,20912960,-21.64,306.16,301.34,284.1,214.26,61.24,300.0 - 303.0 (18.5%),296.0 - 299.7 (19.1%),109.2 - 127.4 (15.7%),155.2 - 174.6 (9.9%)
2023-10-18,318.34103304579105,322.84785574824446,312.56632450331927,313.96295166015625,16851000,20786535,-18.93,307.01,301.71,284.75,214.22,55.0,318.6 - 321.3 (19.0%),296.0 - 299.7 (19.2%),109.2 - 127.4 (15.8%),155.2 - 174.6 (9.9%)
2023-10-19,316.8453734600764,318.8363147040631,308.79249614981546,309.8424377441406,18709200,20656015,-9.42,307.86,301.95,285.35,214.15,51.64,318.6 - 321.3 (19.2%),296.0 - 299.7 (17.5%),109.2 - 127.4 (15.8%),155.2 - 174.6 (9.9%)
2023-10-20,311.1598313367638,312.30880004872955,303.562581788038,305.7218933105469,22312300,20503150,8.82,308.33,301.9,285.89,214.08,48.46,318.6 - 321.3 (19.5%),296.0 - 299.7 (17.7%),109.2 - 127.4 (15.8%),155.2 - 174.6 (9.9%)
2023-10-23,306.56381250558826,314.3492311666967,304.34507277626585,311.0310363769531,17796800,20443640,-12.95,308.99,301.71,286.5,214.03,52.52,310.5 - 313.2 (21.1%),296.0 - 299.7 (17.8%),109.2 - 127.4 (15.9%),155.2 - 174.6 (9.9%)
2023-10-24,313.77478177383387,315.3298948095002,307.6831314164379,309.58489990234375,19525500,20449055,-4.52,309.66,301.61,287.13,213.98,51.33,310.5 - 312.8 (20.9%),296.0 - 299.7 (17.8%),109.2 - 127.4 (15.9%),155.2 - 174.6 (9.9%)
2023-10-25,307.0591214527887,307.9307779888873,296.0049894531203,296.6884460449219,42192500,20737190,103.46,309.75,301.22,287.67,213.91,42.18,310.8 - 313.6 (19.2%),296.0 - 299.7 (21.1%),109.2 - 127.4 (15.9%),291.0 - 310.4 (10.0%)
2023-10-26,292.201409026239,292.201409026239,276.749396266018,285.614501953125,66684100,22963040,190.4,308.97,300.79,288.13,213.8,36.21,308.1 - 312.0 (21.2%),296.0 - 299.7 (21.0%),109.2 - 127.4 (15.8%),291.0 - 310.4 (10.0%)
2023-10-27,291.6863840110866,296.47055022110374,290.19069917026724,293.9150390625,29596300,23174170,27.71,308.8,300.52,288.66,213.75,42.75,308.1 - 312.0 (20.8%),296.0 - 299.7 (21.2%),109.2 - 127.4 (16.0%),291.0 - 310.4 (10.1%)
2023-10-30,296.2525874507026,306.4647760586199,296.2129584591002,299.7887268066406,28435100,23782645,19.56,308.6,300.39,289.23,213.73,46.9,308.1 - 312.0 (20.5%),296.0 - 299.7 (21.2%),109.2 - 127.4 (16.6%),291.0 - 310.4 (10.3%)
2023-10-31,300.43258183329806,300.7990669119868,294.0437590585382,298.41192626953125,19434200,23886240,-18.64,308.61,300.14,289.79,213.71,46.06,296.4 - 300.3 (23.8%),296.0 - 299.7 (22.7%),291.2 - 309.4 (16.7%),291.0 - 310.4 (10.4%)
2023-11-01,298.98637921085094,309.77305093227767,298.98637921085094,308.8915100097656,20434600,24063945,-15.08,308.92,300.12,290.42,213.72,52.98,308.0 - 311.5 (20.3%),296.0 - 299.7 (22.7%),291.2 - 309.4 (17.2%),291.0 - 310.4 (10.5%)
2023-11-02,314.2898612500724,315.7954608276106,305.4049556480362,307.9208679199219,21631800,24189035,-10.57,309.22,300.22,291.05,213.71,52.31,308.0 - 311.5 (20.2%),296.0 - 299.7 (22.6%),291.2 - 309.4 (17.7%),291.0 - 310.4 (10.6%)
2023-11-03,309.58490819009023,312.5564479784247,308.06942410716226,311.615478515625,16764300,23937055,-29.97,309.18,300.36,291.68,213.69,54.66,308.0 - 311.5 (20.5%),296.0 - 299.7 (22.6%),291.2 - 309.4 (17.9%),291.0 - 310.4 (10.6%)
2023-11-06,312.9823009046302,315.30998221478836,311.46681726112115,312.8039855957031,12887700,23456255,-45.06,309.06,300.6,292.31,213.66,55.42,308.0 - 311.5 (20.7%),296.0 - 299.7 (22.6%),105.6 - 123.2 (17.1%),291.0 - 310.4 (10.5%)
2023-11-07,314.05206698785037,317.95469084512877,312.13046924175654,315.7953796386719,14055600,23207135,-39.43,308.91,300.81,292.94,213.64,57.36,309.0 - 312.0 (19.8%),296.0 - 299.7 (22.7%),105.6 - 123.2 (17.1%),291.0 - 310.4 (10.5%)
2023-11-08,315.12188145653226,318.2815907296366,311.8927987771791,316.7463073730469,13609700,22785805,-40.27,308.51,301.1,293.55,213.62,57.99,306.9 - 310.0 (22.1%),296.0 - 299.7 (22.8%),105.6 - 123.2 (17.2%),291.0 - 310.4 (10.5%)
2023-11-09,316.38974813109803,321.10457053448357,315.7756045390507,317.5090026855469,16103100,22564435,-28.64,308.33,301.53,294.16,213.59,58.51,284.8 - 288.0 (18.4%),296.0 - 299.7 (22.7%),292.4 - 309.6 (15.9%),291.0 - 310.4 (10.5%)
2023-11-10,316.9048127654654,325.97791779553546,316.4293555216482,325.6510314941406,19096200,22452195,-14.95,309.03,302.26,294.83,213.58,63.73,296.0 - 300.0 (25.1%),296.4 - 300.2 (19.2%),285.6 - 302.4 (17.1%),291.0 - 310.4 (10.5%)
2023-11-13,323.1053920438301,329.1772120817785,322.6101354835103,326.0670166015625,16908900,22470835,-24.75,309.42,303.01,295.51,213.55,63.98,296.0 - 300.0 (25.2%),296.4 - 300.2 (19.2%),285.6 - 302.4 (17.4%),291.0 - 310.4 (10.5%)
2023-11-14,331.3662485613649,334.89247264741596,330.1677059909265,333.11944580078125,17179400,22510415,-23.68,310.03,303.78,296.23,213.55,68.0,292.8 - 297.6 (20.2%),294.8 - 299.2 (27.7%),294.1 - 311.4 (16.9%),291.0 - 310.4 (10.5%)
2023-11-15,334.7241301973717,335.1896726268728,326.88916688235804,329.55364990234375,14531200,22394425,-35.11,310.81,304.52,296.89,213.55,64.11,283.2 - 288.0 (20.4%),294.8 - 299.2 (27.8%),294.1 - 311.4 (17.0%),291.0 - 310.4 (10.5%)
2023-11-16,326.24531164355,331.405876695377,323.2836869956285,331.01959228515625,18932600,22405595,-15.5,311.87,305.18,297.48,213.57,64.99,296.4 - 300.3 (17.1%),294.8 - 299.2 (27.9%),294.1 - 311.4 (17.1%),291.0 - 310.4 (10.5%)
2023-11-17,327.12682982867966,332.3171082245436,326.225459380197,331.8614807128906,14494400,22014700,-34.16,313.18,305.98,298.08,213.57,65.52,329.0 - 332.5 (18.1%),294.0 - 298.2 (25.8%),294.1 - 311.4 (17.2%),291.0 - 310.4 (10.5%)
2023-11-20,331.7130176852861,338.6267812595869,331.01964627540804,336.74481201171875,16960500,21972885,-22.81,314.47,306.88,298.7,213.59,68.49,330.6 - 334.4 (20.0%),292.5 - 297.0 (24.0%),281.6 - 299.2 (18.2%),291.0 - 310.4 (10.5%)
2023-11-21,335.1203413394719,336.6754544281111,332.7134013481026,333.7831726074219,12027900,21598005,-44.31,315.68,307.65,299.24,213.59,64.84,330.6 - 333.5 (20.6%),292.5 - 297.0 (24.1%),281.6 - 299.2 (18.2%),291.0 - 310.4 (10.5%)
2023-11-22,335.9919971690562,339.66682315748506,335.3679689737356,338.2503662109375,10702700,20023515,-46.55,317.75,308.37,299.8,213.59,67.64,315.0 - 318.0 (18.6%),294.4 - 299.0 (28.6%),283.2 - 300.9 (17.6%),291.0 - 310.4 (10.5%)
2023-11-24,336.90323967530475,338.61680806424386,333.57509980107073,335.0212707519531,5467500,16962685,-67.77,320.22,309.08,300.36,213.57,63.7,325.0 - 327.5 (17.7%),294.8 - 299.2 (29.4%),283.2 - 300.9 (17.8%),291.0 - 310.4 (10.5%)
2023-11-27,332.9907204641054,336.67543077880856,331.02952367322507,331.5247802734375,15684500,16267095,-3.58,322.1,309.72,300.88,213.55,59.64,330.0 - 332.2 (23.9%),294.8 - 299.2 (29.4%),283.2 - 300.9 (17.8%),291.0 - 310.4 (10.5%)
2023-11-28,330.23702286250034,336.1603013896835,330.23702286250034,335.77398681640625,12637200,15477200,-18.35,323.9,310.43,301.5,213.54,62.75,330.0 - 332.2 (24.0%),294.8 - 299.2 (27.9%),283.2 - 300.9 (17.7%),291.0 - 310.4 (10.5%)
2023-11-29,336.46739531505375,336.6753946009342,327.6419200202527,329.0484619140625,16024500,15306715,4.69,325.44,310.95,302.06,213.53,55.48,331.8 - 333.9 (21.1%),294.8 - 299.2 (28.0%),283.2 - 300.9 (17.7%),291.0 - 310.4 (10.5%)
2023-11-30,328.7414398329136,330.33615157241326,319.34144902768867,324.04638671875,23146400,15442305,49.89,326.19,311.42,302.57,213.51,50.77,324.8 - 326.2 (16.8%),294.8 - 299.2 (27.8%),294.1 - 311.4 (17.4%),291.0 - 310.4 (10.5%)
2023-12-01,322.3922677716709,323.7591506832405,317.71704396048744,321.738525390625,15276400,15124535,1.0,326.88,311.85,303.02,213.48,48.71,331.5 - 333.2 (22.6%),294.8 - 299.2 (27.8%),294.1 - 311.4 (17.5%),291.0 - 310.4 (10.5%)
2023-12-04,314.2799272235099,317.8160362113912,310.684359636547,316.9840087890625,19037100,15238175,24.93,327.15,312.21,303.42,213.48,44.7,331.8 - 333.9 (20.6%),294.8 - 299.2 (27.4%),294.1 - 311.4 (17.6%),291.0 - 310.4 (10.5%)
2023-12-05,315.9539338697333,318.8264163082386,312.3979948564166,315.2704772949219,16952100,15441395,9.78,327.28,312.39,303.79,213.45,43.31,328.9 - 331.2 (23.4%),294.8 - 299.2 (26.1%),294.1 - 311.4 (17.6%),291.0 - 310.4 (10.5%)
2023-12-06,318.8759260976448,319.1928975951438,314.0323319815136,314.4384460449219,11294300,15303330,-26.2,327.21,312.65,304.09,213.42,42.62,328.8 - 331.2 (16.8%),294.8 - 299.2 (25.0%),294.1 - 311.4 (17.6%),291.0 - 310.4 (10.5%)
2023-12-07,314.7553656248655,325.12603993726384,314.7553656248655,323.49169921875,15905100,15418100,3.16,327.54,313.01,304.46,213.41,51.66,321.6 - 324.0 (15.2%),294.8 - 299.2 (22.7%),294.1 - 311.4 (17.7%),291.0 - 310.4 (10.5%)
2023-12-08,320.02490074141053,330.0092905560532,319.93575818228777,329.59326171875,14087400,15317315,-8.03,328.15,313.35,304.86,213.41,56.61,321.6 - 324.0 (15.2%),294.8 - 299.2 (21.3%),294.1 - 311.4 (17.8%),291.0 - 310.4 (10.5%)
2023-12-11,326.2749699248917,326.760341840704,316.96415394827267,322.1940612792969,25802500,15652630,64.84,327.98,313.77,305.22,213.39,49.93,321.6 - 324.0 (26.6%),294.8 - 299.2 (21.2%),294.1 - 311.4 (17.9%),291.0 - 310.4 (10.5%)
2023-12-12,321.5205548068525,331.2969141609772,321.48092581942666,331.0492858886719,18485500,15731460,17.51,328.23,314.29,305.63,213.41,56.54,321.6 - 324.0 (25.8%),294.8 - 299.2 (20.1%),294.1 - 311.4 (17.8%),291.0 - 310.4 (10.5%)
2023-12-13,330.762048340428,335.15992913690354,329.4843081433903,331.5643615722656,16353300,15690155,4.23,328.15,314.78,306.01,213.42,56.9,329.7 - 331.8 (22.3%),294.8 - 299.2 (20.0%),294.1 - 311.4 (17.8%),291.0 - 310.4 (10.5%)
2023-12-14,330.6828801863707,331.5248225597352,325.5223142177799,330.00933837890625,19607300,15943960,22.98,328.17,315.33,306.46,213.45,55.42,329.7 - 331.8 (28.5%),294.8 - 299.2 (20.0%),294.1 - 311.4 (17.9%),291.0 - 310.4 (10.5%)
2023-12-15,328.8404190428471,335.44715441173315,328.07773487355786,331.7426452636719,31776900,16586175,91.59,328.21,315.98,306.85,213.48,56.77,329.7 - 331.8 (37.5%),294.8 - 299.2 (17.7%),294.1 - 311.4 (17.9%),291.0 - 310.4 (10.5%)
2023-12-18,334.27845836250503,344.26281969354756,333.8228004544026,341.3507080078125,18993900,16811150,12.98,328.68,316.73,307.34,213.54,63.38,329.4 - 332.1 (36.4%),294.4 - 299.0 (17.7%),280.0 - 297.5 (18.1%),291.0 - 310.4 (10.5%)
2023-12-19,342.3015419115937,350.24547720407884,341.84591429871836,347.03619384765625,17729400,16849595,5.22,329.2,317.55,307.91,213.63,66.64,330.0 - 333.3 (30.7%),295.8 - 300.9 (17.0%),288.0 - 306.0 (17.7%),291.0 - 310.4 (10.5%)
2023-12-20,345.3424025451627,351.59253808248286,344.49057574848587,345.9664306640625,16369900,17066695,-4.08,329.8,318.38,308.43,213.72,65.46,330.0 - 333.3 (30.7%),295.8 - 300.9 (15.5%),286.4 - 304.3 (17.7%),291.0 - 310.4 (10.5%)
2023-12-21,349.63137975696606,353.0288329680946,345.8971254383194,350.7308349609375,15289600,17296040,-11.6,330.43,319.31,308.99,213.83,68.16,320.4 - 324.0 (20.9%),329.4 - 334.8 (15.3%),291.2 - 309.4 (20.3%),291.0 - 310.4 (10.5%)
2023-12-22,352.2066716923512,353.81132847401494,347.8880486334318,350.0374755859375,11772800,17611305,-33.15,331.18,320.13,309.48,213.95,67.33,327.6 - 331.2 (19.4%),329.4 - 334.8 (15.5%),291.2 - 309.4 (20.3%),291.0 - 310.4 (10.5%)
2023-12-26,351.62223083836534,353.5933724352155,350.0968624496421,351.4637451171875,9898600,17322010,-42.86,332.18,321.03,309.99,214.07,68.19,329.3 - 333.0 (41.2%),330.0 - 335.5 (13.9%),291.2 - 309.4 (20.5%),291.0 - 310.4 (10.5%)
2023-12-27,352.69202016724523,355.5942164057382,351.9392205096738,354.435302734375,13207900,17350545,-23.88,333.11,321.87,310.55,214.19,69.95,329.6 - 332.8 (35.2%),296.4 - 302.1 (14.6%),296.0 - 314.5 (17.5%),291.0 - 310.4 (10.5%)
2023-12-28,356.2875978197097,358.46670864757215,354.41551342692884,354.9206848144531,11798800,17139260,-31.16,334.4,322.82,311.08,214.28,70.24,330.0 - 333.3 (35.8%),307.4 - 313.2 (14.4%),296.0 - 314.5 (17.6%),291.0 - 310.4 (10.5%)
2023-12-29,355.58430011596727,356.5847280537646,348.48233787661115,350.6020202636719,14987100,16731295,-10.42,335.73,323.62,311.54,214.36,64.3,330.0 - 333.3 (35.6%),307.4 - 313.2 (14.5%),289.6 - 307.7 (17.8%),291.0 - 310.4 (10.5%)
2024-01-02,347.98713288564977,349.8096736940124,336.78443010383353,343.0048522949219,19042200,16919585,12.55,336.79,324.3,311.84,214.4,55.42,330.0 - 332.5 (31.2%),307.4 - 313.2 (14.7%),284.8 - 302.6 (19.0%),291.0 - 310.4 (10.5%)
2024-01-03,341.70719768800393,344.649022611004,339.9242560882124,341.2020263671875,15451100,16740285,-7.7,338.01,324.78,312.1,214.62,53.53,350.0 - 352.5 (24.1%),307.4 - 313.2 (14.7%),284.8 - 302.6 (19.0%),291.0 - 310.4 (10.5%)
2024-01-04,341.2317950845528,344.84716219440776,340.14222452633334,343.8269348144531,12099900,16497675,-26.66,339.43,325.25,312.42,214.85,55.89,349.6 - 351.9 (24.9%),307.4 - 313.2 (14.8%),281.6 - 299.2 (19.4%),291.0 - 310.4 (10.5%)
2024-01-05,343.698147524061,350.14639779000544,342.97509227203875,348.6111145019531,13920700,16628995,-16.29,341.14,325.75,312.76,215.11,59.88,350.0 - 351.4 (22.1%),313.2 - 319.0 (14.5%),281.6 - 299.2 (19.4%),291.0 - 310.4 (10.5%)
2024-01-08,351.3350529005943,355.5744482932876,348.7101686726257,355.2574768066406,13890200,16528250,-15.96,342.73,326.26,313.14,215.4,64.67,350.0 - 351.4 (22.7%),330.6 - 336.4 (14.4%),280.0 - 297.5 (18.6%),291.0 - 310.4 (10.5%)
2024-01-09,353.01889615486664,357.2186926508311,351.9887539696606,354.03912353515625,13463900,16497075,-18.39,343.95,326.81,313.48,215.66,63.18,350.0 - 351.4 (23.2%),330.6 - 336.4 (14.4%),280.0 - 297.5 (18.5%),291.0 - 310.4 (10.5%)
2024-01-10,356.75316996886426,369.4020132685552,355.673483927434,366.9554443359375,22117200,16312810,35.58,346.19,327.73,314.05,215.95,70.84,348.4 - 351.0 (29.9%),326.4 - 333.2 (17.4%),289.6 - 307.7 (18.0%),291.0 - 310.4 (10.5%)
2024-01-11,368.59967889024267,369.24350641928106,359.48694543472374,366.16302490234375,17205400,16248805,5.89,347.95,328.53,314.67,216.26,69.88,353.6 - 356.2 (27.7%),326.4 - 333.2 (17.5%),289.6 - 307.7 (18.0%),291.0 - 310.4 (10.5%)
2024-01-12,366.64834726660075,373.4828818820827,366.03423395673144,370.937255859375,19310000,16396640,17.77,349.91,329.37,315.35,216.58,72.32,354.0 - 357.0 (26.7%),326.6 - 333.7 (17.5%),294.4 - 312.8 (19.6%),291.0 - 310.4 (10.5%)
2024-01-16,370.1052786047655,372.04667615700424,363.7462003164905,363.9739990234375,15306900,16181620,-5.41,351.61,330.2,315.95,216.89,64.17,354.0 - 357.0 (25.9%),326.6 - 333.7 (17.8%),294.4 - 312.8 (19.7%),291.0 - 310.4 (10.5%)
2024-01-17,362.82496615370195,365.043736234498,355.20791737263,364.8753356933594,12724800,15229015,-16.44,353.27,331.12,316.53,217.2,64.72,366.0 - 369.0 (19.5%),326.6 - 333.7 (17.9%),294.4 - 312.8 (19.7%),291.0 - 310.4 (10.5%)
2024-01-18,367.9657714157107,373.27493835408353,367.4309160047918,372.561767578125,16354300,15097035,8.33,354.83,332.23,317.06,217.55,69.11,341.0 - 344.1 (22.6%),324.0 - 331.2 (14.6%),296.0 - 314.5 (18.0%),291.0 - 310.4 (10.5%)
2024-01-19,375.4044906879407,380.71362675917595,374.38426333397996,379.8122863769531,21670800,15294105,41.69,356.47,333.38,317.54,217.91,72.58,362.7 - 366.6 (21.3%),327.6 - 335.4 (19.5%),282.0 - 300.8 (20.4%),291.0 - 310.4 (10.5%)
2024-01-22,384.26956003570797,386.64678537317815,377.5439677838809,378.1580810546875,17680500,15359635,15.11,358.08,334.52,318.06,218.28,70.63,362.7 - 366.6 (19.6%),327.6 - 335.4 (19.5%),294.4 - 312.8 (19.8%),291.0 - 310.4 (10.5%)
2024-01-23,380.97117024868106,384.6955094373397,378.45525833540233,381.5456848144531,15506100,15370460,0.88,359.62,335.93,318.58,218.67,72.27,364.0 - 368.0 (23.0%),328.0 - 336.0 (20.7%),279.0 - 297.6 (19.2%),313.6 - 333.2 (11.2%)
2024-01-24,386.3001589226069,392.39180922923504,384.13093253502706,386.9935302734375,15698500,15566745,0.85,361.47,337.62,319.21,219.05,74.71,365.5 - 369.8 (17.3%),327.6 - 336.0 (21.3%),285.0 - 304.0 (20.3%),318.4 - 338.3 (11.7%)
2024-01-25,386.4685271599293,391.73803411902367,382.0013032021332,389.449951171875,15091100,15826370,-4.65,363.37,339.22,319.87,219.42,75.75,377.2 - 381.3 (17.1%),328.0 - 336.0 (22.3%),288.0 - 307.2 (19.1%),321.6 - 341.7 (11.0%)
2024-01-26,390.60887820999596,393.0257327851603,387.8750521627956,390.40087890625,13163700,15824160,-16.81,365.16,340.73,320.56,219.8,76.16,363.6 - 367.2 (29.4%),323.4 - 331.1 (17.6%),282.0 - 300.8 (20.6%),303.0 - 323.2 (10.7%)
2024-01-29,391.24278303174935,399.107459933084,389.37072887968213,397.215576171875,18742400,16171340,15.9,367.28,342.37,321.25,220.21,78.9,365.5 - 369.8 (16.8%),328.0 - 336.2 (22.9%),291.0 - 310.4 (22.4%),309.0 - 329.6 (11.5%)
2024-01-30,399.76115829551946,402.5048685624218,395.7793067158899,396.2646484375,18614700,16352720,13.83,369.56,343.83,321.98,220.61,77.56,363.0 - 366.3 (18.9%),325.6 - 333.0 (21.8%),291.0 - 310.4 (22.3%),309.0 - 329.6 (11.6%)
2024-01-31,385.3096431913748,394.2242621855197,383.4276741160016,386.4388427734375,20180800,16409650,22.98,371.73,345.14,322.68,220.99,65.23,363.0 - 366.3 (19.1%),325.6 - 333.0 (21.8%),288.0 - 307.2 (19.2%),309.0 - 329.6 (11.5%)
2024-02-01,390.20282350467215,396.70058852899905,389.32125213180177,391.03485107421875,29727100,17123450,73.6,374.23,346.46,323.41,221.39,67.81,389.4 - 392.7 (23.2%),326.6 - 333.7 (19.7%),283.5 - 302.4 (20.7%),309.0 - 329.6 (11.5%)
2024-02-02,455.23984421037636,481.3497560151432,448.71236625918465,470.48382568359375,84707600,20753835,308.15,380.56,349.09,324.84,221.99,86.48,385.2 - 395.9 (29.8%),327.5 - 340.6 (23.9%),279.6 - 302.9 (23.7%),306.0 - 331.5 (14.4%)
2024-02-05,465.42230930986153,467.42313492864514,454.863435831285,455.0516357421875,40832400,22099420,84.77,385.88,351.41,326.11,222.54,77.12,385.2 - 395.9 (26.4%),325.0 - 338.0 (25.6%),279.6 - 302.9 (24.4%),306.0 - 331.5 (14.4%)
2024-02-06,459.598150771144,462.68854729328706,448.7025049554488,450.40618896484375,21655200,22487670,-3.7,390.64,353.64,327.37,223.07,74.51,381.6 - 392.2 (25.9%),325.0 - 338.0 (25.4%),279.6 - 302.9 (24.3%),306.0 - 331.5 (14.4%)
2024-02-07,453.65502691303504,467.0467539432998,451.8522857085582,465.13507080078125,23066000,22967775,0.43,396.19,356.1,328.82,223.64,77.15,382.2 - 392.0 (25.2%),325.0 - 338.0 (25.2%),279.6 - 302.9 (24.4%),306.0 - 331.5 (14.4%)
2024-02-08,463.8771134195453,466.125567328599,460.6183167781978,465.5411682128906,18815100,22802670,-17.49,401.12,358.43,330.34,224.22,77.22,386.4 - 395.6 (25.0%),325.0 - 338.0 (25.1%),279.6 - 302.9 (24.5%),306.0 - 331.5 (14.4%)
2024-02-09,468.4632389984327,469.09715173997364,463.0352156764278,463.66912841796875,18413100,22863055,-19.46,406.0,360.72,331.87,224.8,76.06,386.4 - 395.6 (25.2%),325.0 - 338.0 (23.4%),279.6 - 302.9 (24.6%),306.0 - 331.5 (14.4%)
2024-02-12,463.74837373627713,474.6043898556988,462.15363177871683,464.4516296386719,19382000,22866655,-15.24,410.67,362.91,333.35,225.37,76.22,462.8 - 471.7 (44.0%),325.0 - 338.0 (21.9%),279.6 - 302.9 (24.8%),306.0 - 331.5 (14.4%)
2024-02-13,452.5357455389772,463.4512199796858,450.77263331174294,455.7549133300781,20916600,23147140,-9.64,415.26,365.02,334.77,225.9,70.56,386.4 - 394.8 (24.8%),325.0 - 338.0 (20.3%),279.6 - 302.9 (24.7%),306.0 - 331.5 (14.4%)
2024-02-14,463.49090861887265,469.6122739200717,461.6683676664802,468.7901611328125,16858400,23353820,-27.81,420.46,367.31,336.25,226.45,73.71,462.0 - 470.4 (25.4%),325.0 - 338.0 (18.9%),279.6 - 302.9 (24.8%),306.0 - 331.5 (14.4%)
2024-02-15,470.7710897525283,483.9845315750607,467.7401219251441,479.4380798339844,24212300,23746720,1.96,425.8,369.77,337.88,227.0,75.98,465.0 - 474.3 (36.8%),328.8 - 342.5 (21.2%),288.0 - 312.0 (26.5%),313.2 - 339.3 (14.1%)
2024-02-16,473.57427917224476,474.41622148697894,464.7587172235318,468.8297424316406,23324600,23829410,-2.12,430.25,371.97,339.43,227.54,69.55,465.0 - 474.3 (41.8%),328.8 - 342.5 (19.7%),288.0 - 312.0 (26.5%),313.2 - 339.3 (14.1%)
2024-02-20,465.2638262160572,471.66253253876386,462.13380111414773,467.2745666503906,18015500,23846160,-24.45,434.71,374.2,340.92,228.07,68.63,465.0 - 474.3 (48.6%),328.8 - 342.5 (17.4%),288.0 - 312.0 (26.7%),313.2 - 339.3 (14.1%)
2024-02-21,462.5646951075307,465.04360558506306,457.8944362406984,464.081787109375,12921800,23716945,-45.52,438.84,376.29,342.33,228.59,66.69,466.4 - 475.2 (38.3%),328.8 - 342.5 (16.4%),288.0 - 312.0 (26.6%),313.2 - 339.3 (14.1%)
2024-02-22,476.1887559057501,485.85650633156365,472.04402503691097,482.0290832519531,21625800,24013310,-9.94,443.59,378.74,343.91,229.15,71.56,470.4 - 473.6 (23.2%),462.0 - 476.0 (20.5%),290.4 - 314.6 (27.2%),289.3 - 315.6 (13.5%)
2024-02-23,483.9328849631921,490.189652505488,478.2809873047405,479.9468078613281,18374300,24177470,-24.0,448.11,381.22,345.47,229.69,70.28,464.0 - 467.2 (24.9%),462.0 - 476.0 (20.3%),290.4 - 314.6 (27.2%),289.3 - 315.6 (13.5%)
2024-02-26,479.39150323604184,482.0389927339429,476.54571907149233,477.67608642578125,12101400,24124355,-49.84,452.48,383.58,347.0,230.22,68.83,464.0 - 467.2 (27.5%),462.0 - 476.0 (20.3%),290.4 - 314.6 (27.3%),289.3 - 315.6 (13.5%)
2024-02-27,475.93094897037633,483.1594294927157,475.8714575450173,482.9412841796875,10809600,23727715,-54.44,456.76,386.15,348.55,230.75,70.36,464.4 - 467.1 (23.7%),462.0 - 476.0 (20.4%),290.4 - 314.6 (27.3%),289.3 - 315.6 (13.5%)
2024-02-28,480.9086028715477,486.9075537517673,478.67758357987555,479.9368591308594,12715500,23432755,-45.74,460.95,388.75,350.08,231.28,68.3,467.1 - 469.8 (23.4%),462.0 - 476.0 (20.4%),286.8 - 310.7 (26.5%),289.3 - 315.6 (13.5%)
2024-02-29,484.3195850137185,487.5520937536585,478.53874920284585,485.9953308105469,17732000,23310315,-23.93,465.92,391.48,351.67,231.84,70.19,477.0 - 480.0 (27.2%),457.6 - 471.9 (20.5%),290.4 - 314.6 (27.5%),318.0 - 344.5 (13.8%)
2024-03-01,487.9586415363697,499.99624539001076,487.70085542253184,498.06268310546875,16273600,22637640,-28.11,471.27,394.5,353.36,232.41,73.58,478.8 - 483.0 (35.8%),459.0 - 474.3 (20.5%),275.0 - 300.0 (25.4%),300.3 - 327.6 (14.3%)
2024-03-04,498.7567562385564,500.1647906143656,492.23227759267877,493.9873352050781,12324100,19018465,-35.2,472.45,397.48,354.94,232.96,70.66,478.8 - 483.0 (36.8%),459.0 - 474.3 (20.6%),295.2 - 319.8 (24.9%),300.3 - 327.6 (14.4%)
2024-03-05,490.82420867793127,491.3993025170749,483.774202750876,486.08453369140625,15325300,17743110,-13.63,474.0,400.34,356.5,233.49,65.25,479.4 - 482.8 (33.1%),459.0 - 474.3 (20.6%),295.2 - 319.8 (24.9%),300.3 - 327.6 (14.4%)
2024-03-06,493.4320770915534,498.7270260673234,490.1202564330068,491.9050598144531,11757900,17248245,-31.83,476.08,403.15,358.08,234.06,67.24,479.4 - 482.8 (33.8%),470.4 - 485.1 (16.2%),295.2 - 319.8 (25.0%),300.3 - 327.6 (14.4%)
2024-03-07,499.0343621960997,515.4645557809083,497.1503965217071,507.86920166015625,18586400,17024265,9.18,478.21,406.12,359.74,234.65,71.98,479.6 - 484.0 (28.6%),465.0 - 480.5 (22.0%),279.4 - 304.8 (26.6%),308.0 - 336.0 (15.7%)
2024-03-08,509.85239454589475,519.153271512866,495.13758556088726,501.6819152832031,18597100,17013365,9.31,480.02,409.11,361.44,235.24,67.88,479.6 - 484.0 (29.3%),465.0 - 480.5 (22.0%),279.4 - 304.8 (26.6%),308.0 - 336.0 (15.7%)
2024-03-11,492.81727073389857,493.12465317642193,471.9844998292028,479.5104675292969,20428300,17114125,19.37,480.81,411.59,362.94,235.79,55.66,479.6 - 484.0 (26.7%),458.8 - 473.6 (20.6%),278.3 - 303.6 (28.0%),308.0 - 336.0 (15.7%)
2024-03-12,489.0989380927609,498.0725814687902,480.64089717663427,495.5341796875,15448200,16917435,-8.68,482.37,414.32,364.55,236.38,61.11,479.6 - 484.0 (27.0%),458.8 - 473.6 (20.7%),278.3 - 303.6 (27.9%),308.0 - 336.0 (15.7%)
2024-03-13,491.2109910430132,496.7538311485223,486.88775550593095,491.38946533203125,12090700,16476140,-26.62,484.15,417.01,366.17,236.96,59.09,477.0 - 480.0 (27.2%),458.8 - 473.6 (20.7%),291.6 - 315.9 (26.8%),308.0 - 336.0 (15.7%)
2024-03-14,496.03984675115265,497.12064794623495,484.04191556315317,487.6809387207031,12620000,16264220,-22.41,485.09,419.61,367.79,237.55,57.26,477.0 - 480.0 (28.3%),470.4 - 485.1 (18.2%),290.4 - 314.6 (28.2%),308.0 - 336.0 (15.7%)
2024-03-15,484.8848500326896,487.6810382572189,477.2398677760852,480.0162658691406,29153600,16511285,76.57,485.12,421.92,369.32,238.11,53.57,477.0 - 480.0 (19.2%),458.7 - 472.6 (20.9%),290.4 - 314.6 (28.3%),308.0 - 336.0 (15.7%)
2024-03-18,487.7603295849552,493.2238577898901,482.70334631684347,492.7875671386719,11755300,15932820,-26.22,486.32,424.35,370.95,238.69,58.38,478.8 - 481.6 (26.4%),458.7 - 472.6 (21.0%),288.0 - 312.0 (28.2%),308.0 - 336.0 (15.7%)
2024-03-19,484.0518724772852,492.4404965064803,477.2199811274782,492.05377197265625,10903100,15577200,-30.01,487.56,426.78,372.58,239.3,58.01,478.8 - 481.6 (26.4%),458.7 - 472.6 (21.2%),288.0 - 312.0 (28.2%),308.0 - 336.0 (15.7%)
2024-03-20,495.286287934853,503.91290805699197,490.99282852307084,501.2554931640625,11711100,15516665,-24.53,489.42,429.29,374.3,239.96,61.33,478.8 - 481.6 (21.1%),458.7 - 472.6 (21.3%),285.6 - 309.4 (28.3%),308.0 - 336.0 (15.7%)
2024-03-21,510.3680064960542,510.6951790916387,501.7413862690446,503.47662353515625,9712500,14921000,-34.91,490.49,431.85,375.99,240.63,62.11,478.8 - 481.6 (21.9%),458.7 - 472.6 (21.4%),285.6 - 309.4 (28.4%),308.0 - 336.0 (15.7%)
2024-03-22,502.72299742536745,505.6679440053061,500.0854332948387,505.2812194824219,8120600,14408315,-43.64,491.76,434.41,377.72,241.29,62.77,478.8 - 481.6 (22.7%),458.7 - 472.6 (21.4%),285.6 - 309.4 (28.5%),308.0 - 336.0 (15.7%)
2024-03-25,501.52320214819645,502.94113151352633,496.0200033738787,498.77655029296875,8380600,14222275,-41.07,492.81,436.82,379.34,241.96,58.81,478.8 - 481.6 (23.1%),458.7 - 472.6 (21.3%),285.6 - 309.4 (28.8%),308.0 - 336.0 (15.8%)
2024-03-26,500.86879957486735,505.69771210174656,491.03246997795776,491.7067565917969,11205400,14242065,-21.32,493.25,439.1,380.96,242.62,54.77,490.0 - 492.8 (27.4%),458.7 - 472.6 (21.3%),285.6 - 309.4 (28.7%),308.0 - 336.0 (15.8%)
2024-03-27,495.08795895460764,495.6730084213494,483.95271311983527,489.69384765625,9989700,14105775,-29.18,493.74,441.42,382.52,243.22,53.64,478.8 - 481.6 (23.8%),458.7 - 472.6 (21.3%),285.6 - 309.4 (28.7%),308.0 - 336.0 (15.8%)
2024-03-28,488.6824999540868,488.7320963205001,481.05736878445055,481.4837341308594,15212800,13979815,8.82,493.51,443.72,384.01,243.81,49.18,478.4 - 481.0 (24.1%),458.7 - 472.6 (21.3%),280.8 - 304.2 (26.8%),308.0 - 336.0 (15.8%)
2024-04-01,483.09006246690836,493.2337442810698,477.715771498576,487.2050476074219,9247000,13628485,-32.15,492.97,446.16,385.47,244.39,52.16,480.0 - 482.5 (25.3%),458.7 - 472.6 (21.4%),279.6 - 302.9 (27.2%),308.0 - 336.0 (15.8%)
2024-04-02,481.00780393542556,493.33293979336065,480.56158793722983,493.1742858886719,11081000,13566330,-18.32,492.93,448.65,386.95,244.98,55.12,480.0 - 482.5 (25.9%),458.7 - 472.6 (21.5%),279.6 - 302.9 (27.1%),308.0 - 336.0 (15.8%)
2024-04-03,494.7211564296815,502.9610531335601,494.5426821226273,502.46527099609375,12099200,13405025,-9.74,493.75,451.21,388.48,245.56,59.34,480.0 - 482.5 (25.9%),479.5 - 493.2 (24.0%),279.6 - 302.9 (27.1%),308.0 - 336.0 (15.8%)
2024-04-04,512.0635272481567,525.52898497876,506.2727964033806,506.6099548339844,26476300,14140945,87.23,494.48,453.73,390.0,246.19,61.1,491.4 - 494.1 (24.3%),478.8 - 492.1 (23.8%),279.6 - 302.9 (27.1%),308.0 - 336.0 (15.8%)
2024-04-05,512.4998457681293,526.2231206005386,510.0705014315204,522.8914794921875,19263300,14174790,35.9,495.23,456.55,391.68,246.86,67.11,504.3 - 508.4 (19.8%),479.4 - 493.5 (25.8%),292.8 - 317.2 (28.1%),319.0 - 348.0 (14.2%)
2024-04-08,524.815045299126,527.0063630993916,514.5126803759262,514.86962890625,13260600,13907965,-4.65,495.89,459.01,393.37,247.52,62.03,504.3 - 508.4 (19.6%),479.4 - 493.5 (25.8%),292.8 - 317.2 (28.1%),319.0 - 348.0 (14.2%)
2024-04-09,517.8244209769383,521.4337282709831,502.4651051122038,512.5394287109375,10863800,13429740,-19.11,497.54,461.45,394.99,248.18,60.59,504.3 - 508.4 (19.6%),462.0 - 475.2 (21.3%),292.8 - 317.2 (28.1%),319.0 - 348.0 (14.2%)
2024-04-10,504.9936694995379,518.1517137057824,501.53309034701584,515.4447631835938,11418500,13228255,-13.68,498.54,463.86,396.61,248.87,61.78,512.5 - 516.6 (20.2%),462.0 - 475.2 (21.5%),292.8 - 317.2 (28.1%),319.0 - 348.0 (14.2%)
2024-04-11,516.7138879885149,519.4406889171323,512.9261063452404,518.74658203125,10369500,13142195,-21.1,499.91,466.44,398.32,249.55,63.14,512.5 - 516.6 (20.1%),462.0 - 475.2 (21.6%),292.8 - 317.2 (28.1%),319.0 - 348.0 (14.2%)
2024-04-12,513.3823520372883,515.8017710471306,505.03336836231813,507.5816955566406,11984500,13110420,-8.59,500.9,468.82,399.97,250.2,55.89,504.3 - 508.4 (21.3%),462.0 - 475.2 (21.8%),292.8 - 317.2 (28.2%),319.0 - 348.0 (14.2%)
2024-04-15,512.3609527471586,514.1557417977153,493.0849752332314,496.0101013183594,13512900,12328385,9.61,501.7,470.88,401.55,250.82,49.55,504.3 - 508.4 (20.7%),462.0 - 475.2 (21.5%),292.8 - 317.2 (28.4%),319.0 - 348.0 (14.2%)
2024-04-16,493.90802329919694,500.5118444243571,492.9164591109171,495.54412841796875,9847900,12233015,-19.5,501.84,472.8,403.09,251.44,49.3,504.3 - 508.4 (20.8%),462.0 - 475.2 (21.6%),292.8 - 317.2 (28.3%),319.0 - 348.0 (14.2%)
2024-04-17,498.85594255975616,498.91543398945294,483.0305867975253,490.00128173828125,12193700,12297545,-0.84,501.74,474.67,404.59,252.06,46.39,504.3 - 508.4 (20.6%),462.5 - 475.0 (21.6%),292.8 - 317.2 (28.3%),319.0 - 348.0 (14.2%)
2024-04-18,495.603616816953,507.8891115594583,494.83019796523104,497.56689453125,14808700,12452425,18.92,501.55,476.6,406.27,252.7,50.67,504.0 - 507.6 (20.6%),459.8 - 471.9 (21.6%),292.8 - 317.2 (28.3%),319.0 - 348.0 (14.2%)
2024-04-19,498.5584497090397,498.5584497090397,471.71683077897825,477.01177978515625,25215400,13227570,90.63,500.23,478.1,407.86,253.3,41.08,506.0 - 510.6 (18.2%),459.8 - 471.9 (21.6%),292.8 - 317.2 (28.3%),319.0 - 348.0 (14.2%)
2024-04-22,485.5887554137546,487.85944559680536,469.40642260080654,477.6661682128906,17271100,13685095,26.2,498.85,479.57,409.39,253.89,41.46,473.8 - 478.4 (19.3%),460.2 - 472.0 (21.6%),292.8 - 317.2 (28.3%),319.0 - 348.0 (14.2%)
2024-04-23,487.1058254371177,494.55248091991785,484.84506067908205,491.9149169921875,15079200,14020025,7.55,498.51,481.26,411.0,254.54,49.15,473.8 - 478.4 (19.0%),478.8 - 490.2 (21.0%),292.8 - 317.2 (28.3%),319.0 - 348.0 (14.2%)
2024-04-24,503.77405442586195,505.697691201439,480.4921184549393,489.3368835449219,37772700,15348390,146.1,498.39,482.8,412.59,255.18,47.92,487.6 - 492.2 (26.1%),478.8 - 490.2 (24.0%),292.8 - 317.2 (28.1%),319.0 - 348.0 (14.2%)
2024-04-25,417.8451232490789,442.0095365400341,411.0033367235607,437.6565856933594,82890700,18993440,336.42,495.79,483.49,413.66,255.69,31.14,433.5 - 442.0 (27.1%),478.8 - 490.2 (22.6%),291.6 - 315.9 (27.9%),319.0 - 348.0 (14.1%)
2024-04-26,437.7358663608283,442.67386632862065,428.3160076852522,439.5504455566406,32691400,19867370,64.55,493.69,484.37,414.76,256.21,32.08,437.4 - 445.5 (36.2%),478.8 - 490.2 (22.3%),292.5 - 315.0 (25.7%),319.0 - 348.0 (14.1%)
2024-04-29,435.85200932685507,436.0503342945698,424.94480182566224,428.9705505371094,21502600,20480150,4.99,490.78,485.01,415.73,256.7,29.65,432.0 - 441.0 (35.3%),478.8 - 490.2 (22.2%),292.5 - 315.0 (26.1%),319.0 - 348.0 (13.9%)
2024-04-30,427.41371925556695,435.9114313730095,426.0949522366359,426.5411682128906,18429500,20847575,-11.6,487.45,484.27,416.68,257.2,29.1,432.4 - 441.6 (34.5%),478.8 - 490.2 (22.2%),292.5 - 315.0 (26.1%),319.0 - 348.0 (13.8%)
2024-05-01,424.98438603287394,446.1641810189536,423.5069349236173,435.48504638671875,20344900,21259860,-4.3,484.1,483.95,417.68,257.7,33.92,432.4 - 441.6 (39.5%),462.0 - 473.0 (19.6%),292.5 - 315.0 (26.1%),319.0 - 348.0 (13.8%)
2024-05-02,435.1379716896752,440.21477487294436,428.63331382859496,437.9540100097656,15221300,20697110,-26.46,480.66,483.74,418.69,258.22,35.23,437.4 - 445.5 (37.5%),464.0 - 472.0 (18.3%),292.5 - 315.0 (26.1%),319.0 - 348.0 (13.7%)
2024-05-03,442.1681779544759,450.33868682815734,440.1057379124643,448.1473083496094,16489100,20558400,-19.79,476.93,483.46,419.78,258.75,40.47,433.1 - 440.2 (42.8%),488.0 - 496.0 (16.2%),292.5 - 315.0 (26.2%),319.0 - 348.0 (13.6%)
2024-05-06,451.73678292958675,462.22754860054084,449.5156889129606,461.7515869140625,15094600,20650100,-26.9,474.27,483.39,420.91,259.31,46.68,433.1 - 440.2 (42.6%),488.0 - 496.0 (16.6%),292.5 - 315.0 (26.4%),319.0 - 348.0 (13.7%)
2024-05-07,462.3564157416054,467.5522017522191,457.41841581066615,464.2899475097656,13406800,20777250,-35.47,471.86,483.41,422.06,259.87,47.77,433.1 - 440.2 (42.2%),488.0 - 496.0 (16.7%),292.5 - 315.0 (26.3%),319.0 - 348.0 (13.7%)
2024-05-08,459.5899205981187,471.5680005756244,459.09413859100096,468.6131591796875,11683900,20790520,-43.8,469.52,483.47,423.19,260.47,49.67,433.1 - 440.2 (42.2%),488.0 - 496.0 (16.9%),292.5 - 315.0 (26.3%),319.0 - 348.0 (13.7%)
2024-05-09,466.0351330222178,472.0638295136627,463.6851309164721,471.409423828125,9437700,20743930,-54.5,467.15,483.74,424.38,261.08,50.91,435.5 - 442.0 (37.1%),488.0 - 496.0 (17.0%),292.5 - 315.0 (26.4%),319.0 - 348.0 (13.7%)
2024-05-10,473.06530711359864,473.47185202089554,465.63850177770763,472.1828308105469,10750000,20682205,-48.02,465.38,483.79,425.55,261.73,51.26,435.5 - 442.0 (38.7%),488.0 - 496.0 (17.1%),291.2 - 313.6 (29.6%),319.0 - 348.0 (13.7%)
2024-05-13,468.76192427668366,469.35686878363606,458.94544582244055,464.0619201660156,14668800,20740000,-29.27,463.78,483.54,426.65,262.36,47.36,435.5 - 442.0 (39.0%),488.0 - 496.0 (17.2%),286.0 - 308.0 (24.9%),319.0 - 348.0 (13.7%)
2024-05-14,459.4610626992721,468.5537190189975,456.1988082627128,467.8695373535156,10478600,20771535,-49.55,462.4,483.52,427.75,262.98,49.31,434.7 - 441.0 (45.7%),488.0 - 496.0 (17.4%),286.0 - 308.0 (24.9%),319.0 - 348.0 (13.7%)
2024-05-15,470.9731251549598,478.4296762623325,467.225014082937,477.477783203125,13100500,20816875,-37.07,461.77,483.69,428.94,263.65,53.94,433.5 - 438.6 (38.7%),488.0 - 496.0 (17.5%),286.0 - 308.0 (24.9%),319.0 - 348.0 (13.7%)
2024-05-16,470.99297269630273,473.66028268880433,468.76195335195183,469.2379150390625,16608200,20906850,-20.56,460.36,483.78,430.04,264.29,49.74,469.2 - 474.3 (15.3%),488.0 - 496.0 (17.6%),282.1 - 303.8 (27.0%),319.0 - 348.0 (13.7%)
2024-05-17,466.85814039180144,468.8115229984674,464.46849739382435,467.9290466308594,10807300,20186445,-46.46,459.9,483.54,431.14,264.94,49.09,464.1 - 469.2 (21.3%),488.0 - 496.0 (17.8%),279.5 - 301.0 (25.4%),319.0 - 348.0 (13.7%)
2024-05-20,465.9855701209428,469.20815350971793,463.1001149016232,464.8849182128906,11745100,19910145,-41.01,459.26,483.29,432.25,265.58,47.53,464.1 - 469.2 (27.9%),488.0 - 496.0 (17.6%),278.2 - 299.6 (26.4%),319.0 - 348.0 (13.7%)
2024-05-21,463.17943423343615,466.729250784971,458.3703421231926,460.71044921875,11742200,19743295,-40.53,457.7,483.01,433.3,266.22,45.39,466.2 - 470.4 (24.6%),488.0 - 496.0 (17.7%),278.2 - 299.6 (26.3%),319.0 - 348.0 (13.7%)
2024-05-22,463.92309944416763,469.72375559146025,461.72182588991785,463.8338623046875,10078600,18358590,-45.1,456.43,482.69,434.42,266.83,47.3,464.0 - 468.0 (31.9%),488.0 - 496.0 (17.8%),278.2 - 299.6 (26.4%),319.0 - 348.0 (13.7%)
2024-05-23,468.8908189064393,470.3583143530477,457.6464860643533,461.8507080078125,11747900,14801450,-20.63,457.64,482.39,435.57,267.44,46.2,466.9 - 469.8 (26.4%),488.0 - 496.0 (17.9%),275.6 - 296.8 (23.2%),319.0 - 348.0 (13.7%)
2024-05-24,463.6752352138894,475.8020759819644,462.36636323892645,474.1858215332031,12024300,13768095,-12.67,459.37,482.19,436.84,268.1,53.47,460.7 - 462.4 (21.0%),488.0 - 496.0 (18.0%),294.0 - 315.0 (25.2%),319.0 - 348.0 (13.6%)
2024-05-28,472.5595789065606,476.8034718056562,470.8342671527631,475.8714294433594,10175800,13201755,-22.92,461.71,481.82,438.16,268.75,54.38,467.5 - 469.2 (20.0%),488.0 - 496.0 (18.3%),282.8 - 303.0 (25.5%),319.0 - 348.0 (13.4%)
2024-05-29,470.6558247918724,475.8020449513252,469.7039317176782,470.35833740234375,9226200,12741590,-27.59,463.91,481.43,439.45,269.4,50.88,469.2 - 470.9 (15.9%),488.0 - 496.0 (18.3%),282.8 - 303.0 (25.5%),319.0 - 348.0 (13.4%)
2024-05-30,467.6910367592516,467.75052818245615,460.78972906618264,463.1099853515625,10719600,12260325,-12.57,465.29,481.04,440.69,270.03,46.64,462.4 - 464.1 (21.6%),488.0 - 496.0 (18.5%),281.4 - 301.5 (25.6%),319.0 - 348.0 (13.3%)
2024-05-31,461.87056636236576,465.1625665842414,450.6262325959668,462.8918762207031,16919800,12345250,37.06,466.53,480.56,441.85,270.65,46.51,462.4 - 464.1 (30.8%),488.0 - 496.0 (18.5%),281.4 - 301.5 (25.7%),319.0 - 348.0 (13.3%)
2024-06-03,466.8878695866924,475.55416062005787,464.289976419623,473.4619445800781,11279400,12084765,-6.66,467.8,479.99,443.05,271.29,53.11,462.4 - 464.1 (22.6%),488.0 - 496.0 (17.2%),281.4 - 301.5 (25.8%),174.0 - 203.0 (13.2%)
2024-06-04,472.97608133022067,474.850152026394,469.23789552237054,472.9661560058594,7088700,11684470,-39.33,468.36,479.51,444.31,271.92,52.78,462.4 - 464.1 (23.1%),488.0 - 496.0 (17.4%),281.4 - 301.5 (25.8%),174.0 - 203.0 (13.2%)
2024-06-05,480.3632174354631,492.46028072234554,479.82776437416675,490.8836975097656,15690500,11798655,32.99,469.69,479.7,445.64,272.59,61.95,462.0 - 465.0 (29.8%),488.0 - 496.0 (17.7%),281.4 - 301.5 (25.8%),174.0 - 203.0 (13.2%)
2024-06-06,488.8213382018383,498.5783264581477,486.74897262117184,489.5947570800781,10667300,11747825,-9.2,470.74,479.6,446.96,273.27,61.03,462.0 - 465.0 (30.9%),488.0 - 496.0 (18.9%),281.4 - 301.5 (25.9%),174.0 - 203.0 (13.2%)
2024-06-07,491.7266096698663,494.7013022917452,486.035040803249,488.8014831542969,9380700,11744975,-20.13,471.61,479.56,448.28,273.95,60.44,462.0 - 465.0 (31.2%),488.0 - 496.0 (20.1%),281.4 - 301.5 (26.0%),174.0 - 203.0 (13.2%)
2024-06-10,489.6938468637623,498.41962936646013,489.24766116121003,498.3601379394531,11220900,11768520,-4.65,472.92,479.73,449.67,274.65,64.87,459.8 - 463.6 (32.4%),488.0 - 496.0 (20.3%),294.0 - 313.6 (25.4%),174.0 - 203.0 (13.3%)
2024-06-11,495.94069486064325,503.31793405118157,494.06662422088834,503.18902587890625,9673700,11518765,-16.02,474.87,480.12,451.02,275.38,66.89,459.2 - 463.3 (25.3%),488.0 - 496.0 (18.8%),294.0 - 313.6 (25.3%),174.0 - 203.0 (13.3%)
2024-06-12,509.6540653658649,509.6739160160373,500.2143852257053,504.5475158691406,11983200,11593995,3.36,476.71,480.32,452.33,276.09,67.46,460.1 - 464.4 (25.0%),488.0 - 496.0 (17.5%),292.5 - 312.0 (25.5%),174.0 - 203.0 (13.2%)
2024-06-13,501.4438768343439,505.0630797783249,497.1305669103621,499.84747314453125,9954600,11436700,-12.96,477.83,480.45,453.61,276.78,63.41,487.2 - 491.4 (22.9%),488.0 - 496.0 (17.6%),291.0 - 310.4 (27.2%),174.0 - 203.0 (13.2%)
2024-06-14,498.9045621902086,503.3710310196468,497.01872585359297,500.4033203125,10243300,11118455,-7.87,479.38,480.43,454.86,277.46,63.69,487.2 - 491.4 (23.2%),488.0 - 496.0 (17.9%),285.0 - 304.0 (25.0%),174.0 - 203.0 (13.2%)
2024-06-17,497.931856469991,506.94418419466194,492.3140279060618,502.8548889160156,11266600,11141420,1.12,481.13,480.42,456.13,278.13,64.95,499.8 - 504.0 (24.9%),488.0 - 496.0 (16.7%),285.0 - 304.0 (25.3%),174.0 - 203.0 (13.3%)
2024-06-18,500.8003564878036,502.22962900145706,491.3314336573948,495.76812744140625,13060400,11207185,16.54,482.67,480.26,457.34,278.79,58.61,499.8 - 504.0 (24.4%),488.0 - 496.0 (16.9%),285.0 - 304.0 (25.2%),174.0 - 203.0 (13.3%)
2024-06-20,498.2594529366888,499.91702261178807,493.0684122735399,497.9617004394531,11801200,11210135,5.27,484.54,480.25,458.53,279.48,59.92,499.8 - 504.0 (25.7%),488.0 - 496.0 (17.0%),285.0 - 304.0 (25.3%),174.0 - 203.0 (13.3%)
2024-06-21,499.69861047117706,499.69861047117706,488.7210252534987,491.09320068359375,22359200,11824165,89.1,485.9,480.24,459.67,280.16,54.16,489.6 - 492.8 (23.0%),488.0 - 496.0 (19.2%),285.0 - 304.0 (25.2%),174.0 - 203.0 (13.3%)
2024-06-24,495.4802914334782,504.0161854748307,490.6068739936716,495.19244384765625,13525300,11913035,13.53,487.57,480.33,460.87,280.86,56.83,489.6 - 492.8 (22.7%),488.0 - 496.0 (20.5%),285.0 - 304.0 (24.5%),174.0 - 203.0 (13.3%)
2024-06-25,493.346237261071,506.9044538855146,491.80779914771927,506.7952880859375,12063200,11914980,1.24,489.2,480.75,462.24,281.57,63.33,489.6 - 491.4 (22.0%),488.0 - 496.0 (19.3%),285.0 - 304.0 (24.4%),174.0 - 203.0 (13.3%)
2024-06-26,502.8748088363639,509.9814613898554,500.91948662339075,509.2966003417969,8882300,11850305,-25.05,490.87,481.12,463.64,282.29,64.57,494.0 - 496.0 (16.0%),488.0 - 496.0 (18.3%),282.0 - 300.8 (24.4%),174.0 - 203.0 (13.3%)
2024-06-27,510.41816747452066,518.9838675767692,510.0707996626878,515.6885986328125,10121200,11895055,-14.91,493.14,481.5,465.07,283.04,67.58,502.2 - 504.9 (19.9%),488.0 - 496.0 (18.4%),282.0 - 300.8 (23.9%),174.0 - 203.0 (13.3%)
2024-06-28,513.2965053233427,517.9912405650317,500.08565629554784,500.46282958984375,15855100,12151830,30.47,495.0,481.46,466.34,283.75,55.48,497.5 - 500.0 (19.2%),488.0 - 496.0 (18.0%),282.0 - 300.8 (23.6%),174.0 - 203.0 (13.3%)
2024-07-01,501.1874411086425,502.8052699262197,489.495219499114,500.91943359375,10328200,11822250,-12.64,496.9,481.37,467.55,284.47,55.73,500.0 - 502.5 (21.3%),488.0 - 496.0 (18.0%),279.0 - 297.6 (20.6%),174.0 - 203.0 (13.3%)
2024-07-02,497.0286864794213,506.6961009256739,495.72845013238583,505.70355224609375,7739500,11645255,-33.54,498.52,481.08,468.81,285.17,58.43,500.0 - 502.5 (21.5%),488.0 - 496.0 (16.9%),279.0 - 297.6 (20.6%),174.0 - 203.0 (13.3%)
2024-07-03,502.5968492374037,507.4702666873242,502.24945115588804,506.16009521484375,6005600,11591100,-48.19,500.18,480.94,469.97,285.87,58.69,500.0 - 502.5 (22.3%),488.0 - 496.0 (17.0%),297.6 - 316.2 (20.5%),174.0 - 203.0 (13.3%)
2024-07-05,507.7878251400153,536.839709201403,507.7878251400153,535.8868408203125,21354100,11874280,79.83,502.43,481.32,471.39,286.65,71.24,495.0 - 499.5 (23.4%),491.4 - 500.5 (15.2%),294.0 - 313.6 (26.3%),179.4 - 209.3 (14.7%)
2024-07-08,538.3087317966222,538.7653259809063,522.7257665803514,525.3758544921875,14917500,12086790,23.42,504.22,481.49,472.68,287.39,63.85,495.0 - 499.5 (22.8%),491.4 - 500.5 (15.2%),294.0 - 313.6 (26.6%),179.4 - 209.3 (14.7%)
2024-07-09,529.7728386645047,533.4750257204164,524.2542706278135,526.05078125,8753200,12055415,-27.39,506.08,481.61,474.03,288.14,64.11,499.5 - 504.0 (16.0%),491.4 - 500.5 (15.2%),294.0 - 313.6 (26.5%),179.4 - 209.3 (14.7%)
2024-07-10,526.8347862052636,534.8645300686193,524.4229006670638,530.7057495117188,10983300,12043535,-8.8,507.7,482.0,475.41,288.87,65.91,499.5 - 504.0 (15.0%),491.4 - 500.5 (15.2%),294.0 - 313.6 (26.7%),179.4 - 209.3 (14.7%)
2024-07-11,526.9340986863707,531.470052695549,504.5818866148047,508.879638671875,16458300,12382765,32.91,507.98,482.21,476.54,289.57,52.58,499.5 - 504.0 (14.6%),491.4 - 500.5 (15.1%),294.0 - 313.6 (26.2%),179.4 - 209.3 (14.7%)
2024-07-12,494.0509955659597,504.3040091670601,490.54730025689014,495.1527099609375,19750500,12771130,54.65,507.51,482.21,477.5,290.23,46.24,492.0 - 496.1 (18.8%),491.4 - 500.5 (17.1%),294.0 - 313.6 (25.5%),179.4 - 209.3 (14.7%)
2024-07-15,494.914548086256,502.90455276235514,489.6937323900658,492.46295166015625,12539200,12900360,-2.8,507.14,482.25,478.46,290.88,45.1,498.8 - 503.1 (14.9%),491.4 - 500.5 (17.0%),294.0 - 313.6 (24.5%),179.4 - 209.3 (14.7%)
2024-07-16,497.7631475779309,500.1949038845635,482.1702167801202,486.1404113769531,14075800,13091985,7.51,506.43,482.06,479.33,291.52,42.43,505.0 - 510.0 (22.0%),491.4 - 500.5 (15.9%),294.0 - 313.6 (24.4%),179.4 - 209.3 (14.7%)
2024-07-17,475.5995237576505,475.5995237576505,455.6989062469381,458.5475158691406,28076600,13932485,101.52,504.21,481.75,479.93,292.12,33.21,492.8 - 500.5 (18.1%),491.4 - 500.5 (15.6%),294.0 - 313.6 (23.9%),179.4 - 209.3 (14.7%)
2024-07-18,471.46061834378025,475.66901501255927,461.07856773476595,472.3042907714844,19267200,14242825,35.28,503.04,481.66,480.62,292.74,40.19,492.8 - 500.5 (17.3%),491.4 - 500.5 (14.0%),294.0 - 313.6 (23.4%),179.4 - 209.3 (14.7%)
2024-07-19,472.51270275883394,483.0833397083784,472.1653046770745,473.2372741699219,15149400,14410235,5.13,501.8,481.35,481.31,293.38,40.64,523.6 - 531.3 (16.9%),491.4 - 500.5 (14.2%),294.0 - 313.6 (23.0%),179.4 - 209.3 (14.7%)
2024-07-22,482.9542913433199,488.3934686533029,480.29426832705263,483.7681884765625,12023100,13893430,-13.46,501.44,481.25,482.03,294.05,45.65,523.6 - 531.3 (16.7%),491.4 - 500.5 (14.2%),294.0 - 313.6 (22.7%),179.4 - 209.3 (14.7%)
2024-07-23,486.1900394203856,491.52995613933837,484.0858410754113,485.0486145019531,9455500,13689940,-30.93,500.93,482.04,482.77,294.73,46.24,523.6 - 531.3 (16.6%),482.3 - 491.4 (14.2%),294.0 - 313.6 (22.7%),179.4 - 209.3 (14.7%)
2024-07-24,468.7906308613701,472.750890116461,457.14802477910234,457.8328857421875,17649700,13969265,26.35,498.48,482.35,483.36,295.35,37.0,452.4 - 460.2 (20.7%),455.0 - 464.1 (15.0%),294.0 - 313.6 (22.7%),179.4 - 209.3 (14.7%)
2024-07-25,459.8081045556057,460.0959218597221,439.35166080505405,450.031494140625,18240500,14437175,26.34,495.52,482.7,483.85,295.94,34.85,455.8 - 464.4 (19.2%),455.0 - 464.1 (16.2%),294.0 - 313.6 (22.7%),179.4 - 209.3 (14.7%)
2024-07-26,460.7410660360502,466.2695386431192,455.9966850035007,462.2298889160156,14222400,14642235,-2.87,492.85,483.3,483.79,296.56,40.65,453.6 - 461.7 (19.7%),455.0 - 464.1 (18.3%),294.0 - 313.6 (21.8%),179.4 - 209.3 (14.7%)
2024-07-29,466.37877897303207,470.4283642629491,461.5549766335291,462.2398376464844,11339600,14416460,-21.34,490.93,483.74,483.84,297.2,40.66,453.6 - 461.7 (20.1%),455.0 - 464.1 (19.9%),294.0 - 313.6 (20.8%),179.4 - 209.3 (14.7%)
2024-07-30,463.5201633832549,469.20747736306356,453.29692564312126,459.7385559082031,11390400,14469570,-21.28,488.87,484.1,483.92,297.83,39.81,453.6 - 461.7 (24.8%),462.0 - 470.4 (20.0%),294.0 - 313.6 (20.7%),179.4 - 209.3 (14.8%)
2024-07-31,467.5102621199885,472.94943971838194,463.27209021732375,471.2918701171875,24285800,15296885,58.76,487.15,484.49,483.97,298.48,45.45,454.3 - 460.2 (23.4%),467.4 - 475.6 (20.7%),294.0 - 313.6 (20.8%),179.4 - 209.3 (14.7%)
2024-08-01,517.1178498834821,523.2418581297735,488.4331997771563,494.0311584472656,43083100,17150760,151.2,486.55,485.03,484.21,299.17,54.48,490.5 - 495.0 (20.6%),467.2 - 474.5 (20.0%),294.0 - 313.6 (20.7%),179.4 - 209.3 (14.7%)
2024-08-02,485.35626279901464,497.4157221663531,472.6020072993278,484.502685546875,24044700,17285290,39.1,483.98,485.36,484.39,299.84,50.69,470.8 - 475.2 (21.4%),460.8 - 468.0 (17.8%),294.0 - 313.6 (20.2%),179.4 - 209.3 (14.7%)
2024-08-05,447.9868107516345,479.8774016948956,447.44089085473655,472.1851501464844,21396200,17609225,21.51,481.32,485.42,484.45,300.5,46.22,470.8 - 475.2 (28.2%),468.0 - 475.2 (19.7%),294.0 - 313.6 (19.5%),179.4 - 209.3 (14.7%)
2024-08-06,475.4308003148297,498.81524393632793,475.08340223151134,490.4083557128906,20955000,18219315,15.02,479.54,485.74,484.74,301.19,52.85,470.8 - 475.2 (27.6%),468.0 - 475.2 (19.5%),294.0 - 313.6 (19.4%),179.4 - 209.3 (14.7%)
2024-08-07,499.38099343504456,506.3486738626253,483.2322079563975,485.2768859863281,20105300,18675415,7.66,477.27,485.96,484.88,301.87,50.94,470.8 - 475.2 (28.3%),489.6 - 496.8 (18.5%),294.0 - 313.6 (19.0%),179.4 - 209.3 (14.7%)
2024-08-08,493.79296042361847,506.1601082979019,491.03367634883847,505.83258056640625,16156800,18660340,-13.42,477.11,486.66,485.1,302.57,57.54,481.6 - 487.2 (23.5%),489.6 - 496.8 (18.4%),294.0 - 313.6 (18.6%),179.4 - 209.3 (14.7%)
2024-08-09,503.9268591317476,514.4776862612786,501.9318569721774,513.9119262695312,13696600,18357645,-25.39,478.05,487.42,485.47,303.3,59.83,480.0 - 486.4 (23.6%),489.6 - 496.8 (18.3%),294.0 - 313.6 (18.2%),179.4 - 209.3 (14.7%)
2024-08-12,513.0086613320424,514.1600516475766,505.30650469614585,512.10546875,9767400,18219055,-46.39,479.03,488.0,485.84,304.05,59.06,480.0 - 486.4 (19.4%),489.6 - 496.8 (18.4%),294.0 - 313.6 (17.7%),179.4 - 209.3 (14.7%)
2024-08-13,516.1352753951159,527.5396506235451,514.2891492944043,524.6016845703125,13743800,18202455,-24.49,480.96,488.92,486.35,304.83,62.63,487.5 - 495.0 (22.9%),489.6 - 496.8 (18.3%),294.0 - 313.6 (17.6%),179.4 - 209.3 (14.7%)
2024-08-14,524.1252621265718,530.0210038056015,519.2320043236282,522.8349609375,11444200,17370835,-34.12,484.17,489.84,486.69,305.61,61.81,487.5 - 495.0 (23.4%),489.6 - 496.8 (18.4%),294.0 - 313.6 (17.3%),179.4 - 209.3 (14.7%)
2024-08-15,527.8273532920965,535.7479316410764,522.7753152727854,533.3261108398438,13482100,17081580,-21.07,487.22,490.98,487.13,306.42,64.76,488.4 - 495.8 (23.8%),489.6 - 496.8 (18.4%),294.0 - 313.6 (17.0%),179.4 - 209.3 (14.6%)
2024-08-16,527.9365878122447,529.6834223391122,520.7504855611071,523.4899291992188,14776700,17062945,-13.4,489.73,492.02,487.52,307.2,60.07,488.4 - 495.8 (23.7%),489.6 - 496.8 (18.4%),294.0 - 313.6 (17.0%),179.4 - 209.3 (14.6%)
2024-08-19,522.9441054550521,527.6983917075867,518.8647450188439,525.336181640625,9879700,16955775,-41.73,491.81,493.05,487.87,307.99,60.65,488.4 - 495.8 (23.9%),489.6 - 496.8 (18.4%),292.5 - 312.0 (18.3%),179.4 - 209.3 (14.7%)
2024-08-20,524.4129774397121,527.1326112260084,521.9614117153488,522.8050537109375,7944400,16880220,-52.94,493.7,494.07,488.23,308.79,59.39,489.8 - 496.0 (24.2%),489.6 - 496.8 (18.5%),292.5 - 312.0 (18.2%),179.4 - 209.3 (14.7%)
2024-08-21,523.2219183031314,535.3806363195777,523.0035261512595,531.1721801757812,13423300,16668900,-19.47,497.37,495.02,488.6,309.6,62.19,488.0 - 494.1 (25.2%),489.6 - 496.8 (18.4%),292.5 - 312.0 (18.3%),179.4 - 209.3 (14.7%)
2024-08-22,532.9985366846043,540.1746428486678,524.6512305773567,527.96630859375,15708300,16542290,-5.04,501.26,495.88,488.85,310.41,60.47,481.9 - 488.0 (19.5%),489.6 - 496.8 (18.3%),292.5 - 312.0 (18.2%),179.4 - 209.3 (14.6%)
2024-08-23,532.9192526639989,535.8472835638729,521.1476391436687,524.0657348632812,11323900,16397365,-30.94,504.36,496.78,489.1,311.22,58.35,518.5 - 524.6 (21.3%),489.6 - 496.8 (18.3%),292.5 - 312.0 (18.3%),179.4 - 209.3 (14.6%)
2024-08-26,523.6685724347711,524.0656160730285,511.11287006456706,517.2368774414062,9584000,16309585,-41.24,507.11,497.68,489.36,312.02,54.74,523.2 - 528.0 (32.4%),489.6 - 496.8 (18.1%),289.5 - 308.8 (16.2%),179.4 - 209.3 (14.7%)
2024-08-27,515.1127715918549,520.1053193389978,511.4701357683346,515.2318725585938,6282700,16054200,-60.87,509.88,498.55,489.56,312.8,53.68,523.2 - 528.0 (34.9%),489.6 - 496.8 (18.2%),289.5 - 308.8 (16.1%),179.4 - 209.3 (14.7%)
2024-08-28,513.8126435479745,517.2072035545497,508.63156866482615,512.9293212890625,9106100,15295215,-40.46,511.96,499.21,489.6,313.59,52.44,523.8 - 526.5 (19.8%),489.6 - 496.8 (18.2%),289.5 - 308.8 (16.2%),179.4 - 209.3 (14.7%)
2024-08-29,515.182413963802,523.2717104675047,511.8375295396617,514.3585815429688,8317400,13556930,-38.65,512.98,499.9,489.7,314.38,53.16,522.9 - 525.0 (23.6%),489.6 - 496.8 (18.3%),463.2 - 482.5 (16.2%),179.4 - 209.3 (14.6%)
2024-08-30,517.4652782864964,519.6389625213844,511.3611396841289,517.4255981445312,9157500,12812570,-28.53,514.63,500.34,490.02,315.18,54.76,522.9 - 525.0 (24.3%),489.6 - 496.8 (18.4%),463.2 - 482.5 (16.2%),179.4 - 209.3 (14.7%)
2024-09-03,515.768004663175,521.5743901420311,504.83009895006825,507.94671630859375,12459100,12365715,0.76,516.41,500.65,490.12,315.94,49.18,522.5 - 525.0 (29.8%),489.6 - 496.8 (18.6%),463.2 - 482.5 (16.3%),179.4 - 209.3 (14.7%)
2024-09-04,502.29902994766616,512.7406596216255,500.3139329346916,508.9193115234375,8335200,11734725,-28.97,517.34,500.98,490.27,316.72,49.75,522.5 - 525.0 (22.7%),489.6 - 496.8 (16.9%),463.2 - 482.5 (16.2%),179.4 - 209.3 (14.7%)
2024-09-05,507.90704324658185,517.7432049103388,507.34128319424417,513.0087280273438,8640900,11161505,-22.58,518.73,501.23,490.48,317.5,52.16,522.1 - 524.4 (23.5%),489.6 - 496.8 (16.9%),463.2 - 482.5 (16.3%),179.4 - 209.3 (14.7%)
2024-09-06,517.9912573945675,520.6711506746612,494.53732962004705,496.5422668457031,14744500,11090890,32.94,518.26,501.12,490.62,318.26,43.17,511.0 - 514.5 (18.0%),489.6 - 496.8 (18.5%),463.2 - 482.5 (16.3%),179.4 - 209.3 (14.7%)
2024-09-09,502.38841224885664,507.51987164271463,498.33879692389087,501.02862548828125,11047800,10958450,0.82,517.62,501.06,490.69,319.03,45.91,511.0 - 514.5 (17.8%),489.6 - 496.8 (18.5%),463.2 - 482.5 (16.4%),179.4 - 209.3 (14.7%)
2024-09-10,504.3735094853591,510.3486412627666,496.3040843725479,501.02862548828125,9899000,10965030,-9.72,517.06,501.08,490.76,319.8,45.91,511.0 - 514.5 (17.6%),489.6 - 496.8 (18.5%),482.5 - 501.8 (16.4%),179.4 - 209.3 (14.7%)
2024-09-11,503.2320824996693,509.29653999219613,491.9070991785975,508.0161437988281,10782500,10816965,-0.32,516.23,501.21,490.82,320.6,50.23,511.5 - 514.6 (17.9%),489.6 - 496.8 (18.6%),482.5 - 501.8 (16.5%),179.4 - 209.3 (14.7%)
2024-09-12,513.1972540929083,522.7853077289221,511.38087314788646,521.6835327148438,11970500,10843280,10.4,516.18,501.52,490.97,321.42,57.41,506.8 - 509.6 (22.3%),489.6 - 496.8 (18.5%),482.5 - 501.8 (16.5%),179.4 - 209.3 (14.7%)
2024-09-13,516.4626786004578,523.648719566945,513.2567059652574,520.7107543945312,10321400,10685245,-3.41,515.55,501.94,491.1,322.24,56.78,507.5 - 510.0 (22.5%),489.6 - 496.8 (18.5%),482.5 - 501.8 (16.5%),179.4 - 209.3 (14.7%)
2024-09-16,521.1281982529872,530.6260144570997,514.034685235939,529.8114013671875,9527600,10422790,-8.59,515.86,502.47,491.36,323.07,61.07,511.5 - 514.8 (18.5%),489.6 - 496.8 (18.5%),482.5 - 501.8 (16.6%),179.4 - 209.3 (14.7%)
2024-09-17,534.1031857464366,538.5739157408703,527.1189435314178,532.83154296875,11690800,10513345,11.2,516.24,503.16,491.7,323.9,62.4,507.6 - 511.2 (21.6%),489.6 - 496.8 (17.1%),482.5 - 501.8 (16.6%),179.4 - 209.3 (14.7%)
2024-09-18,533.576646824704,540.6602747416101,530.4272830013175,534.450927734375,10323500,10632300,-2.9,516.82,503.82,492.07,324.74,63.13,505.4 - 509.2 (21.4%),489.6 - 496.8 (16.9%),482.5 - 501.8 (16.6%),179.4 - 209.3 (14.7%)
2024-09-19,546.4225329449033,558.4140310808363,542.965187958843,555.4633178710938,15647000,10743485,45.64,518.03,504.63,492.69,325.63,70.99,507.4 - 513.3 (26.0%),492.8 - 501.6 (15.8%),478.4 - 499.2 (17.6%),156.0 - 187.2 (15.9%)
2024-09-20,556.3574747764472,560.8282044844723,552.6815293333295,557.6986694335938,22066800,11061410,99.49,519.52,505.43,493.28,326.52,71.68,555.1 - 561.2 (22.5%),522.0 - 531.0 (14.7%),459.8 - 480.7 (17.9%),156.5 - 187.8 (15.9%)
2024-09-23,565.795565145389,570.2464046206422,558.7516568897508,560.7386474609375,12830700,11136750,15.21,521.35,506.18,493.84,327.42,72.64,556.8 - 563.2 (19.4%),506.0 - 515.2 (14.2%),487.6 - 508.8 (18.0%),157.5 - 189.0 (15.9%)
2024-09-24,562.9940795607797,564.0571271297919,550.5853292138299,559.6658935546875,12993000,11307200,14.91,523.47,507.17,494.32,328.3,71.72,556.8 - 563.2 (26.5%),524.4 - 533.6 (13.9%),487.6 - 508.8 (17.9%),157.5 - 189.0 (15.9%)
2024-09-25,560.3810423744214,573.127604746704,560.0531719288753,564.6133422851562,16543400,11820235,39.96,525.94,508.23,494.8,329.21,73.39,557.6 - 564.4 (25.3%),522.5 - 532.0 (16.1%),473.0 - 494.5 (16.6%),159.0 - 190.8 (15.6%)
2024-09-26,571.985117409489,573.6442984744751,558.692143405245,564.146484375,14400800,12084970,19.16,528.5,509.21,495.14,330.19,72.95,557.6 - 564.4 (32.0%),522.5 - 532.0 (16.0%),473.0 - 494.5 (16.7%),159.0 - 190.8 (15.6%)
2024-09-27,566.3917847848174,567.1270224226568,560.8381786570521,563.6696166992188,9398400,12139020,-22.58,530.97,510.17,495.55,331.16,72.47,556.8 - 563.2 (25.3%),522.5 - 532.0 (16.2%),473.0 - 494.5 (16.8%),159.0 - 190.8 (15.6%)
2024-09-30,564.0075149395427,570.9420954465985,561.1263531853258,568.7166748046875,12792300,12320760,3.83,533.53,510.71,496.02,332.15,74.38,557.6 - 564.4 (37.5%),504.9 - 514.8 (14.4%),479.6 - 501.4 (18.9%),160.0 - 192.0 (15.0%)
2024-10-01,574.2204636657805,579.2475480673664,566.3917149021512,572.7202758789062,15259300,12460770,22.46,536.77,511.5,496.5,333.15,75.81,559.0 - 565.5 (33.7%),520.2 - 530.4 (15.7%),464.1 - 486.2 (18.5%),161.5 - 193.8 (15.4%)
2024-10-02,571.120821172756,572.2534206208919,565.6367671257508,569.0841674804688,6524700,12370245,-47.25,539.78,512.22,496.92,334.14,71.88,556.4 - 561.6 (24.9%),520.2 - 530.4 (15.7%),464.1 - 486.2 (18.5%),161.5 - 193.8 (15.4%)
2024-10-03,566.4415219442282,579.5655595796753,565.0307145792067,578.9794311523438,11581000,12517250,-7.48,543.08,513.02,497.51,335.17,75.59,556.8 - 562.6 (25.0%),524.3 - 535.0 (14.7%),474.6 - 497.2 (18.4%),163.5 - 196.2 (15.3%)
2024-10-04,579.9330588287207,592.9677138142647,577.6480315032886,592.0636596679688,14169500,12488500,13.46,547.86,514.41,498.31,336.21,79.45,558.0 - 564.2 (25.4%),483.8 - 495.6 (18.3%),472.0 - 495.6 (19.8%),168.0 - 201.6 (15.6%)
2024-10-07,594.3287770165352,599.0280513970777,580.241019807101,580.9762573242188,12014200,12536820,-4.17,551.85,515.84,499.02,337.22,69.43,560.5 - 566.4 (26.8%),483.8 - 495.6 (18.4%),472.0 - 495.6 (19.9%),168.0 - 201.6 (15.7%)
2024-10-08,585.8543108605434,589.6991332469273,582.1584764027994,589.0335083007812,7857400,12434740,-36.81,556.25,517.45,499.85,338.25,72.18,556.8 - 562.6 (24.6%),483.8 - 495.6 (18.4%),472.0 - 495.6 (19.9%),168.0 - 201.6 (15.7%)
2024-10-09,590.1263511004084,590.5237735346293,577.8268726105156,586.6690063476562,9529700,12372100,-22.97,560.19,519.13,500.59,339.26,70.19,562.4 - 566.1 (20.8%),483.8 - 495.6 (18.4%),472.0 - 495.6 (19.9%),168.0 - 201.6 (15.7%)
2024-10-10,583.7481340170177,586.3908052566998,578.7309940775933,580.032470703125,7740400,12160595,-36.35,563.1,521.15,501.45,340.24,64.78,557.6 - 561.0 (25.8%),483.8 - 495.6 (18.6%),472.0 - 495.6 (20.0%),168.0 - 201.6 (15.7%)
2024-10-11,581.0259183834463,587.3644237405637,578.9197130349903,586.1126098632812,8587100,12073880,-28.88,566.37,523.05,502.35,341.23,67.27,563.2 - 566.4 (23.4%),483.8 - 495.6 (16.6%),472.0 - 495.6 (20.1%),168.0 - 201.6 (15.7%)
2024-10-14,590.3547991476689,596.1965568682529,586.1225597394588,586.5795288085938,8252000,12010100,-31.29,569.21,524.94,503.14,342.22,67.46,563.2 - 566.4 (24.1%),483.8 - 495.6 (15.2%),472.0 - 495.6 (20.2%),168.0 - 201.6 (15.7%)
2024-10-15,586.3213167068384,586.7684018392896,576.3665323667985,582.4566650390625,9564200,11903770,-19.65,571.69,526.58,503.92,343.19,63.93,562.8 - 565.6 (24.6%),483.8 - 495.6 (13.6%),472.0 - 495.6 (20.2%),168.0 - 201.6 (15.7%)
2024-10-16,577.6183910772132,578.2939608378525,570.2963330395876,573.038330078125,11268400,11951015,-5.71,573.62,528.05,505.05,344.15,56.64,571.2 - 574.0 (16.7%),483.8 - 495.6 (13.9%),472.0 - 495.6 (20.2%),168.0 - 201.6 (15.7%)
2024-10-17,579.535763803756,581.165050386019,571.458640303418,573.1773681640625,8701200,11603725,-25.01,574.51,529.97,506.16,345.11,56.72,571.2 - 574.0 (23.0%),483.8 - 495.6 (14.1%),472.0 - 495.6 (20.2%),168.0 - 201.6 (15.7%)
2024-10-18,577.3201645263075,580.1714915317401,571.5082405723564,572.7202758789062,7694300,10885100,-29.31,575.26,532.01,507.36,346.07,56.36,572.7 - 575.0 (28.3%),483.8 - 495.6 (14.2%),472.0 - 495.6 (20.3%),168.0 - 201.6 (15.7%)
2024-10-21,572.2832200812247,573.4853107818262,565.4081878247276,571.4188232421875,8171900,10652160,-23.28,575.79,533.83,508.56,347.04,55.28,572.7 - 575.0 (29.2%),483.8 - 495.6 (14.3%),472.0 - 495.6 (20.5%),168.0 - 201.6 (15.8%)
2024-10-22,570.554608143125,579.7345590965069,568.3987395116817,578.2244262695312,8544500,10429735,-18.08,576.72,535.77,509.75,348.01,59.63,572.7 - 575.0 (19.7%),519.2 - 531.0 (14.2%),472.0 - 495.6 (20.4%),168.0 - 201.6 (15.8%)
2024-10-23,576.1975114570174,581.1948225417647,558.8411755209275,560.0234375,14248400,10314985,38.13,576.49,537.44,510.77,348.95,46.58,585.6 - 588.8 (17.8%),554.6 - 566.4 (14.4%),472.0 - 495.6 (20.4%),168.0 - 201.6 (15.8%)
2024-10-24,563.441056755549,565.1796737231452,557.8675620582958,564.0868530273438,7184700,9954180,-27.82,576.49,538.99,511.74,349.89,49.25,585.6 - 588.8 (18.4%),517.0 - 528.0 (15.6%),472.0 - 495.6 (20.5%),168.0 - 201.6 (15.8%)
2024-10-25,570.196870939945,577.5089833424685,568.001224032485,569.5213012695312,11337900,10051155,12.8,576.78,540.24,512.64,350.86,52.66,571.3 - 574.2 (25.5%),517.0 - 528.0 (15.6%),472.0 - 495.6 (20.7%),168.0 - 201.6 (15.8%)
2024-10-28,578.2143411299127,579.9529581350283,570.3855922786825,574.3992919921875,10925100,9957795,9.71,577.07,541.74,513.55,351.83,55.55,571.3 - 574.2 (25.7%),517.0 - 528.0 (15.6%),474.6 - 497.2 (19.7%),168.0 - 201.6 (15.9%)
2024-10-29,576.3764201586791,589.808437655434,571.6573166845064,589.4210205078125,13019100,9845785,32.23,577.9,543.7,514.56,352.81,63.02,571.3 - 574.2 (24.8%),555.5 - 565.6 (13.6%),474.6 - 497.2 (19.6%),168.0 - 201.6 (15.9%)
2024-10-30,597.070965919608,597.2895664833175,585.546441221901,587.95068359375,26864900,10862795,147.31,578.84,545.32,515.53,353.79,61.92,585.8 - 588.7 (27.0%),520.0 - 530.0 (14.4%),474.6 - 497.2 (19.6%),168.0 - 201.6 (15.9%)
2024-10-31,581.1948579404038,586.0630100655928,559.3479019568509,563.88818359375,26838400,11625665,130.85,578.09,546.63,516.3,354.71,47.38,585.8 - 588.7 (24.1%),560.0 - 570.0 (16.7%),459.9 - 481.8 (19.8%),168.0 - 201.6 (15.9%)
2024-11-01,563.9180324207553,569.9386134322048,558.9008916842407,563.470947265625,15303200,11682350,30.99,576.66,547.59,517.12,355.63,47.17,562.6 - 565.5 (26.2%),560.0 - 570.0 (18.8%),459.9 - 481.8 (19.8%),168.0 - 201.6 (15.9%)
2024-11-04,560.4308188774821,564.9909901602553,554.2612502832178,557.0330810546875,12064600,11684870,3.25,575.46,548.31,517.87,356.55,43.98,563.2 - 566.4 (25.7%),560.7 - 569.6 (17.2%),473.0 - 494.5 (18.1%),168.0 - 201.6 (15.9%)
2024-11-05,563.6100278854066,569.749823265765,562.9841208217535,568.7066650390625,9775400,11780770,-17.02,574.45,549.25,518.63,357.5,50.52,563.2 - 566.4 (25.7%),560.7 - 569.6 (18.7%),473.0 - 494.5 (18.1%),168.0 - 201.6 (15.9%)
2024-11-06,559.0896653730549,569.2729955730972,551.5589515244849,568.3291625976562,18305400,12219555,49.8,573.53,549.98,519.45,358.45,50.31,563.2 - 566.4 (24.8%),568.0 - 576.0 (15.9%),470.8 - 492.2 (18.1%),168.0 - 201.6 (15.9%)
2024-11-07,573.1375924498267,590.9310688981116,571.4685274060897,587.8512573242188,14653700,12565220,16.62,573.92,551.07,520.45,359.43,59.45,563.2 - 566.4 (24.1%),568.0 - 576.0 (15.9%),470.8 - 492.2 (18.1%),168.0 - 201.6 (15.9%)
2024-11-08,587.6922331143957,589.2420834760235,580.7179368061435,585.506591796875,9415700,12606650,-25.31,573.89,551.94,521.46,360.42,58.07,563.2 - 566.4 (23.9%),568.0 - 576.0 (16.0%),470.8 - 492.2 (18.1%),168.0 - 201.6 (15.9%)
2024-11-11,582.5459618099937,583.1818134340144,572.7600561464711,579.376708984375,10209100,12704505,-19.64,573.53,552.87,522.45,361.38,54.51,563.2 - 566.4 (23.6%),568.0 - 576.0 (16.0%),470.8 - 492.2 (18.2%),168.0 - 201.6 (16.0%)
2024-11-12,584.7118264421407,595.759491677715,576.6049297500081,581.0160522460938,16287700,13040680,24.9,573.46,553.8,523.42,362.34,55.3,563.2 - 566.4 (22.8%),568.0 - 576.0 (15.9%),470.8 - 492.2 (18.1%),168.0 - 201.6 (16.0%)
2024-11-13,578.820364505682,581.8306847991486,571.4287559968451,576.2273559570312,10757600,13015140,-17.35,573.62,554.69,524.38,363.3,52.43,563.2 - 566.4 (23.2%),568.0 - 576.0 (15.9%),470.8 - 492.2 (18.2%),168.0 - 201.6 (16.0%)
2024-11-14,573.2469511766315,576.9825042694199,569.2829135040491,573.4058837890625,11053700,13132765,-15.83,573.63,555.39,525.2,364.24,50.76,563.2 - 566.4 (19.4%),568.0 - 576.0 (17.4%),470.8 - 492.2 (18.2%),168.0 - 201.6 (16.0%)
2024-11-15,567.5044802644791,568.8457355956763,547.9127777703728,550.4760131835938,17712900,13633695,29.92,572.52,555.77,525.82,365.16,39.69,585.0 - 588.9 (22.8%),568.0 - 576.0 (17.4%),470.8 - 492.2 (18.2%),168.0 - 201.6 (16.0%)
2024-11-18,553.4166660972182,556.2581090791501,546.5119214490906,550.7938842773438,14327300,13941465,2.77,571.49,556.21,526.49,366.06,39.89,585.0 - 588.9 (22.5%),568.0 - 576.0 (17.3%),470.8 - 492.2 (18.3%),168.0 - 201.6 (16.0%)
2024-11-19,548.2704247761557,557.7781842079576,547.0186107150561,557.4404296875,9522400,13990360,-31.94,570.45,556.88,527.28,366.98,43.98,584.6 - 588.3 (22.8%),568.0 - 576.0 (17.2%),470.8 - 492.2 (18.2%),168.0 - 201.6 (16.0%)
2024-11-20,559.2684336557853,562.6661714032467,550.5952370485202,561.8416137695312,9797300,13767805,-28.84,570.54,557.66,528.11,367.9,46.58,562.4 - 566.1 (20.5%),568.0 - 576.0 (17.3%),470.8 - 492.2 (18.3%),168.0 - 201.6 (16.0%)
2024-11-21,565.8155982322771,566.2924566863295,545.4787130366308,559.4274291992188,11154700,13966305,-20.13,570.3,558.43,528.82,368.83,45.34,547.6 - 551.3 (16.8%),568.0 - 576.0 (17.4%),470.8 - 492.2 (18.3%),168.0 - 201.6 (16.0%)
2024-11-22,559.8843399428432,560.1625477707939,550.9826596588064,555.5030517578125,9164000,13857610,-33.87,569.6,559.12,529.51,369.74,43.32,547.6 - 551.3 (17.4%),568.0 - 576.0 (17.5%),470.8 - 492.2 (18.3%),168.0 - 201.6 (16.0%)
2024-11-25,558.443833778889,568.8656532094762,552.771012901533,561.4342651367188,13599800,13991345,-2.8,568.96,559.85,530.1,370.67,47.15,558.7 - 562.4 (18.6%),560.0 - 568.0 (18.5%),470.8 - 492.2 (18.2%),168.0 - 201.6 (16.0%)
2024-11-26,562.3184529672033,573.7436512165369,561.5236686948803,569.8093872070312,10356600,13858220,-25.27,567.97,560.88,530.77,371.61,52.07,558.7 - 562.4 (18.5%),568.0 - 576.0 (18.6%),470.8 - 492.2 (18.2%),168.0 - 201.6 (16.0%)
2024-11-27,571.1506111385543,571.2399917712731,560.4307564746592,565.4976196289062,7200200,12874985,-44.08,566.85,561.83,531.41,372.54,49.51,558.7 - 562.4 (19.7%),560.0 - 568.0 (19.4%),470.8 - 492.2 (18.2%),168.0 - 201.6 (16.0%)
2024-11-29,565.2990076473546,574.6974980400871,563.2126911011084,570.5844116210938,7130500,11889590,-40.03,567.19,562.79,532.01,373.47,52.48,548.7 - 551.8 (20.2%),568.0 - 576.0 (19.9%),470.8 - 492.2 (18.3%),168.0 - 201.6 (16.0%)
2024-12-02,573.743575958102,590.6329972417171,571.8261371713043,588.973876953125,12522400,11750550,6.57,568.46,564.33,532.72,374.44,61.33,558.6 - 562.4 (21.5%),568.0 - 576.0 (19.6%),470.8 - 492.2 (18.5%),168.0 - 201.6 (16.1%)
2024-12-03,591.1297938679786,610.2049186716846,587.4041859234326,609.6585083007812,14907200,11892680,25.35,571.09,566.14,533.6,375.45,68.44,548.7 - 554.6 (20.1%),554.6 - 564.0 (25.4%),476.7 - 499.4 (21.4%),174.0 - 208.8 (16.5%)
2024-12-04,608.9731070633638,613.7617633069656,601.1641852769511,609.7877807617188,14697000,12138760,21.07,573.15,567.95,534.51,376.45,68.48,548.7 - 554.6 (19.6%),554.6 - 564.0 (25.2%),476.7 - 499.4 (21.4%),174.0 - 208.8 (16.5%)
2024-12-05,613.0661894209172,615.8678538672092,603.1014009485657,604.9691772460938,8081200,11627550,-30.5,574.98,569.56,535.39,377.44,65.24,548.7 - 554.6 (20.0%),554.6 - 564.0 (25.2%),476.7 - 499.4 (21.4%),174.0 - 208.8 (16.5%)
2024-12-06,606.1315206757421,625.6934475721603,604.571786255732,619.712646484375,16935500,11741640,44.23,576.57,571.2,536.36,378.46,69.93,558.9 - 565.8 (26.2%),554.4 - 564.3 (28.0%),458.0 - 480.9 (20.9%),177.0 - 212.4 (17.6%)
2024-12-09,619.8618188149901,622.325729379575,602.2272701784057,609.5791625976562,11426000,11842155,-3.51,577.78,572.68,537.31,379.45,63.58,556.8 - 563.2 (28.2%),554.4 - 564.3 (28.0%),458.0 - 480.9 (21.0%),177.0 - 212.4 (17.7%)
2024-12-10,613.543003373563,621.5208003673116,608.7543483737657,615.2915649414062,10938900,11878645,-7.91,579.57,574.1,538.29,380.45,65.48,608.0 - 614.4 (26.0%),558.0 - 567.3 (22.1%),458.0 - 480.9 (20.9%),177.0 - 212.4 (17.7%)
2024-12-11,619.3153772780561,634.2476459746662,617.4873792430025,628.5648193359375,10837200,11606120,-6.63,581.95,575.7,539.43,381.48,69.47,605.9 - 613.2 (25.8%),558.0 - 567.0 (22.1%),460.0 - 483.0 (21.2%),180.0 - 216.0 (17.9%)
2024-12-12,627.392354257623,632.518763915665,623.1302807591452,626.6869506835938,7474700,11441975,-34.67,584.47,577.24,540.53,382.51,68.27,605.9 - 613.2 (26.4%),558.0 - 567.0 (22.3%),460.0 - 483.0 (21.3%),180.0 - 216.0 (17.9%)
2024-12-13,623.1402509971973,626.9751899127812,612.877485604871,616.31494140625,8453300,11311955,-25.27,586.62,578.25,541.44,383.52,61.9,603.0 - 609.7 (22.3%),557.6 - 565.8 (25.2%),460.0 - 483.0 (21.3%),180.0 - 216.0 (17.9%)
2024-12-16,626.3871249494445,627.5504959861296,615.0521770037514,620.6798706054688,10885600,10970590,-0.77,590.13,579.3,542.37,384.53,63.45,604.8 - 611.1 (32.3%),568.0 - 576.0 (19.4%),464.1 - 486.2 (20.6%),180.0 - 216.0 (18.0%)
2024-12-17,622.5988864607522,628.7635395126289,613.023802249935,615.9072875976562,12897800,10899115,18.34,593.38,580.22,543.2,385.52,60.55,604.8 - 611.1 (31.8%),561.6 - 569.4 (20.0%),464.1 - 486.2 (20.6%),180.0 - 216.0 (18.0%)
2024-12-18,617.4583869094773,623.7821007515766,592.9191462226406,593.7841796875,17075500,11276770,51.42,595.2,580.79,543.98,386.46,49.32,614.8 - 620.6 (30.0%),559.0 - 565.5 (22.1%),464.1 - 486.2 (20.6%),180.0 - 216.0 (18.0%)
2024-12-19,606.9088253882965,608.0323856033268,591.606583397376,592.17333984375,14958100,11534810,29.68,596.72,581.25,544.74,387.4,48.62,614.8 - 620.6 (27.5%),559.0 - 565.5 (22.1%),464.1 - 486.2 (20.6%),180.0 - 216.0 (18.0%)
2024-12-20,587.2118506480338,599.6703586208927,576.6921729829667,581.9122314453125,48989400,13426545,264.87,597.84,581.54,545.38,388.32,44.27,578.1 - 582.8 (22.2%),559.0 - 565.5 (21.3%),464.1 - 486.2 (20.4%),180.0 - 216.0 (17.9%)
2024-12-23,586.2374121284414,597.6619341779531,582.9065418782488,596.428955078125,10205800,13478635,-24.28,599.89,582.09,546.13,389.26,50.95,578.1 - 582.8 (22.4%),559.0 - 565.5 (19.8%),464.1 - 486.2 (20.5%),180.0 - 216.0 (18.0%)
2024-12-24,599.2825325250086,604.5224960315429,595.8622098247831,604.2838745117188,4726100,13034950,-63.74,602.03,582.68,546.7,390.21,54.16,578.1 - 582.8 (23.5%),559.0 - 565.5 (18.4%),464.1 - 486.2 (20.5%),180.0 - 216.0 (18.0%)
2024-12-26,602.0269150360548,602.8422458407565,595.5242346449422,599.9090576171875,6081400,12821190,-52.57,603.54,583.14,547.32,391.15,52.12,578.1 - 582.8 (25.5%),578.5 - 585.0 (15.2%),464.1 - 486.2 (20.5%),180.0 - 216.0 (17.9%)
2024-12-27,595.9914781565597,598.4175650201639,586.4362995119768,596.3892211914062,8084200,12865390,-37.16,605.08,583.59,547.91,392.09,50.47,578.1 - 582.8 (26.8%),578.5 - 585.0 (15.2%),464.1 - 486.2 (20.5%),180.0 - 216.0 (18.0%)
2024-12-30,585.3922526209689,593.5355460021086,582.2403486947754,587.8680419921875,7025900,12860160,-45.37,605.94,583.74,548.38,393.0,46.62,578.1 - 582.8 (27.4%),585.0 - 591.5 (15.5%),464.1 - 486.2 (20.6%),180.0 - 216.0 (18.0%)
2024-12-31,588.8922329910956,590.5824891387454,580.5202095603594,582.1707763671875,6019500,12535015,-51.98,605.6,583.58,548.99,393.82,44.19,578.1 - 582.8 (31.7%),578.5 - 585.0 (16.3%),464.1 - 486.2 (20.6%),180.0 - 216.0 (18.0%)
2025-01-02,586.3567230754558,601.4600950104973,584.467595428158,595.8224487304688,12682300,12423770,2.08,604.91,583.82,549.83,394.68,50.8,581.1 - 585.0 (32.7%),585.0 - 591.5 (15.8%),464.1 - 486.2 (20.6%),180.0 - 216.0 (18.0%)
2025-01-03,601.310965103985,606.0239224033938,593.0085500993464,601.1817016601562,11436800,12260760,-6.72,604.48,584.03,550.74,395.55,53.15,581.1 - 585.0 (32.2%),585.0 - 591.5 (15.8%),459.9 - 481.8 (20.7%),180.0 - 216.0 (18.0%)
2025-01-06,608.3406081985297,627.3913075598525,602.1660034255553,626.6058349609375,14560800,12584740,15.7,605.56,584.69,551.91,396.46,62.32,580.5 - 585.0 (31.5%),585.0 - 591.5 (15.8%),464.2 - 485.3 (19.4%),180.0 - 216.0 (18.0%)
2025-01-07,628.0973881957177,628.4950705588813,604.761207491555,614.3661499023438,12071500,12341540,-2.19,605.3,585.26,553.21,397.36,56.58,580.5 - 585.0 (31.6%),585.0 - 591.5 (14.6%),464.2 - 485.3 (19.4%),180.0 - 216.0 (18.0%)
2025-01-08,609.9017687218794,612.9244095793259,599.3522320412079,607.2369995117188,10085800,12274530,-17.83,605.18,585.61,554.33,398.26,53.48,580.5 - 585.0 (33.0%),559.0 - 565.5 (14.0%),464.2 - 485.3 (19.4%),180.0 - 216.0 (18.0%)
2025-01-10,606.5510096456386,626.3175775740942,593.9333786707956,612.3477172851562,19256600,12690415,51.74,605.03,586.04,555.49,399.17,55.37,611.6 - 616.0 (25.6%),559.0 - 565.5 (14.0%),489.6 - 510.0 (19.4%),180.0 - 216.0 (18.0%)
2025-01-13,603.637691182537,605.4970217383852,595.0370584485016,604.8607177734375,10785000,12687805,-15.0,603.85,586.42,556.5,400.06,52.04,611.6 - 616.0 (25.5%),559.0 - 565.5 (13.9%),489.6 - 510.0 (19.5%),180.0 - 216.0 (18.1%)
2025-01-14,601.6192621841594,602.0368499103394,585.1934571676286,590.8609619140625,13598000,12993970,4.65,602.06,586.71,557.38,400.92,46.43,611.6 - 616.0 (23.8%),559.0 - 565.5 (13.9%),489.6 - 510.0 (19.5%),180.0 - 216.0 (18.1%)
2025-01-15,606.7298993735042,618.9100357195088,603.0410362328,613.6004638671875,15524300,13347520,16.31,601.92,587.39,558.68,401.84,54.93,611.6 - 616.0 (31.8%),559.0 - 565.5 (13.8%),489.6 - 510.0 (19.4%),180.0 - 216.0 (18.1%)
2025-01-16,608.0125311778029,612.7354412728062,606.2327616419763,607.8136596679688,8355300,13221005,-36.8,601.28,587.97,559.99,402.75,52.64,611.6 - 616.0 (31.3%),559.0 - 565.5 (13.8%),487.2 - 507.5 (19.2%),180.0 - 216.0 (18.0%)
2025-01-17,620.4910292003885,621.4057654457789,600.2272515348076,609.275390625,17280600,13440145,28.57,600.94,588.6,561.22,403.66,53.17,611.6 - 616.0 (29.5%),559.0 - 565.5 (13.6%),453.1 - 472.8 (17.4%),180.0 - 216.0 (18.0%)
2025-01-21,614.3065179402437,617.9555708513625,605.5368113256808,612.9443359375,11674000,13170070,-11.36,601.9,589.18,562.48,404.58,54.55,612.0 - 615.6 (37.2%),559.0 - 565.5 (13.7%),482.5 - 501.8 (19.1%),180.0 - 216.0 (18.1%)
2025-01-22,619.7451592720179,630.0858698658818,615.8972356601856,619.9440307617188,12274000,13035865,-5.84,603.29,590.18,563.81,405.52,57.14,612.0 - 615.6 (34.5%),585.0 - 591.5 (12.7%),456.0 - 475.0 (17.1%),180.0 - 216.0 (18.1%)
2025-01-23,623.7820662654243,632.9693595822604,617.6075215774163,632.8202514648438,9910200,11081905,-10.57,605.84,591.33,565.16,406.48,61.49,609.0 - 613.2 (28.9%),607.2 - 614.1 (16.0%),456.0 - 475.0 (17.2%),181.5 - 217.8 (18.3%)
2025-01-24,632.7705234115529,648.2815295995391,630.5830582601542,643.7972412109375,19065300,11524880,65.43,608.2,592.57,566.4,407.47,64.77,609.5 - 614.8 (33.6%),608.4 - 616.2 (18.1%),475.2 - 495.0 (18.0%),185.0 - 222.0 (18.2%)
2025-01-27,623.0363611550106,660.0838730741682,621.5349631376207,656.1166381835938,28399200,12708535,123.47,610.8,593.93,567.83,408.49,68.06,611.0 - 617.5 (31.1%),607.2 - 616.0 (20.0%),476.1 - 496.8 (20.5%),151.6 - 189.5 (18.6%)
2025-01-28,662.2018029505741,678.6872642266189,655.709014401459,670.4843139648438,20950100,13451970,55.74,614.33,595.28,569.49,409.52,71.41,608.0 - 616.0 (32.3%),580.0 - 590.0 (17.7%),479.6 - 501.4 (21.2%),155.2 - 194.0 (19.8%)
2025-01-29,671.1504043086316,677.1658883876141,661.8735972833647,672.6318969726562,21377800,14116650,51.44,618.14,596.69,571.01,410.57,71.89,606.8 - 615.0 (34.6%),612.0 - 622.2 (16.4%),462.0 - 484.0 (21.0%),156.0 - 195.0 (19.8%)
2025-01-30,692.8459730540745,706.7362716155509,672.2441097313682,683.0819702148438,29322900,15231500,92.51,622.9,598.68,572.65,411.63,74.14,607.2 - 616.4 (30.3%),610.5 - 621.6 (16.4%),478.8 - 501.6 (22.3%),158.8 - 198.5 (19.9%)
2025-01-31,687.0591393102349,701.2775724581132,681.6700672504257,685.24951171875,19303900,15895720,21.44,628.05,600.71,574.15,412.68,74.59,676.8 - 686.2 (20.4%),604.8 - 616.0 (22.1%),474.6 - 497.2 (20.6%),159.2 - 199.0 (19.9%)
2025-02-03,672.0552133808774,699.9850409352784,671.3990041073107,693.4823608398438,21415700,16332390,31.12,632.94,602.98,575.65,413.74,76.3,607.7 - 618.0 (21.3%),606.9 - 618.8 (20.6%),471.5 - 492.0 (18.2%),161.6 - 202.0 (20.4%)
2025-02-04,698.493525085138,703.6738334316884,687.6656180103822,700.1738891601562,13826300,16451865,-15.96,637.88,605.17,577.21,414.82,77.61,607.2 - 616.4 (21.2%),600.0 - 612.5 (16.0%),483.0 - 504.0 (20.3%),163.2 - 204.0 (20.5%)
2025-02-05,699.537557457663,714.0443756323507,695.023471471929,700.8500366210938,17778200,16612735,7.02,641.6,607.38,578.68,415.9,77.75,678.9 - 688.2 (19.4%),600.0 - 612.5 (16.0%),485.3 - 506.4 (20.0%),163.6 - 204.5 (20.8%)
2025-02-06,701.8542433261019,714.8000073270438,699.487812042337,707.9293823242188,13080700,16663195,-21.5,646.28,609.38,580.22,417.0,79.16,693.0 - 702.9 (20.7%),602.6 - 615.7 (20.8%),475.2 - 496.8 (21.2%),165.2 - 206.5 (21.7%)
2025-02-07,712.7119725933773,720.8751716095816,707.6907856196146,710.4450073242188,16427100,16980260,-3.26,651.44,611.46,581.7,418.11,79.65,676.2 - 686.0 (19.1%),611.8 - 625.1 (15.9%),479.6 - 501.4 (21.8%),166.0 - 207.5 (21.8%)
2025-02-10,714.4618902748606,717.0868483333172,707.273143990759,713.3085327148438,12904300,16662645,-22.56,656.48,613.7,583.28,419.22,80.22,680.0 - 690.0 (18.2%),612.0 - 625.6 (15.9%),486.2 - 508.3 (21.5%),166.8 - 208.5 (22.0%)
2025-02-11,709.2518608628535,719.5328566627956,705.990537952229,715.6948852539062,12998000,16773295,-22.51,662.03,615.94,584.87,420.31,80.71,681.6 - 691.2 (18.1%),607.2 - 621.0 (25.3%),488.4 - 510.6 (21.7%),167.2 - 209.0 (21.8%)
2025-02-12,711.2205129173935,722.9532034161431,708.5358993293338,721.2430419921875,12016500,16694220,-28.02,668.54,618.36,586.52,421.4,81.83,677.6 - 686.4 (18.1%),610.6 - 624.8 (15.9%),476.7 - 499.4 (22.9%),168.8 - 211.0 (21.2%)
2025-02-13,717.4050188372031,724.8423391939851,713.9448248396948,724.4048461914062,12569100,16546460,-24.04,674.08,620.87,588.13,422.49,82.46,680.4 - 688.5 (17.9%),609.0 - 623.5 (23.0%),480.9 - 503.8 (22.0%),169.6 - 212.0 (21.3%)
2025-02-14,721.9987138789817,736.6844367741571,721.4816601081104,732.4686279296875,16901200,16973755,-0.43,680.32,623.91,589.84,423.61,83.98,706.8 - 714.4 (15.8%),604.0 - 619.1 (23.2%),470.0 - 493.5 (21.0%),172.0 - 215.0 (21.9%)
2025-02-18,731.8024756909897,732.7967725329612,702.4110634697961,712.284423828125,21938700,17206660,27.5,685.47,626.6,591.4,424.69,68.1,708.0 - 714.0 (21.2%),602.7 - 617.4 (23.3%),470.0 - 493.5 (20.5%),172.0 - 215.0 (21.4%)
2025-02-19,700.0844219380573,702.9679072184475,691.4241347921043,699.75634765625,17535500,17499735,0.2,689.81,628.97,592.93,425.73,60.45,681.1 - 686.0 (20.4%),602.7 - 617.4 (23.1%),470.0 - 493.5 (20.4%),172.0 - 215.0 (21.4%)
2025-02-20,693.3033450715664,701.6056995945174,689.6840899289574,690.8772583007812,12587400,17515405,-28.14,693.36,631.12,594.39,426.76,55.68,709.7 - 714.4 (23.2%),602.7 - 617.4 (23.0%),470.0 - 493.5 (20.4%),172.0 - 215.0 (21.4%)
2025-02-21,692.6072664368277,699.8556680992771,678.468334699965,679.6515502929688,15660400,17802915,-12.03,695.7,633.12,595.78,427.75,50.28,710.2 - 715.5 (23.6%),600.6 - 614.9 (20.3%),470.0 - 493.5 (20.4%),172.0 - 215.0 (21.4%)
2025-02-24,682.3661554395793,683.3504997324554,658.6720415917437,664.3196411132812,15677000,17633500,-11.1,696.72,634.94,597.03,428.71,44.0,707.2 - 714.0 (30.4%),611.6 - 625.5 (15.6%),470.0 - 493.5 (19.4%),172.0 - 215.0 (20.8%)
2025-02-25,662.1718483496754,664.1903000980276,638.1993657059429,653.7501831054688,20579700,17242525,19.35,696.6,636.48,598.16,429.65,40.27,711.0 - 718.9 (21.9%),611.6 - 625.5 (15.4%),470.0 - 493.5 (19.3%),172.0 - 215.0 (20.6%)
2025-02-26,655.8879894912211,679.1147510461686,654.2473752935454,669.8578491210938,14488700,16919455,-14.37,696.57,638.14,599.51,430.63,47.57,711.0 - 718.9 (22.2%),607.5 - 621.0 (23.1%),470.0 - 493.5 (18.9%),172.0 - 215.0 (20.5%)
2025-02-27,678.5579109809865,684.7225637116007,653.8198000036269,654.4859619140625,12500000,16475565,-24.13,695.67,639.63,600.73,431.57,42.26,711.0 - 718.9 (22.3%),607.5 - 621.0 (22.7%),470.0 - 493.5 (18.6%),172.0 - 215.0 (20.5%)
2025-02-28,654.2871303913403,665.811058519774,638.9351833547679,664.3892211914062,17534200,15886130,10.37,694.73,641.19,601.99,432.53,46.41,711.0 - 718.9 (22.2%),600.0 - 612.5 (14.9%),470.0 - 493.5 (18.2%),172.0 - 215.0 (20.4%)
2025-03-03,669.8379033612619,677.3647378963709,647.1281969958483,651.3141479492188,10843800,15463125,-29.87,693.03,642.23,603.28,433.45,42.11,664.2 - 672.3 (22.3%),600.0 - 612.5 (14.9%),470.0 - 493.5 (17.8%),172.0 - 215.0 (20.0%)
2025-03-04,641.8285608669278,646.0443697452546,620.0932465782156,636.3499755859375,21495200,15467100,38.97,690.18,642.67,604.41,434.33,37.79,662.4 - 672.0 (21.5%),600.0 - 612.5 (13.1%),470.0 - 493.5 (17.7%),172.0 - 215.0 (19.8%)
2025-03-05,637.3443298953736,655.7388230358797,634.0233514585074,652.72607421875,13770000,15464285,-10.96,687.81,643.39,605.67,435.25,44.5,662.4 - 672.0 (21.3%),612.5 - 625.0 (12.6%),470.0 - 493.5 (17.7%),172.0 - 215.0 (19.8%)
2025-03-06,644.3043610495913,646.849758566996,620.5505946552596,624.3488159179688,13446500,15247700,-11.81,683.98,643.71,606.64,436.11,37.05,648.0 - 658.8 (25.6%),612.5 - 625.0 (14.1%),470.0 - 493.5 (17.3%),172.0 - 215.0 (19.8%)
2025-03-07,621.8034726097,631.1697327935797,597.1846706615338,622.091796875,21375700,15662450,36.48,679.69,643.75,607.48,436.96,36.52,648.0 - 657.0 (25.1%),612.5 - 625.0 (14.5%),493.5 - 517.0 (17.2%),172.0 - 215.0 (19.6%)
2025-03-10,604.6021195261419,606.6304633422532,583.5230132390974,594.57958984375,21999900,15941090,38.01,673.9,643.5,608.09,437.76,30.8,649.0 - 660.8 (22.9%),612.5 - 625.0 (14.3%),470.0 - 493.5 (17.0%),172.0 - 215.0 (19.1%)
2025-03-11,591.6563759772822,611.4230037979147,589.9462143877115,602.255615234375,17401500,16165950,7.64,668.34,643.29,608.7,438.57,33.91,651.0 - 661.5 (23.4%),612.5 - 625.0 (13.0%),470.0 - 493.5 (16.9%),172.0 - 215.0 (18.9%)
2025-03-12,626.3076063631013,629.7180372558605,605.8747576675322,616.0265502929688,15747000,16303400,-3.41,663.36,643.08,609.39,439.42,39.19,662.4 - 672.0 (19.5%),612.5 - 625.0 (14.7%),470.0 - 493.5 (16.3%),172.0 - 215.0 (18.9%)
2025-03-13,616.7125984520483,616.9611726553743,583.165033681088,587.271484375,16480300,16526590,-0.28,656.66,642.42,609.83,440.18,33.22,662.4 - 671.6 (19.2%),612.5 - 625.0 (14.5%),470.0 - 493.5 (16.3%),172.0 - 215.0 (18.9%)
2025-03-14,599.8953822688998,605.926179590697,591.914068126194,604.6722412109375,12364500,16516360,-25.14,650.67,642.23,610.24,440.99,39.25,647.4 - 655.7 (23.5%),612.5 - 625.0 (13.6%),470.0 - 493.5 (16.0%),172.0 - 215.0 (18.7%)
2025-03-17,604.5330139333223,610.145791783639,595.1185744835724,601.9853515625,15473900,16444995,-5.91,644.15,641.91,610.61,441.79,38.67,647.4 - 655.7 (23.5%),600.0 - 612.5 (13.6%),493.5 - 517.0 (15.8%),172.0 - 215.0 (18.3%)
2025-03-18,597.1585946307207,597.3576430615008,571.8909239806788,579.5538330078125,20297700,16362945,24.05,637.51,641.31,610.76,442.55,34.13,594.0 - 603.0 (22.4%),584.2 - 596.9 (13.0%),493.5 - 517.0 (15.7%),172.0 - 215.0 (18.0%)
2025-03-19,581.4646990631072,589.4659367740201,572.0005129037568,581.2457275390625,20537500,16513045,24.37,631.59,641.1,610.94,443.31,34.75,578.0 - 586.5 (16.3%),596.9 - 609.6 (12.1%),493.5 - 517.0 (15.7%),172.0 - 215.0 (18.0%)
2025-03-20,579.9519523821848,607.2597338403973,576.7176126648797,583.1763305664062,24336500,17100500,42.31,626.2,640.95,611.1,444.09,35.5,578.0 - 586.5 (24.8%),571.5 - 584.2 (12.6%),493.5 - 517.0 (15.7%),172.0 - 215.0 (17.9%)
2025-03-21,580.6087578221687,594.6607153580624,578.1506887401925,593.376953125,25015900,17568275,42.39,621.89,641.14,611.34,444.89,39.45,576.7 - 584.0 (24.1%),584.2 - 596.9 (12.4%),493.5 - 517.0 (15.3%),172.0 - 215.0 (17.8%)
2025-03-24,612.006672291682,619.5402027280085,609.2500611361127,615.8679809570312,15741300,17571490,-10.42,619.47,641.46,611.78,445.73,47.15,576.7 - 584.0 (23.7%),609.6 - 622.3 (13.2%),493.5 - 517.0 (14.8%),172.0 - 215.0 (17.5%)
2025-03-25,623.7398969958502,630.8255836251969,618.1867678385581,623.2920532226562,15312500,17308130,-11.53,617.94,641.78,612.23,446.6,49.43,576.7 - 584.0 (24.2%),609.6 - 622.3 (13.1%),493.5 - 517.0 (14.7%),172.0 - 215.0 (17.6%)
2025-03-26,621.8789578468637,623.729980786782,603.6870115810134,608.0359497070312,12609800,17214185,-26.75,614.85,641.92,612.53,447.43,45.12,621.0 - 625.5 (18.7%),609.6 - 622.3 (12.9%),493.5 - 517.0 (14.5%),172.0 - 215.0 (17.5%)
2025-03-27,599.099230390641,611.2902031020785,597.2083613471389,599.6764526367188,10436500,17111010,-39.01,612.11,641.97,612.78,448.19,42.91,580.8 - 585.2 (16.9%),596.9 - 609.6 (13.1%),493.5 - 517.0 (14.5%),172.0 - 215.0 (17.5%)
2025-03-28,597.4173714732933,598.8504351853067,571.1545185330965,573.9609375,17602800,17114440,2.85,607.59,641.74,612.74,448.89,36.92,592.9 - 597.8 (18.0%),607.2 - 620.4 (15.5%),493.5 - 517.0 (14.4%),172.0 - 215.0 (17.5%)
2025-03-31,560.7848045267424,575.9115762646734,550.6339405485874,573.5828247070312,21124700,17628485,19.83,603.7,641.6,612.59,449.58,36.84,600.0 - 605.0 (17.4%),607.2 - 620.4 (15.3%),493.5 - 517.0 (14.4%),172.0 - 215.0 (17.6%)
2025-04-01,568.0894064880564,587.0674633156228,567.2534273427501,583.1763305664062,12836600,17195555,-25.35,601.05,641.39,612.6,450.31,40.43,580.0 - 585.0 (22.6%),607.2 - 620.4 (15.2%),493.5 - 517.0 (14.4%),172.0 - 215.0 (17.6%)
2025-04-02,572.1397162401767,589.804186222697,570.597197206815,581.1162719726562,13470800,17180595,-21.59,597.46,641.05,612.54,451.03,39.9,580.0 - 585.0 (28.1%),607.2 - 620.4 (15.0%),564.0 - 587.5 (14.4%),172.0 - 215.0 (17.6%)
2025-04-03,543.5879742637874,549.8974512876792,527.7447028262635,529.058349609375,34777500,18247145,90.59,592.7,639.43,612.06,451.65,29.49,573.4 - 582.8 (34.2%),578.0 - 595.0 (16.4%),564.0 - 587.5 (14.3%),172.0 - 215.0 (17.6%)
2025-04-04,504.17882025902844,515.5039899950378,491.8186836840174,502.2979431152344,38589800,19107850,101.96,586.71,637.56,611.41,452.21,25.77,580.8 - 592.9 (23.9%),595.2 - 614.4 (16.4%),493.5 - 517.0 (14.9%),172.0 - 215.0 (17.6%)
2025-04-07,482.7624960602015,536.7709789044776,479.5779034791825,513.7623901367188,36606100,19838160,84.52,582.67,636.0,610.81,452.8,29.85,580.8 - 592.9 (22.3%),595.2 - 614.4 (16.1%),493.5 - 517.0 (15.2%),172.0 - 215.0 (17.6%)
2025-04-08,540.6323266100003,544.7921778120626,500.4369329768723,507.9903869628906,28034200,20369795,37.63,577.96,634.26,610.15,453.38,28.99,580.8 - 592.9 (21.8%),576.0 - 595.2 (15.4%),493.5 - 517.0 (15.8%),172.0 - 215.0 (17.6%)
2025-04-09,506.8159855035096,585.0571672577425,499.6904835291074,582.9473876953125,39216600,21543275,82.04,576.3,633.9,610.16,454.11,49.46,580.8 - 592.9 (26.0%),576.0 - 595.2 (18.5%),493.5 - 517.0 (15.4%),172.0 - 215.0 (17.5%)
2025-04-10,572.7169643692248,578.4989661784922,532.7206193644059,543.6576538085938,28173500,22127935,27.32,574.12,633.11,609.91,454.76,42.54,496.1 - 508.2 (19.1%),576.0 - 595.2 (18.1%),564.0 - 587.5 (15.0%),172.0 - 215.0 (17.5%)
2025-04-11,532.9297054758875,544.7624292142713,526.0430658483261,540.9508666992188,17642300,22391825,-21.21,570.94,631.9,609.64,455.4,42.1,496.1 - 508.2 (19.5%),576.0 - 595.2 (18.1%),564.0 - 587.5 (15.0%),129.0 - 172.0 (17.4%)
2025-04-14,553.4900382546571,555.082364985388,525.7344743683024,528.9190063476562,14130900,22324675,-36.7,567.28,630.58,609.28,456.01,40.13,496.1 - 508.2 (19.6%),576.0 - 595.2 (18.0%),564.0 - 587.5 (15.0%),129.0 - 172.0 (17.5%)
2025-04-15,529.5460182448087,535.3479434505276,515.0064309742874,519.007080078125,15558700,22087725,-29.56,564.25,629.08,608.84,456.6,38.52,572.4 - 583.0 (26.8%),576.0 - 595.2 (16.8%),564.0 - 587.5 (15.0%),129.0 - 172.0 (17.5%)
2025-04-16,506.0596935930071,510.8962605251149,493.2417525509483,499.8895568847656,18735100,21997605,-14.83,560.19,627.19,608.19,457.14,35.57,500.0 - 510.0 (19.2%),582.0 - 601.4 (13.0%),564.0 - 587.5 (14.9%),129.0 - 172.0 (17.4%)
2025-04-17,502.8154524689705,504.8555623941114,495.61034813335806,499.0636291503906,14593500,21510455,-32.16,555.98,625.18,607.68,457.67,35.45,495.6 - 504.0 (20.5%),565.5 - 585.0 (14.6%),564.0 - 587.5 (14.9%),129.0 - 172.0 (17.4%)
2025-04-21,488.9624892710341,491.12204638412413,477.48804834845106,482.32464599609375,16166000,21067960,-23.27,550.43,622.67,607.0,458.17,32.9,494.9 - 505.0 (21.9%),582.4 - 603.2 (15.8%),564.0 - 587.5 (15.1%),129.0 - 172.0 (17.5%)
2025-04-22,489.4999049556232,504.43758854395816,484.0164453354945,497.869384765625,17399400,21150865,-17.74,544.53,620.24,606.4,458.69,37.4,494.9 - 505.0 (26.8%),582.4 - 603.2 (15.7%),564.0 - 587.5 (15.0%),129.0 - 172.0 (17.6%)
2025-04-23,525.9833318500454,532.7605157510718,514.0311917597672,517.7631225585938,18173900,21293935,-14.65,539.25,617.93,605.93,459.26,42.7,494.9 - 505.0 (26.4%),582.4 - 603.2 (15.6%),564.0 - 587.5 (15.0%),129.0 - 172.0 (17.5%)
2025-04-24,516.2305527386591,531.327501952741,515.0064987584616,530.5811157226562,13910000,21358945,-34.88,535.38,615.6,605.44,459.86,45.88,494.9 - 505.0 (28.2%),582.4 - 603.2 (15.5%),564.0 - 587.5 (15.0%),129.0 - 172.0 (17.5%)
2025-04-25,544.1652287179842,547.2104816596852,533.6660761055184,544.6329956054688,17098900,21692065,-21.17,532.63,613.47,605.08,460.47,49.21,505.0 - 515.1 (21.9%),582.4 - 603.2 (15.6%),564.0 - 587.5 (15.1%),129.0 - 172.0 (17.5%)
2025-04-28,552.96272125071,555.7989645268449,537.9852502525936,547.0911254882812,15179000,21570875,-29.63,531.28,611.2,604.94,461.07,49.79,535.3 - 545.4 (23.0%),582.4 - 603.2 (15.8%),564.0 - 587.5 (15.5%),129.0 - 172.0 (17.7%)
2025-04-29,543.3691584438259,553.8882353385252,541.4982121598623,551.7684936523438,11835000,21106390,-43.93,530.19,608.98,604.84,461.68,50.94,535.3 - 545.4 (24.4%),582.4 - 603.2 (15.9%),564.0 - 587.5 (15.5%),129.0 - 172.0 (17.8%)
2025-04-30,535.8057152188378,546.454108106064,526.9485760464694,546.3546142578125,29244000,21926760,33.37,528.35,606.53,604.75,462.27,49.53,538.2 - 545.1 (25.4%),582.4 - 603.2 (15.8%),564.0 - 587.5 (15.4%),129.0 - 172.0 (17.7%)
2025-05-01,589.2270079320605,590.0928108725743,567.7509767640606,569.4527587890625,31159000,22811170,36.6,527.77,604.35,604.76,462.89,55.24,539.4 - 548.1 (31.6%),582.4 - 603.2 (15.7%),570.0 - 592.8 (15.6%),129.0 - 172.0 (17.7%)
2025-05-02,580.648651110168,601.4280468079027,575.5433648810915,594.143310546875,24739300,22309260,10.89,531.02,602.57,604.97,463.57,60.4,537.6 - 548.8 (23.9%),582.4 - 603.2 (17.8%),567.5 - 590.2 (17.2%),129.0 - 172.0 (17.7%)
2025-05-05,588.3711864956578,600.3034638901578,585.2164780987113,596.3824462890625,13887700,21074155,-34.1,535.73,600.71,605.04,464.25,60.84,535.8 - 547.2 (23.9%),582.4 - 603.2 (19.1%),564.2 - 585.9 (14.5%),129.0 - 172.0 (17.8%)
2025-05-06,589.6749820717295,593.1581176685871,583.7536394088585,584.4801025390625,10600700,19773885,-46.39,539.26,598.61,605.04,464.91,57.2,535.8 - 547.2 (24.3%),582.4 - 603.2 (20.1%),564.2 - 585.9 (14.8%),129.0 - 172.0 (17.9%)
2025-05-07,587.5153927262982,600.1741342190112,583.8431702056055,593.934326171875,13139100,19029130,-30.95,543.56,596.62,605.16,465.6,59.28,535.8 - 547.2 (24.9%),582.4 - 603.2 (21.3%),564.2 - 585.9 (14.8%),129.0 - 172.0 (17.9%)
2025-05-08,603.3686118483918,608.3544812296859,593.7452230797331,595.1285400390625,14622800,17799440,-17.85,544.17,594.61,605.28,466.29,59.55,592.8 - 604.2 (26.9%),582.4 - 603.2 (22.5%),564.2 - 585.9 (14.8%),129.0 - 172.0 (17.8%)
2025-05-09,600.8109394870412,604.0452793268493,588.8588608245773,589.6350708007812,10427300,16912130,-38.34,546.47,592.42,605.39,466.98,57.67,592.8 - 604.2 (25.8%),582.4 - 603.2 (23.5%),564.2 - 585.9 (14.8%),129.0 - 172.0 (17.9%)
2025-05-12,627.8798127435248,637.3042118996283,618.0375151607053,636.3488159179688,21965100,17128270,28.24,551.24,590.95,605.91,467.74,67.17,538.2 - 552.0 (27.9%),582.4 - 603.2 (23.4%),564.2 - 585.9 (14.8%),129.0 - 172.0 (18.0%)
2025-05-13,642.4293923602365,657.735287467703,639.7324895847986,652.868896484375,18570800,17350265,7.03,557.44,589.62,606.76,468.54,69.76,540.0 - 553.5 (27.7%),582.4 - 603.2 (23.3%),564.2 - 585.9 (14.7%),129.0 - 172.0 (18.0%)
2025-05-14,658.0239223471476,659.4768483323002,651.1571463178209,656.1828002929688,12348200,17189740,-28.17,564.29,588.69,607.64,469.35,70.26,541.8 - 554.4 (28.4%),582.4 - 603.2 (23.2%),564.2 - 585.9 (14.7%),129.0 - 172.0 (17.9%)
2025-05-15,651.1274396850997,654.1428083166323,635.5030765781057,640.7775268554688,14341800,16970075,-15.49,571.34,587.7,608.34,470.1,64.83,593.6 - 604.8 (25.6%),582.4 - 603.2 (23.2%),564.2 - 585.9 (14.7%),129.0 - 172.0 (17.9%)
2025-05-16,634.8859798905997,637.3540104501689,623.1328893923761,637.2545166015625,18519000,17166350,7.88,578.25,586.81,608.97,470.85,63.62,594.0 - 605.0 (20.4%),576.0 - 595.2 (22.9%),564.2 - 585.9 (14.7%),129.0 - 172.0 (17.9%)
2025-05-19,625.222752281206,639.9016788170561,624.7749084759689,637.3440551757812,9592400,16837670,-43.03,586.0,586.11,609.62,471.59,63.64,594.0 - 605.0 (20.9%),576.0 - 595.2 (22.7%),564.2 - 585.9 (14.7%),129.0 - 172.0 (18.0%)
2025-05-20,632.9454374753022,636.2693098905639,629.2135066030082,634.0301513671875,6743500,16304875,-58.64,592.81,585.6,610.27,472.33,62.37,627.0 - 638.0 (22.7%),579.2 - 597.3 (24.2%),564.2 - 585.9 (14.7%),129.0 - 172.0 (18.0%)
2025-05-21,628.7457208451116,643.4943184994929,627.133531615865,632.4378662109375,11464600,15969410,-28.21,598.54,585.25,610.86,473.06,61.73,591.6 - 600.3 (28.6%),591.6 - 609.0 (15.7%),564.2 - 585.9 (14.7%),129.0 - 172.0 (18.0%)
2025-05-22,630.9948087661452,640.1504905814367,627.670936619393,633.502685546875,8228400,15685330,-47.54,603.69,584.64,611.39,473.78,62.01,633.6 - 640.8 (34.0%),590.4 - 606.8 (14.7%),564.2 - 585.9 (14.7%),129.0 - 172.0 (18.0%)
2025-05-23,620.993199465317,629.4024945229537,619.6497288590488,624.0384521484375,8454100,15253090,-44.57,607.66,584.13,611.88,474.51,57.96,633.6 - 640.8 (36.9%),592.8 - 608.4 (15.9%),564.2 - 585.9 (14.7%),129.0 - 172.0 (18.0%)
2025-05-27,632.3481771649191,639.981262122007,629.7010214066802,639.2249145507812,9508400,14969560,-36.48,612.26,583.71,612.45,475.25,62.23,636.5 - 643.2 (29.2%),592.8 - 608.4 (16.3%),564.2 - 585.9 (14.8%),129.0 - 172.0 (18.2%)
2025-05-28,639.5035627304547,647.7436941279635,639.4538158071571,640.4788818359375,9042900,14829955,-39.02,616.7,583.53,612.88,475.99,62.56,636.5 - 643.2 (35.1%),592.8 - 608.0 (15.2%),564.2 - 585.9 (14.7%),129.0 - 172.0 (18.1%)
2025-05-29,648.5100063761854,650.1719423650428,636.4185276452218,641.9417724609375,8858800,13810695,-35.86,621.48,583.63,613.15,476.75,62.98,636.5 - 643.2 (41.6%),592.8 - 608.0 (15.3%),564.2 - 585.9 (14.7%),129.0 - 172.0 (18.1%)
2025-05-30,639.4041102133804,646.280787614279,629.7309752425916,644.3700561523438,16241000,13064795,24.31,625.23,583.49,613.44,477.5,63.7,636.8 - 640.0 (21.6%),580.0 - 594.5 (19.0%),564.2 - 585.9 (14.7%),129.0 - 172.0 (18.1%)
2025-06-02,641.2849672699225,670.0158498921635,641.155588826551,667.667236328125,15766300,12616145,24.97,628.9,584.21,613.96,478.3,69.78,638.0 - 642.4 (24.9%),569.8 - 585.2 (16.2%),564.2 - 585.9 (14.8%),129.0 - 172.0 (18.2%)
2025-06-03,668.2145898171319,672.3246940222688,661.8255419819219,663.63671875,11585000,12501010,-7.33,632.26,584.9,614.33,479.07,67.67,638.0 - 642.4 (26.0%),569.8 - 585.2 (16.3%),564.2 - 585.9 (14.7%),129.0 - 172.0 (18.2%)
2025-06-04,666.0948954485151,685.6800602730475,665.3485093161423,684.6351318359375,14031900,12672570,10.73,637.27,586.4,614.95,479.9,72.36,634.4 - 640.5 (28.7%),591.5 - 608.4 (16.5%),564.2 - 585.9 (14.7%),129.0 - 172.0 (18.2%)
2025-06-05,688.3271613596083,691.0340864353897,678.9625308264896,681.3211059570312,13083100,12669770,3.26,641.64,587.72,615.5,480.72,70.62,634.4 - 640.5 (29.0%),591.5 - 608.4 (16.5%),564.2 - 585.9 (14.7%),129.0 - 172.0 (18.2%)
2025-06-06,692.8155260624352,699.4235461647802,688.5362575246072,694.34814453125,11728000,12525030,-6.36,646.6,589.02,616.05,481.56,73.34,637.0 - 644.0 (24.0%),566.4 - 584.1 (18.4%),564.2 - 585.9 (14.7%),129.0 - 172.0 (18.2%)
2025-06-09,695.0943984768918,701.7919496301777,690.5961592672882,690.715576171875,12773200,12642325,1.04,651.66,590.75,616.58,482.38,71.36,637.0 - 644.0 (17.4%),566.4 - 584.1 (18.5%),564.2 - 585.9 (14.7%),129.0 - 172.0 (18.3%)
2025-06-10,697.9704528283436,699.8413987256182,688.2276487579279,699.0154418945312,10850100,12086575,-10.23,654.79,592.32,617.27,483.2,73.14,637.5 - 645.0 (27.0%),579.2 - 597.3 (24.1%),564.2 - 585.9 (14.7%),129.0 - 172.0 (18.3%)
2025-06-11,700.3191202753486,705.4542295396628,688.6555627583701,690.7952270507812,9582500,11637160,-17.66,656.69,593.8,617.86,483.99,68.58,637.5 - 645.0 (27.3%),579.2 - 597.3 (24.2%),564.2 - 585.9 (14.7%),129.0 - 172.0 (18.3%)
2025-06-12,689.9593345072929,692.0293290729078,683.6897030900501,690.01904296875,7322700,11385885,-35.69,658.38,595.64,618.48,484.79,68.15,637.5 - 645.0 (27.5%),579.2 - 597.3 (22.9%),564.2 - 585.9 (14.7%),129.0 - 172.0 (18.3%)
2025-06-13,684.6350674102907,691.2231635261282,677.7285059523489,679.5795288085938,9274400,11132515,-16.69,660.32,597.28,619.19,485.57,62.45,690.0 - 696.0 (25.9%),579.2 - 597.3 (23.0%),564.2 - 585.9 (14.7%),129.0 - 172.0 (18.1%)
2025-06-16,696.4957433738915,704.2840574478909,690.6993236168908,699.2744140625,13720300,10892580,25.96,663.42,599.22,620.08,486.38,67.9,690.0 - 696.0 (23.9%),579.2 - 597.3 (23.0%),564.2 - 585.9 (14.7%),129.0 - 172.0 (17.7%)
2025-06-17,699.1549233609281,703.108804504359,693.238994654824,694.4042358398438,10066100,10916265,-7.79,666.27,600.9,621.02,487.17,65.37,690.3 - 696.2 (25.4%),579.2 - 597.3 (21.3%),564.2 - 585.9 (14.7%),129.0 - 172.0 (17.5%)
2025-06-18,695.3504012919498,698.746615248436,692.083726120881,692.9501953125,10068300,11082505,-9.15,669.22,602.18,621.82,487.99,64.6,689.7 - 695.4 (35.2%),579.2 - 597.3 (19.5%),564.2 - 585.9 (14.7%),129.0 - 172.0 (17.5%)
2025-06-20,697.9099861113372,698.9756568880543,675.9194553649784,679.5845336914062,22538600,11636205,93.69,671.58,603.12,622.45,488.8,57.83,691.2 - 694.8 (18.5%),579.2 - 597.3 (15.2%),564.2 - 585.9 (14.7%),129.0 - 172.0 (17.5%)
2025-06-23,680.9191522618789,696.2168868594199,675.9991705997772,695.6990356445312,11080100,11778790,-5.93,674.68,604.58,623.25,489.65,62.88,691.2 - 694.8 (19.0%),579.2 - 597.3 (15.2%),564.2 - 585.9 (14.8%),129.0 - 172.0 (16.8%)
2025-06-24,702.0332271284436,710.2995766217482,699.2644647708578,709.3135986328125,13823200,12047245,14.74,678.95,606.41,624.19,490.52,66.53,690.0 - 693.0 (23.4%),567.0 - 585.9 (14.6%),564.2 - 585.9 (14.7%),129.0 - 172.0 (16.4%)
2025-06-25,710.429070970547,713.6758686004573,702.5212476934295,705.807861328125,9320400,12037845,-22.57,682.28,608.61,625.17,491.37,64.76,690.0 - 693.0 (24.1%),567.0 - 585.9 (14.6%),564.2 - 585.9 (14.7%),129.0 - 172.0 (16.4%)
2025-06-26,711.4648967683559,725.2687117209913,708.1683136455351,723.1473999023438,13964800,12283940,13.68,686.41,611.1,626.35,492.24,69.13,695.2 - 699.6 (21.5%),582.9 - 603.0 (13.9%),564.2 - 585.9 (14.7%),129.0 - 172.0 (16.4%)
2025-06-27,723.5755683841301,732.4494310569042,722.9182092007885,730.65673828125,18775700,12779785,46.92,690.85,613.56,627.47,493.09,70.81,688.5 - 693.6 (23.0%),496.8 - 517.5 (15.3%),564.2 - 585.9 (14.7%),129.0 - 172.0 (16.2%)
2025-06-30,741.5324738401788,744.8689334249254,731.2742298621163,735.0986938476562,15402100,12737840,20.92,695.38,616.13,628.59,493.96,71.8,694.4 - 700.0 (26.0%),527.5 - 548.6 (17.0%),569.4 - 591.3 (16.8%),86.2 - 129.3 (16.1%)
2025-07-01,733.893576308325,734.7600455077777,712.4707423479545,716.3051147460938,13431200,12621085,6.42,697.82,619.25,629.34,494.79,62.26,694.4 - 700.0 (19.5%),527.5 - 548.6 (17.0%),569.4 - 591.3 (16.8%),86.2 - 129.3 (16.2%)
2025-07-02,712.4309775067843,717.3808062594098,709.9112017361177,710.6781005859375,9336700,12508670,-25.36,700.17,622.72,630.14,495.62,59.7,694.4 - 700.0 (19.6%),527.5 - 548.6 (17.1%),569.4 - 591.3 (16.8%),86.2 - 129.3 (16.2%)
2025-07-03,723.6651827300041,726.0754187289656,711.524583891452,716.0960083007812,8601700,12237160,-29.71,701.74,626.09,631.05,496.47,61.35,694.4 - 700.0 (19.4%),633.0 - 654.1 (14.6%),569.4 - 591.3 (16.8%),86.2 - 129.3 (16.1%)
2025-07-07,714.691699254539,724.053627417977,710.6183091744663,715.4386596679688,9457100,12055860,-21.56,703.45,629.55,631.91,497.31,61.02,705.6 - 711.2 (19.6%),633.0 - 654.1 (15.7%),569.4 - 591.3 (16.9%),86.2 - 129.3 (16.2%)
2025-07-08,718.6456443931926,719.9801796297307,711.9130314453001,717.749267578125,7770700,11857995,-34.47,704.62,631.8,632.85,498.16,61.79,705.6 - 711.2 (19.9%),633.0 - 654.1 (16.0%),569.4 - 591.3 (16.8%),86.2 - 129.3 (16.2%)
2025-07-09,719.7909541909909,734.540991050286,719.7909541909909,729.8102416992188,11418000,11790235,-3.16,706.57,634.9,634.0,499.03,65.6,705.6 - 711.2 (19.7%),633.0 - 654.1 (16.6%),569.4 - 591.3 (16.8%),86.2 - 129.3 (16.2%)
2025-07-10,728.5851937618205,732.8179695463292,716.6836120454662,724.2926635742188,9913600,11743410,-15.58,707.84,637.95,634.93,499.91,62.53,705.6 - 711.2 (18.6%),633.0 - 654.1 (16.9%),569.4 - 591.3 (16.8%),86.2 - 129.3 (16.2%)
2025-07-11,719.5718788034793,722.2210717075307,706.8237663261808,714.6021118164062,10873900,11807980,-7.91,709.03,641.05,635.82,500.77,57.44,713.7 - 717.6 (26.0%),633.0 - 654.1 (17.1%),569.4 - 591.3 (16.8%),86.2 - 129.3 (16.2%)
2025-07-14,714.6917387747982,725.0496147289015,713.6460062957294,717.998291015625,8939400,11888815,-24.81,710.42,644.37,636.72,501.64,58.71,727.9 - 730.8 (18.8%),633.0 - 654.1 (17.2%),569.4 - 591.3 (17.0%),86.2 - 129.3 (16.3%)
2025-07-15,720.9661812972705,721.5338176914017,706.9432281110463,707.5109252929688,11529500,12001570,-3.93,711.82,647.83,637.51,502.48,53.42,727.9 - 730.8 (19.0%),633.0 - 654.1 (17.3%),569.4 - 591.3 (16.9%),86.2 - 129.3 (16.3%)
2025-07-16,710.4787858939072,711.076329845546,696.435955940308,700.0611572265625,13067600,11968935,9.18,711.86,651.18,638.18,503.32,49.97,714.0 - 717.5 (26.1%),633.0 - 654.1 (17.4%),569.4 - 591.3 (16.9%),86.2 - 129.3 (16.3%)
2025-07-17,701.5352245721698,703.0391144882735,694.2847001730921,698.5672607421875,11803300,12055795,-2.09,712.07,654.78,638.73,504.17,49.29,714.1 - 717.8 (31.3%),633.0 - 654.1 (17.4%),569.4 - 591.3 (16.9%),86.2 - 129.3 (16.3%)
2025-07-18,699.3441029750284,701.8539091420688,688.846842328649,701.4256591796875,12779800,12191370,4.83,712.49,658.17,639.21,505.04,50.68,714.1 - 717.8 (32.5%),696.3 - 717.4 (18.0%),569.4 - 591.3 (17.0%),86.2 - 129.3 (16.3%)
2025-07-21,703.935467146971,714.094140720639,702.8997039450122,710.0804443359375,9404400,11534660,-18.47,714.02,661.38,639.66,505.94,54.74,716.1 - 719.2 (20.3%),693.0 - 712.8 (18.1%),569.4 - 591.3 (17.1%),86.2 - 129.3 (16.3%)
2025-07-22,713.2873743640687,713.6956859389659,698.567246668549,701.9534912109375,8921100,11426710,-21.93,714.33,664.23,639.92,506.8,50.53,713.0 - 716.1 (20.1%),687.8 - 705.9 (18.9%),569.4 - 591.3 (17.1%),86.2 - 129.3 (16.4%)
2025-07-23,703.5071874060967,711.7337206370244,702.0730210705864,710.68798828125,8771600,11174130,-21.5,714.4,667.0,640.24,507.69,54.58,713.0 - 716.1 (20.2%),629.0 - 646.0 (16.8%),569.4 - 591.3 (17.1%),86.2 - 129.3 (16.4%)
2025-07-24,714.1439574655813,720.687338137739,711.1063305361163,711.903076171875,10920800,11254150,-2.96,714.7,669.75,640.48,508.56,55.13,709.9 - 713.0 (20.0%),699.6 - 715.5 (16.1%),569.4 - 591.3 (17.1%),86.2 - 129.3 (16.3%)
2025-07-25,714.0144322760385,717.7293565775856,709.0148187890661,709.7916259765625,8271700,10969495,-24.59,714.04,672.38,640.68,509.45,53.91,709.9 - 713.0 (18.9%),706.5 - 722.2 (16.6%),569.4 - 591.3 (17.1%),86.2 - 129.3 (16.4%)
2025-07-28,712.3014741673994,721.8027888995285,709.7916676847334,714.7216186523438,8715700,10466495,-16.73,713.24,675.19,640.86,510.35,56.34,709.9 - 713.0 (19.0%),706.5 - 722.2 (17.9%),572.4 - 593.6 (16.8%),86.2 - 129.3 (16.5%)
2025-07-29,717.0819684709821,721.5338231804328,697.0733629096566,697.1630249023438,13267000,10359740,28.06,711.34,677.32,640.83,511.2,46.86,709.5 - 712.8 (23.6%),706.5 - 722.2 (17.8%),572.4 - 593.6 (16.8%),86.2 - 129.3 (16.5%)
2025-07-30,705.220260506502,705.6285721008213,688.3986981647392,692.3924560546875,27077300,11042045,145.22,710.15,678.95,640.76,512.03,44.66,707.2 - 710.4 (16.8%),690.0 - 703.8 (23.6%),572.4 - 593.6 (16.7%),86.2 - 129.3 (16.5%)
2025-07-31,772.0582967543337,781.5695805434973,762.4075657653623,770.305419921875,38831100,12516765,210.23,713.13,681.85,641.28,513.03,69.68,694.2 - 702.0 (29.5%),697.5 - 713.0 (19.3%),575.0 - 598.0 (17.5%),91.0 - 136.5 (18.5%)
2025-08-01,757.6469231660217,762.8955845641383,742.2894337714881,746.9703979492188,19028700,13038115,45.95,714.67,684.56,641.59,513.97,60.81,694.2 - 702.0 (28.3%),697.5 - 713.0 (19.5%),572.5 - 595.4 (19.1%),91.0 - 136.5 (18.6%)
2025-08-04,756.9198601954741,773.7015459386386,755.336277425542,773.2235107421875,15801700,13355345,18.32,717.56,687.55,642.08,514.97,66.05,696.6 - 704.7 (27.4%),690.8 - 706.5 (20.9%),580.0 - 603.2 (17.8%),91.4 - 137.1 (18.6%)
2025-08-05,773.3032507518016,779.956171055707,759.9077481452855,760.3659057617188,11640300,13548825,-14.09,719.69,690.3,642.46,515.94,61.7,696.6 - 704.7 (27.4%),688.5 - 703.8 (23.4%),580.0 - 603.2 (17.7%),91.4 - 137.1 (18.6%)
2025-08-06,766.8792810155117,770.504543114836,757.3779673914686,768.8612060546875,9733900,13464620,-27.71,721.64,693.29,642.85,516.92,63.41,769.5 - 777.6 (25.4%),688.5 - 703.8 (23.5%),560.0 - 582.4 (15.6%),91.4 - 137.1 (18.6%)
2025-08-07,770.3551486222174,771.8590385394825,756.4716429684601,758.742431640625,9019700,13419925,-32.79,723.37,695.33,643.14,517.89,59.97,769.5 - 777.6 (25.7%),688.5 - 703.8 (23.7%),560.0 - 582.4 (15.6%),91.4 - 137.1 (18.6%)
2025-08-08,759.658747758983,766.7797947505699,755.5056648409816,766.1821899414062,7320800,13242270,-44.72,725.95,697.22,643.42,518.87,61.62,769.5 - 777.6 (26.4%),706.8 - 719.2 (18.1%),560.0 - 582.4 (15.7%),91.4 - 137.1 (18.6%)
2025-08-11,766.9590117045211,770.3253179934114,761.5709034876361,762.7660522460938,7612000,13175900,-42.23,728.18,699.0,643.84,519.82,60.39,769.5 - 777.6 (26.7%),706.8 - 719.2 (18.4%),560.0 - 582.4 (15.8%),91.4 - 137.1 (18.7%)
2025-08-12,769.867116884642,790.4533266506146,769.2994197367773,786.7982177734375,14563100,13327580,9.27,732.15,701.43,644.57,520.84,65.59,761.4 - 770.8 (30.2%),707.2 - 720.8 (18.5%),561.6 - 585.0 (17.3%),93.2 - 139.8 (19.1%)
2025-08-13,787.9435371938928,792.2360665711504,775.0758574709355,776.9183959960938,8811800,13114790,-32.81,735.99,703.76,645.28,521.83,61.99,761.4 - 770.8 (30.1%),707.2 - 720.8 (18.6%),561.6 - 585.0 (17.3%),93.2 - 139.8 (19.1%)
2025-08-14,774.7273686839942,784.6171165223105,769.3791373875601,778.9601440429688,8116200,12930435,-37.23,740.01,706.12,646.11,522.81,62.45,761.4 - 770.8 (30.6%),707.2 - 720.8 (18.7%),561.6 - 585.0 (17.3%),93.2 - 139.8 (19.1%)
2025-08-15,780.9720282034339,793.0229651164598,777.6555069770899,782.047607421875,13375400,12960215,3.2,744.04,708.58,647.09,523.82,63.17,761.4 - 770.8 (29.8%),707.2 - 720.8 (18.9%),561.6 - 585.0 (17.3%),93.2 - 139.8 (19.1%)
2025-08-18,771.9487538776341,772.6658066945315,753.4938227994072,764.260009765625,16513700,13315680,24.02,746.75,710.78,648.01,524.78,56.42,761.4 - 770.8 (36.3%),707.2 - 720.8 (18.7%),561.6 - 585.0 (17.4%),93.2 - 139.8 (19.2%)
2025-08-19,764.0109537986283,764.0607389973293,746.3229231295343,748.434326171875,12286700,13483960,-8.88,749.07,712.7,648.67,525.71,51.17,761.4 - 770.8 (36.4%),707.2 - 720.8 (18.6%),561.6 - 585.0 (17.3%),93.2 - 139.8 (19.2%)
2025-08-20,744.5402195952106,747.1595654675717,728.0373679946948,744.6895751953125,11898200,13640290,-12.77,750.77,714.71,649.42,526.65,49.99,768.6 - 772.8 (23.7%),707.2 - 720.8 (18.5%),561.6 - 585.0 (17.3%),93.2 - 139.8 (19.2%)
2025-08-21,741.6918632286945,742.4786396352457,730.1388392043501,736.1045532226562,8876300,13538065,-34.43,751.98,716.32,650.02,527.57,47.29,744.6 - 749.7 (24.8%),707.2 - 720.8 (18.5%),561.6 - 585.0 (17.3%),93.2 - 139.8 (19.2%)
2025-08-22,736.2340211992512,753.8324517991243,731.4136708448241,751.73095703125,10612700,13655115,-22.28,754.08,718.18,650.85,528.52,52.34,759.9 - 765.0 (21.5%),688.8 - 701.1 (21.5%),561.6 - 585.0 (17.3%),93.2 - 139.8 (19.2%)
2025-08-25,751.7608684647103,755.8044116418879,747.0898736921264,750.2470092773438,6861200,13562390,-49.41,755.86,719.98,651.8,529.46,51.83,759.9 - 765.0 (22.7%),688.8 - 701.1 (21.3%),561.6 - 585.0 (17.4%),93.2 - 139.8 (19.2%)
2025-08-26,747.7571485914523,751.8106610061906,744.9087541771366,751.0437622070312,7601800,13279130,-42.75,758.55,721.76,652.62,530.41,52.1,749.7 - 754.8 (16.4%),707.6 - 719.8 (16.8%),561.6 - 585.0 (17.4%),93.2 - 139.8 (19.3%)
2025-08-27,749.2511791949785,751.0937182650308,739.8295561688316,744.3511352539062,8315400,12341035,-32.62,761.15,723.04,653.62,531.35,49.59,749.7 - 754.8 (16.5%),689.7 - 701.8 (23.0%),561.6 - 585.0 (17.4%),93.2 - 139.8 (19.3%)
2025-08-28,740.9847476708056,749.9980580487584,737.7977043404688,748.06591796875,7468000,10772880,-30.68,760.04,724.44,654.67,532.28,51.0,744.6 - 749.7 (21.1%),690.2 - 702.1 (23.3%),561.6 - 585.0 (17.4%),93.2 - 139.8 (19.2%)
2025-08-29,742.2594644901677,744.1119114587425,732.3696565520792,735.7061157226562,9070500,10274970,-11.72,759.47,725.3,655.85,533.19,46.36,744.6 - 749.7 (20.8%),690.1 - 700.4 (20.6%),561.6 - 585.0 (17.4%),93.2 - 139.8 (19.3%)
2025-09-02,723.0974888358023,733.0171449086611,718.8049588018843,732.1307373046875,9350900,9952430,-6.04,757.42,726.14,656.93,534.08,45.09,750.0 - 755.0 (18.0%),694.2 - 703.1 (16.0%),561.6 - 585.0 (17.4%),93.2 - 139.8 (19.4%)
2025-09-03,733.0171338161767,737.2499093850881,731.015270232833,734.0628662109375,7699300,9755380,-21.08,756.11,726.8,657.91,534.99,45.95,750.0 - 755.0 (18.2%),694.2 - 703.1 (16.1%),561.6 - 585.0 (17.4%),93.2 - 139.8 (19.4%)
2025-09-04,745.5361519354174,758.0750922868024,742.7972973222718,745.6158447265625,11439100,9840640,16.24,754.94,727.72,659.23,535.91,50.94,745.0 - 750.0 (22.1%),694.2 - 703.1 (16.1%),561.6 - 585.0 (17.4%),93.2 - 139.8 (19.4%)
2025-09-05,749.5698067054846,754.8782225138488,742.0106011970698,749.4005126953125,9663400,9872825,-2.12,754.48,728.56,660.44,536.85,52.48,748.8 - 752.0 (25.2%),694.2 - 703.1 (14.6%),561.6 - 585.0 (17.4%),93.2 - 139.8 (19.4%)
2025-09-08,752.9360542535453,763.4034686491748,748.9722040020283,749.2510375976562,13087800,10161175,28.8,753.63,729.53,661.67,537.76,52.41,748.0 - 750.0 (31.7%),694.2 - 703.1 (14.6%),561.6 - 585.0 (17.4%),93.2 - 139.8 (19.4%)
2025-09-09,754.419992782477,763.1942846942571,750.3764498072048,762.5967407226562,10999000,10330525,6.47,753.62,730.74,663.19,538.69,57.84,744.0 - 747.0 (23.8%),694.2 - 703.1 (13.1%),561.6 - 585.0 (17.4%),93.2 - 139.8 (19.4%)
2025-09-10,762.0290412375358,762.5967384027244,747.9563032651432,748.9323120117188,12478300,10226285,22.02,751.73,731.9,664.59,539.58,51.38,747.0 - 750.0 (32.0%),694.2 - 703.1 (13.0%),561.6 - 585.0 (17.4%),93.2 - 139.8 (19.4%)
2025-09-11,751.5916136968709,754.0316358199442,745.3370358122858,747.8568115234375,7923300,10181860,-22.18,750.27,732.71,665.96,540.46,50.9,747.0 - 750.0 (38.2%),694.2 - 703.1 (13.0%),561.6 - 585.0 (17.4%),93.2 - 139.8 (19.4%)
2025-09-12,745.6955270108052,754.4997269984316,740.7456986088828,752.5277709960938,8248600,10188480,-19.04,748.95,733.68,667.29,541.36,52.96,747.0 - 750.0 (38.9%),747.6 - 756.5 (13.2%),561.6 - 585.0 (17.4%),93.2 - 139.8 (19.4%)
2025-09-15,754.4000300843079,770.9327886235398,748.9422593602105,761.6007690429688,10533800,10046400,4.85,747.93,734.82,668.5,542.3,56.76,747.0 - 750.0 (37.8%),747.6 - 756.5 (13.3%),561.6 - 585.0 (17.4%),93.2 - 139.8 (19.6%)
2025-09-16,763.8914686014472,778.1932551715911,761.9991446900564,775.8428344726562,11782500,9809840,20.11,748.51,736.43,669.77,543.25,61.96,748.0 - 752.4 (30.9%),747.6 - 756.5 (13.3%),561.6 - 585.0 (17.4%),93.2 - 139.8 (19.6%)
2025-09-17,776.8288247150236,780.1154382240195,763.2042747009343,772.5761108398438,9400900,9665550,-2.74,749.72,737.71,671.15,544.2,60.17,748.0 - 752.4 (30.7%),747.6 - 756.5 (13.3%),561.6 - 585.0 (17.4%),93.2 - 139.8 (19.6%)
2025-09-18,777.5858032070112,785.5832886768625,770.2257385562051,777.0878295898438,10955000,9618390,13.9,751.34,738.84,672.62,545.16,61.81,747.0 - 751.5 (30.3%),747.6 - 756.5 (13.1%),561.6 - 585.0 (17.4%),93.2 - 139.8 (19.6%)
2025-09-19,783.2327349405688,787.5949882886124,766.072585123962,775.225341796875,23696800,10359415,128.75,753.29,739.99,674.3,546.13,60.7,774.0 - 778.5 (29.5%),742.6 - 750.5 (16.3%),561.6 - 585.0 (17.3%),93.2 - 139.8 (19.6%)
2025-09-22,779.2068840936374,783.0737723834768,761.8856333765553,762.5733032226562,11706900,10414125,12.41,753.83,740.65,675.88,547.08,53.65,774.0 - 778.5 (27.5%),742.6 - 750.5 (16.3%),561.6 - 585.0 (17.4%),93.2 - 139.8 (19.7%)
2025-09-23,766.6494677320859,767.994879580523,748.5309344746781,752.8463134765625,10872600,10614695,2.43,753.96,741.02,677.29,548.0,48.95,774.0 - 778.3 (27.2%),742.6 - 750.5 (16.4%),561.6 - 585.0 (17.4%),93.2 - 139.8 (19.5%)
2025-09-24,754.9392103751906,758.5369918811637,749.9860410574281,758.0885009765625,8828200,10676015,-17.31,754.32,741.4,678.76,548.94,51.42,775.0 - 778.1 (27.1%),742.6 - 750.5 (16.4%),561.6 - 585.0 (17.4%),93.2 - 139.8 (19.5%)
2025-09-25,750.9028646268723,754.2116481824468,742.0329280425029,746.378173828125,10591100,10789800,-1.84,754.42,741.9,680.58,549.87,46.06,775.0 - 778.1 (27.2%),742.6 - 750.5 (17.9%),561.6 - 585.0 (17.4%),93.2 - 139.8 (19.5%)
2025-09-26,747.4645893513656,749.3880575951708,734.8573289461095,741.2357177734375,9696300,10901215,-11.05,754.08,742.41,682.57,550.82,43.89,774.0 - 777.6 (27.2%),742.6 - 750.5 (18.2%),561.6 - 585.0 (17.0%),93.2 - 139.8 (19.3%)
2025-09-29,746.1888021735474,748.2418964072087,736.6512086302703,740.8868408203125,9246800,10910030,-15.24,754.34,742.83,684.46,551.75,43.74,774.0 - 777.6 (27.8%),742.6 - 750.5 (18.3%),561.6 - 585.0 (16.4%),93.2 - 139.8 (19.0%)
2025-09-30,739.740790143385,740.4583269528289,723.8446976774693,731.8973999023438,16226800,11253825,44.19,754.32,743.1,686.33,552.65,39.95,774.0 - 778.5 (27.0%),742.6 - 750.5 (18.2%),561.6 - 585.0 (16.3%),93.2 - 139.8 (18.8%)
2025-10-01,719.050911987213,719.4096803677126,707.7991010033351,714.9149780273438,20419600,11889840,71.74,753.37,743.05,687.43,553.52,33.95,775.0 - 781.2 (25.8%),742.6 - 750.5 (18.0%),561.6 - 585.0 (15.9%),93.2 - 139.8 (18.7%)
2025-10-02,720.1372426569798,725.309699629413,715.7122502133443,724.5921020507812,11415300,11888650,-3.98,752.32,742.97,688.93,554.39,39.52,775.0 - 781.2 (25.3%),742.6 - 750.5 (17.9%),561.6 - 585.0 (15.5%),93.2 - 139.8 (18.7%)
2025-10-03,727.1633750572937,728.5287386889415,707.7791166979599,708.1578369140625,16154300,12213195,32.27,750.25,742.7,690.33,555.22,34.24,772.8 - 779.7 (24.2%),742.6 - 750.5 (17.5%),561.6 - 585.0 (15.2%),93.2 - 139.8 (18.6%)
2025-10-06,702.8060248479621,714.4565078636942,688.1756596108709,713.2406005859375,21654700,12641540,71.3,748.45,742.68,691.86,556.06,37.04,772.8 - 779.7 (22.9%),742.6 - 750.5 (17.2%),561.6 - 585.0 (14.9%),93.2 - 139.8 (18.0%)
2025-10-07,715.2936403041813,716.0710326272052,703.3641353885179,710.6693725585938,12062900,12694735,-4.98,745.86,742.55,693.46,556.89,36.2,710.7 - 717.6 (20.7%),742.6 - 750.5 (17.1%),561.6 - 585.0 (14.9%),93.2 - 139.8 (17.8%)
2025-10-08,711.0380954481734,717.2171476536749,705.4171476518181,715.4132690429688,10790600,12610350,-14.43,744.18,742.69,695.26,557.72,38.95,710.7 - 717.6 (25.9%),742.6 - 750.5 (17.1%),561.6 - 585.0 (14.5%),93.2 - 139.8 (17.8%)
2025-10-09,715.8518398810967,731.0303344726562,710.0315555923428,731.0303344726562,12717200,12850045,-1.03,743.34,743.2,697.19,558.58,47.05,710.2 - 716.9 (31.5%),742.6 - 750.5 (17.1%),561.6 - 585.0 (14.5%),93.2 - 139.8 (17.8%)
2025-10-10,728.4490335307075,732.784364410351,702.1283419878271,702.9156494140625,16980100,13286620,27.8,740.86,743.27,699.03,559.39,37.43,708.0 - 714.0 (25.0%),742.6 - 750.5 (16.9%),561.6 - 585.0 (14.5%),93.2 - 139.8 (17.6%)
2025-10-13,710.5996089558437,717.5061741064447,705.2477676379041,713.280517578125,9251800,13222520,-30.03,738.44,743.47,700.82,560.19,42.13,709.5 - 715.0 (32.2%),742.6 - 750.5 (16.9%),561.6 - 585.0 (14.3%),93.2 - 139.8 (17.0%)
2025-10-14,705.3873404797914,713.1310322093289,696.9658939978091,706.25439453125,8829800,13074885,-32.47,734.96,743.41,702.39,560.99,39.94,709.5 - 715.0 (32.5%),742.6 - 750.5 (17.0%),561.6 - 585.0 (14.3%),93.2 - 139.8 (16.9%)
2025-10-15,714.6358727912688,721.4527759491865,707.1114088212217,715.1242065429688,10246800,13117180,-21.88,732.09,743.63,703.93,561.78,43.9,709.5 - 713.8 (21.9%),742.6 - 750.5 (17.1%),561.6 - 585.0 (14.3%),93.2 - 139.8 (16.9%)
2025-10-16,715.1241740828767,723.0373338413923,701.5004051404221,709.6627197265625,9017000,13020280,-30.75,728.72,743.61,705.31,562.57,42.06,710.6 - 714.4 (22.1%),742.6 - 750.5 (17.1%),561.6 - 585.0 (14.0%),93.2 - 139.8 (16.9%)
2025-10-17,704.6896976037913,716.1109175681677,703.732921033597,714.4963989257812,12232400,12447060,-1.72,725.68,743.65,706.7,563.37,44.29,714.4 - 718.2 (27.2%),742.6 - 750.5 (17.1%),561.6 - 585.0 (13.7%),93.2 - 139.8 (16.7%)
2025-10-20,718.7519023248905,731.289390620618,717.7453070615727,729.6947631835938,8900200,12306725,-27.68,724.04,743.99,708.18,564.2,50.7,713.4 - 716.3 (27.3%),742.6 - 750.5 (17.1%),561.6 - 585.0 (13.2%),93.2 - 139.8 (16.2%)
2025-10-21,733.5318410857864,736.0034377690635,726.2863984755653,730.7911376953125,7647300,12145460,-37.04,722.94,744.25,709.72,565.02,51.14,714.0 - 716.8 (28.5%),742.6 - 750.5 (17.2%),561.6 - 585.0 (13.2%),279.6 - 326.2 (16.0%)
2025-10-22,731.3492269695964,738.0962989037338,721.5823690736463,730.9306030273438,8734500,12140775,-28.06,721.58,744.82,711.07,565.85,51.2,714.0 - 716.8 (18.8%),742.6 - 750.5 (17.2%),561.6 - 585.0 (13.0%),279.6 - 326.2 (16.0%)
2025-10-23,732.2163225390138,739.9002195728755,730.6216949207216,731.5186767578125,9856000,12104020,-18.57,720.84,745.47,712.21,566.67,51.46,710.5 - 713.4 (24.5%),742.6 - 750.5 (17.2%),561.6 - 585.0 (12.7%),279.6 - 326.2 (16.0%)
2025-10-24,734.2991309259364,738.704232141329,728.6782441600997,735.8638305664062,9151300,12076770,-24.22,720.57,744.89,713.37,567.5,53.49,712.8 - 716.1 (38.2%),742.6 - 750.5 (17.2%),561.6 - 585.0 (12.7%),279.6 - 326.2 (16.0%)
2025-10-27,747.195457385242,753.1951257515892,745.4813011827554,748.2817993164062,11321100,12180485,-7.06,720.94,744.92,714.74,568.37,58.79,729.0 - 733.5 (30.3%),742.6 - 750.5 (18.6%),702.0 - 725.4 (12.3%),279.6 - 326.2 (16.4%)
2025-10-28,750.0856988126538,755.8362124836232,742.9997491476457,748.8997192382812,12193800,11978835,1.79,721.79,744.51,716.03,569.23,59.04,713.0 - 717.6 (26.9%),742.6 - 750.5 (20.2%),702.0 - 725.4 (12.3%),279.6 - 326.2 (16.5%)
2025-10-29,752.1985111114485,756.5935760115584,739.9998990805568,749.12890625,26818600,12298785,118.06,723.5,744.32,717.31,570.11,59.14,745.2 - 749.8 (28.9%),742.0 - 749.0 (16.3%),702.0 - 725.4 (12.2%),279.6 - 326.2 (16.5%)
2025-10-30,666.887912533529,678.6579855089774,647.9720344844721,664.2169189453125,88440100,16150025,447.62,720.48,742.58,717.93,570.82,30.1,663.0 - 671.5 (35.4%),744.6 - 754.8 (25.9%),702.0 - 725.4 (12.0%),279.6 - 326.2 (16.4%)
2025-10-31,672.2297387877188,672.6084590133829,643.3875718813117,646.1581420898438,56953200,18189970,213.1,717.38,740.7,718.02,571.49,27.06,659.2 - 669.5 (30.5%),748.8 - 760.5 (17.4%),702.0 - 725.4 (11.9%),279.6 - 326.2 (16.4%)
2025-11-03,653.7822839270266,657.1010433454932,634.0292814028221,635.5541381835938,33003600,18757415,75.95,713.49,738.53,717.87,572.16,25.43,661.2 - 672.6 (28.2%),743.4 - 756.0 (23.0%),702.0 - 725.4 (11.9%),279.0 - 325.5 (16.6%)
2025-11-04,625.9168776495994,639.5705767203505,623.8937717318939,625.1993408203125,27356600,19522100,40.13,709.22,736.23,717.61,572.8,23.92,657.2 - 669.6 (26.6%),742.5 - 756.0 (22.6%),702.0 - 725.4 (11.8%),276.6 - 322.7 (16.8%)
2025-11-05,630.1724007040705,640.0588479681868,624.4218873891514,633.8001098632812,20219900,19993565,1.13,705.14,733.68,717.56,573.47,27.76,657.2 - 669.6 (25.9%),742.5 - 756.0 (22.3%),702.0 - 725.4 (11.8%),276.6 - 322.7 (16.7%)
2025-11-06,633.7004019945108,633.8499192315176,615.9107705740217,616.8475952148438,23628800,20539145,15.04,699.43,731.01,717.39,574.08,25.08,633.6 - 646.8 (30.9%),738.4 - 752.6 (22.8%),702.0 - 725.4 (11.8%),276.6 - 322.7 (16.7%)
2025-11-07,614.4058914069517,620.0268394880455,599.1676024999227,619.6082763671875,29946800,21187480,41.34,695.27,728.36,717.24,574.68,26.33,633.6 - 646.8 (29.4%),738.4 - 752.6 (22.3%),702.0 - 725.4 (11.7%),276.6 - 322.7 (16.8%)
2025-11-10,628.9566105977867,632.8533659763596,616.0204484619443,629.6243286132812,19245000,21687140,-11.26,691.08,725.82,717.2,575.32,30.84,633.6 - 646.8 (28.7%),738.4 - 752.6 (22.0%),702.0 - 725.4 (11.7%),271.8 - 317.1 (15.8%)
2025-11-11,625.8770169082796,627.4317408228605,617.2961380110504,624.9601440429688,13302200,21910760,-39.29,687.02,723.5,717.14,575.93,29.92,633.6 - 646.8 (28.2%),745.2 - 759.0 (20.0%),702.0 - 725.4 (11.7%),271.8 - 317.1 (15.9%)
2025-11-12,626.0065923024907,626.8636704474237,605.7154345004715,606.9512329101562,24493300,22623085,8.27,681.61,721.14,716.92,576.51,26.62,624.8 - 639.0 (27.9%),744.6 - 759.2 (20.9%),702.0 - 725.4 (11.7%),271.8 - 317.1 (15.9%)
2025-11-13,610.9974282481795,615.5619618736964,600.9614641591972,607.8281860351562,20973800,23220925,-9.68,676.52,718.86,716.78,577.09,27.04,624.8 - 639.0 (27.1%),744.6 - 759.2 (20.6%),702.0 - 725.4 (11.6%),271.8 - 317.1 (15.8%)
2025-11-14,599.7556041676178,611.6054241702889,593.1879159768617,607.3997192382812,20724100,23645510,-12.36,671.16,716.71,716.52,577.66,26.96,624.8 - 639.0 (26.4%),738.4 - 752.6 (21.2%),702.0 - 725.4 (11.6%),271.8 - 317.1 (15.9%)
2025-11-17,606.9810562524968,609.6221219886945,593.3872138938384,599.974853515625,16501300,24025565,-31.32,664.68,714.18,716.18,578.2,25.53,610.9 - 625.8 (21.7%),740.0 - 754.8 (22.3%),585.0 - 608.4 (12.0%),271.8 - 317.1 (16.0%)
2025-11-18,589.6000552799869,601.6192836786712,581.8065445386262,595.6694946289062,25500600,24918230,2.34,657.92,711.61,715.79,578.72,24.7,612.0 - 627.3 (21.1%),739.9 - 755.0 (20.8%),585.0 - 608.4 (12.6%),271.8 - 317.1 (16.0%)
2025-11-19,591.7128714929664,593.3174750396417,579.2850561317264,588.3244018554688,24744700,25718740,-3.79,650.79,708.9,715.33,579.22,23.32,661.2 - 668.8 (19.9%),737.9 - 753.6 (19.4%),585.0 - 608.4 (13.2%),271.8 - 317.1 (16.0%)
2025-11-20,601.4597887996167,604.6688739678727,581.3778841958236,587.1583251953125,20603000,26256090,-21.53,643.57,706.28,714.66,579.72,23.1,619.5 - 625.4 (18.7%),742.6 - 758.4 (18.1%),585.0 - 608.4 (13.7%),271.8 - 317.1 (16.0%)
2025-11-21,586.5105272163902,596.0980011467227,579.8929596850738,592.2410888671875,21052600,26851155,-21.6,636.39,703.68,714.06,580.22,26.37,604.8 - 609.6 (19.4%),742.6 - 758.4 (16.9%),585.0 - 608.4 (14.2%),271.8 - 317.1 (16.0%)
2025-11-24,596.6959653725695,614.6152243710839,595.6096842408232,610.9775390625,23554900,27462845,-14.23,629.53,701.6,713.45,580.76,37.0,606.3 - 611.0 (27.0%),742.6 - 758.4 (16.0%),585.0 - 608.4 (14.2%),271.8 - 317.1 (16.0%)
2025-11-25,621.8904932046078,634.8963639496133,616.209750572071,634.0691528320312,25213000,28113805,-10.32,623.78,699.97,713.05,581.34,47.13,606.3 - 611.0 (27.2%),742.6 - 758.4 (15.0%),585.0 - 608.4 (14.1%),271.8 - 317.1 (16.0%)
2025-11-26,635.5342418532664,636.2019598341516,629.4947305871518,631.468017578125,15209500,27533350,-44.76,617.9,698.26,712.53,581.92,46.23,606.3 - 611.0 (27.6%),742.6 - 758.4 (14.1%),585.0 - 608.4 (14.1%),271.8 - 317.1 (16.0%)
2025-11-28,633.9296546389559,645.8591590880771,633.3515983825566,645.759521484375,11033200,23663005,-53.37,616.98,696.59,712.16,582.53,51.7,590.0 - 595.9 (16.5%),632.0 - 647.8 (13.8%),585.0 - 608.4 (14.1%),271.2 - 316.4 (15.7%)
2025-12-01,637.3878853503733,643.1383983949365,635.6039586340122,638.7034301757812,13029900,21466840,-39.3,616.61,694.75,711.65,583.15,49.04,590.0 - 595.9 (16.9%),632.0 - 647.8 (14.8%),585.0 - 608.4 (14.1%),269.4 - 314.3 (15.7%)
2025-12-02,640.1684965318557,645.6797698761368,635.9129124654792,644.912353515625,11640900,20398705,-42.93,617.07,693.01,711.27,583.78,51.41,590.0 - 595.9 (17.0%),632.0 - 647.8 (15.9%),585.0 - 608.4 (14.1%),269.4 - 314.3 (15.7%)
2025-12-03,642.2314810232181,646.6564735939825,635.3946865356451,637.437744140625,11134300,19587590,-43.16,617.69,690.92,710.83,584.4,48.49,590.0 - 595.9 (17.8%),632.0 - 647.8 (16.9%),585.0 - 608.4 (13.8%),269.4 - 314.3 (15.7%)
2025-12-04,673.7146932031604,673.8143308084973,657.8186021075292,659.2936401367188,29874600,20070325,48.85,618.96,689.43,710.66,585.04,56.29,633.6 - 640.8 (18.3%),632.0 - 647.8 (16.6%),585.0 - 608.4 (13.7%),269.4 - 314.3 (15.6%)
2025-12-05,661.7552947151958,672.4091587454953,660.1507520483126,671.1434326171875,21207900,19949280,6.31,621.68,688.15,710.43,585.7,59.85,588.0 - 596.4 (26.4%),632.0 - 647.8 (16.4%),585.0 - 608.4 (13.7%),269.4 - 314.3 (15.7%)
2025-12-08,667.0772284693074,674.4223082782987,662.8216443414645,664.5457763671875,13161000,19109990,-31.13,623.92,686.68,710.18,586.35,57.07,588.0 - 596.4 (26.7%),632.0 - 647.8 (16.4%),585.0 - 608.4 (13.5%),269.4 - 314.3 (15.8%)
2025-12-09,661.5260500954003,662.2336109084633,651.1313175008097,654.7390747070312,12997100,18797595,-30.86,625.18,684.9,709.86,586.95,53.12,630.0 - 638.4 (20.3%),632.0 - 647.8 (16.4%),585.0 - 608.4 (13.5%),269.4 - 314.3 (15.8%)
2025-12-10,647.7527447265774,652.2973264314004,641.2249002906431,647.93212890625,16910900,18978030,-10.89,626.33,682.77,709.6,587.53,50.5,630.0 - 638.4 (20.9%),632.0 - 647.8 (16.3%),585.0 - 608.4 (13.5%),269.4 - 314.3 (15.8%)
2025-12-11,641.1152803360264,653.0647981949571,638.6337077300913,650.5034790039062,13056700,18406200,-29.06,628.5,680.73,709.22,588.12,51.47,632.0 - 639.9 (20.7%),632.0 - 647.8 (16.2%),585.0 - 608.4 (13.4%),269.4 - 314.3 (15.7%)
2025-12-12,647.603240055161,708.5963563082138,636.4510671197735,642.0520629882812,14016900,18058355,-22.38,630.22,678.48,708.66,588.7,48.13,642.0 - 648.0 (23.1%),632.0 - 647.8 (17.4%),585.0 - 608.4 (13.4%),269.4 - 314.3 (15.8%)
2025-12-15,644.0420011784053,651.3232442601446,637.0599755890928,645.8473510742188,15549100,17799605,-12.64,632.14,676.33,708.16,589.28,49.71,644.0 - 648.0 (24.6%),632.0 - 647.8 (18.7%),585.0 - 608.4 (13.4%),269.4 - 314.3 (15.9%)
2025-12-16,641.8476117575357,660.8386986647098,641.5483942773906,655.4625854492188,14309100,17689995,-19.11,634.91,674.54,707.6,589.87,53.57,644.0 - 648.0 (25.9%),632.0 - 647.8 (18.6%),585.0 - 608.4 (13.4%),269.4 - 314.3 (15.9%)
2025-12-17,653.9265104909302,659.5320745885969,647.5329968709444,647.8322143554688,15598500,17194890,-9.28,637.52,672.79,706.91,590.43,50.27,642.6 - 646.0 (17.9%),632.0 - 647.8 (18.5%),631.8 - 655.2 (13.7%),269.4 - 314.3 (15.9%)
2025-12-18,655.3429659472675,668.8381931582612,654.774422237226,662.743896484375,20260300,16970670,19.38,641.24,671.2,706.3,591.02,55.97,642.6 - 646.0 (16.4%),643.7 - 659.4 (17.2%),631.8 - 655.2 (13.7%),269.4 - 314.3 (15.9%)
2025-12-19,664.7087499822148,669.2770065062657,656.4899183910027,657.0784301757812,49977100,18439375,171.03,644.74,669.71,705.81,591.6,53.46,656.2 - 659.6 (29.3%),657.0 - 671.6 (18.9%),631.8 - 655.2 (13.6%),268.8 - 313.6 (15.9%)
2025-12-22,659.9510307809619,671.850389464676,654.9638698467097,659.8013916015625,15659400,18169715,-13.82,648.12,668.36,705.39,592.16,54.52,656.2 - 659.6 (29.0%),653.2 - 667.4 (20.7%),631.8 - 655.2 (13.7%),268.8 - 313.6 (16.0%)
2025-12-23,658.3550860644432,664.2898196014329,656.5597203493141,663.2325439453125,8486800,17416310,-51.27,650.73,667.06,704.95,592.73,55.88,656.2 - 659.6 (29.3%),653.2 - 667.4 (21.5%),631.8 - 655.2 (13.7%),268.8 - 313.6 (16.0%)
2025-12-24,660.8288686174008,666.4643247360839,660.4996989036335,665.8359375,5627500,16437035,-65.76,652.32,665.96,704.53,593.31,56.93,655.4 - 658.3 (24.1%),634.5 - 648.0 (16.9%),631.8 - 655.2 (13.7%),268.8 - 313.6 (16.0%)
2025-12-26,666.3445631389869,667.2322924211887,659.6218797502219,661.5867919921875,7133800,16033250,-55.51,653.82,665.07,704.06,593.86,54.64,655.2 - 657.6 (28.9%),634.5 - 648.0 (17.1%),631.8 - 655.2 (13.7%),268.8 - 313.6 (16.0%)
2025-12-29,656.3204105957403,658.5546491157273,652.7097106878265,656.9986572265625,8506500,15906915,-46.52,654.38,663.95,703.46,594.4,52.2,655.2 - 657.6 (33.4%),634.5 - 648.0 (17.1%),631.8 - 655.2 (13.7%),267.0 - 311.5 (15.6%)
2025-12-30,656.9986226731097,670.4938487731155,656.1508296487782,664.239990234375,9187500,15714795,-41.54,655.66,663.22,702.96,594.98,55.57,655.2 - 657.6 (34.0%),634.5 - 648.0 (17.2%),631.8 - 655.2 (13.7%),265.2 - 309.4 (14.6%)
2025-12-31,663.0430880640301,663.2924461264837,657.7467252526537,658.3950805664062,7940400,15529770,-48.87,656.34,662.3,702.49,595.54,52.36,655.2 - 657.6 (35.5%),634.5 - 648.0 (17.4%),631.8 - 655.2 (13.7%),265.2 - 309.4 (14.6%)
2026-01-02,661.0283027009447,662.6840744459444,641.8476986467276,648.7399291992188,13726500,15659380,-12.34,656.9,661.27,701.91,595.91,47.49,656.0 - 658.0 (30.5%),634.5 - 648.0 (17.6%),631.8 - 655.2 (14.0%),265.2 - 309.4 (14.6%)
2026-01-05,649.3383972038786,662.8336242718107,646.086758236235,657.098388671875,12213700,14776335,-17.34,656.79,660.3,701.49,596.33,51.68,657.0 - 658.8 (37.2%),634.5 - 648.0 (17.8%),631.8 - 655.2 (14.1%),263.4 - 307.3 (13.3%)
2026-01-06,657.8764143393763,663.8111485640529,650.2261258196658,658.9237060546875,11074400,14269660,-22.39,656.18,659.1,701.15,596.76,52.57,657.0 - 658.8 (37.8%),634.5 - 648.0 (17.8%),631.8 - 655.2 (14.0%),263.4 - 307.3 (13.3%)
2026-01-07,653.9565196013041,657.4575166710536,643.1543108814861,647.0243530273438,12846300,14253925,-9.88,655.3,658.16,700.72,597.14,46.55,655.5 - 657.4 (38.7%),634.5 - 648.0 (18.9%),631.8 - 655.2 (14.4%),263.4 - 307.3 (13.3%)
2026-01-08,644.2215315163064,645.438369611356,634.0875860000896,644.4010620117188,11921700,14200155,-16.05,654.79,657.02,700.24,597.52,45.31,655.2 - 657.3 (40.6%),634.5 - 648.0 (20.0%),631.8 - 655.2 (14.7%),263.4 - 307.3 (13.2%)
2026-01-09,643.7826283039087,653.2682180705046,641.1992521727667,651.383056640625,11634900,13936355,-16.51,654.96,656.1,699.75,597.91,49.17,646.8 - 648.9 (19.5%),634.5 - 648.0 (20.1%),631.8 - 655.2 (15.0%),262.2 - 305.9 (13.1%)
2026-01-12,650.8545379312607,652.2907820220081,639.5835040655014,640.3215942382812,14797200,14023380,5.52,654.45,654.85,699.24,598.27,43.89,655.2 - 657.8 (15.3%),634.5 - 648.0 (21.3%),631.8 - 655.2 (15.4%),262.2 - 305.9 (13.2%)
2026-01-13,640.6208286715078,640.6208286715078,622.4974409136,629.4695434570312,18030400,14224055,26.76,653.82,653.52,698.56,598.64,39.41,655.2 - 658.8 (19.8%),634.5 - 648.0 (21.1%),631.8 - 655.2 (15.3%),262.2 - 305.9 (13.2%)
2026-01-14,624.8913007155408,626.836305766559,613.2412994138377,613.9395141601562,15527900,14222995,9.17,652.23,651.84,697.75,598.94,34.06,655.0 - 660.0 (25.7%),634.5 - 648.0 (21.0%),631.8 - 655.2 (15.3%),262.2 - 305.9 (13.2%)
2026-01-15,616.8918824768537,622.567274451088,612.6527953870184,619.2059326171875,13076100,14161345,-7.66,650.41,650.0,696.99,599.23,37.18,655.0 - 660.0 (23.7%),634.5 - 648.0 (20.9%),631.8 - 655.2 (15.3%),262.2 - 305.9 (13.2%)
2026-01-16,622.5772500418334,627.4646923832119,618.4878021974878,618.6573486328125,17012500,14232045,19.54,648.95,648.13,696.19,599.54,36.98,655.0 - 660.0 (22.4%),634.5 - 648.0 (20.9%),631.8 - 655.2 (15.3%),262.2 - 305.9 (13.2%)
2026-01-20,606.3191417499893,609.8301228712422,598.4593704807342,602.5687866210938,15169600,13977510,8.53,645.95,645.99,695.4,599.82,31.7,644.0 - 649.6 (22.0%),634.5 - 648.0 (20.9%),631.8 - 655.2 (15.3%),258.6 - 301.7 (12.7%)
2026-01-21,605.1820479992876,616.6824713366042,598.5391758430108,611.3861083984375,14494700,12203390,18.78,643.66,643.99,694.73,600.13,37.01,644.0 - 649.6 (21.2%),634.5 - 648.0 (20.8%),631.8 - 655.2 (15.3%),258.6 - 301.7 (12.7%)
2026-01-22,627.7339506004921,658.8738165275513,624.9411525277235,645.967041015625,21394700,12490155,71.29,642.97,642.49,693.69,600.47,52.57,644.0 - 649.6 (29.5%),634.5 - 648.0 (22.4%),631.8 - 655.2 (15.8%),258.6 - 301.7 (12.6%)
2026-01-23,643.1144139511335,664.7786132883346,642.7952283244125,657.0684814453125,22797700,13205700,72.64,642.66,640.97,692.94,600.84,56.31,644.0 - 649.6 (21.8%),634.5 - 648.0 (22.2%),631.8 - 655.2 (15.7%),258.6 - 301.7 (12.6%)
2026-01-26,663.4221291072672,673.546090976127,659.5919624126628,670.633544921875,16327400,13740695,18.83,642.9,639.67,692.09,601.24,60.41,639.2 - 646.0 (22.3%),634.5 - 648.0 (22.1%),631.8 - 655.2 (15.0%),256.2 - 298.9 (12.0%)
2026-01-27,672.8578395915863,675.0820939991542,662.9532839044604,671.241943359375,13297400,14048875,-5.35,643.38,638.37,691.35,601.64,60.59,641.7 - 648.6 (21.1%),634.5 - 648.0 (22.0%),631.8 - 655.2 (15.0%),256.2 - 298.9 (12.0%)
2026-01-28,672.768020673078,675.9398477720257,664.3895658196245,667.0128173828125,25709600,14909030,72.44,643.88,638.42,690.5,602.02,58.61,641.7 - 648.6 (14.4%),658.0 - 665.0 (17.9%),631.8 - 655.2 (15.0%),256.2 - 298.9 (11.9%)
2026-01-29,735.536439340887,742.0895763731422,710.7203206800697,736.4141845703125,59852900,17442300,243.15,647.49,639.92,690.31,602.55,73.76,723.6 - 737.0 (21.4%),644.8 - 657.2 (27.9%),631.8 - 655.2 (14.8%),256.2 - 298.9 (11.9%)
2026-01-30,725.6319102189462,730.2899014488934,711.7576553956329,714.66015625,23744600,18232510,30.23,650.31,641.24,689.88,603.0,65.65,723.6 - 737.0 (20.6%),644.8 - 657.2 (23.7%),631.8 - 655.2 (14.8%),170.4 - 213.0 (11.6%)
2026-02-02,712.7649799285471,719.4477874144414,701.7134756957726,704.5960083007812,14365200,18264445,-21.35,653.1,642.56,689.4,603.44,62.24,723.6 - 737.0 (20.6%),644.8 - 657.2 (24.1%),631.8 - 655.2 (15.0%),289.1 - 330.4 (15.4%)
2026-02-03,705.5535728195721,715.1588492636382,684.6473731061755,689.923828125,13760700,18341795,-24.98,654.74,643.5,688.59,603.86,57.54,723.6 - 737.0 (20.9%),644.8 - 657.2 (24.4%),631.8 - 655.2 (14.9%),289.1 - 330.4 (15.4%)
2026-02-04,685.964025393825,687.0612373376343,665.7461161570209,667.2721557617188,16882800,18632215,-9.39,655.16,644.34,687.68,604.23,51.13,656.6 - 670.0 (22.7%),644.8 - 657.2 (24.4%),631.8 - 655.2 (14.9%),289.1 - 330.4 (15.4%)
2026-02-05,661.876033741038,679.7500005691794,651.8219007658969,668.489013671875,17131800,18846490,-9.1,656.23,645.15,686.76,604.56,51.45,656.6 - 670.0 (28.3%),644.8 - 657.2 (24.6%),631.8 - 655.2 (14.9%),289.1 - 330.4 (15.4%)
2026-02-06,663.7811558190369,670.2644652243433,644.8399277739295,659.7615356445312,18159300,19158370,-5.21,657.0,645.65,685.74,604.89,49.02,656.6 - 670.0 (34.4%),644.8 - 657.2 (24.9%),631.8 - 655.2 (14.9%),289.1 - 330.4 (15.4%)
2026-02-09,661.4770916291903,681.5554070660584,657.0884263930592,675.4810180664062,14837500,19318500,-23.2,658.2,646.5,685.0,605.3,53.29,656.6 - 670.0 (32.7%),644.8 - 657.2 (25.0%),631.8 - 655.2 (15.0%),289.1 - 330.4 (15.5%)
2026-02-10,675.8600805746455,678.9022976953746,668.0701369952135,668.9977416992188,10455800,19101430,-45.26,659.64,647.53,684.33,605.66,51.38,662.5 - 675.0 (32.9%),644.8 - 657.2 (25.0%),631.8 - 655.2 (14.9%),289.1 - 330.4 (15.6%)
2026-02-11,672.2693241407737,677.5258114827353,655.4126950742984,666.9729614257812,14323800,18916100,-24.28,661.51,648.52,683.69,606.03,50.77,666.0 - 675.0 (37.7%),644.8 - 657.2 (25.3%),631.8 - 655.2 (14.9%),289.1 - 330.4 (15.6%)
2026-02-12,668.2496249159107,674.2641703314905,643.6230822268304,648.1414184570312,14960100,18887710,-20.79,663.22,649.2,682.95,606.36,45.35,660.0 - 668.8 (25.0%),644.8 - 657.2 (26.9%),631.8 - 655.2 (15.3%),289.1 - 330.4 (15.5%)
2026-02-13,643.4435284294337,649.7572916993954,632.9405983581432,638.1272583007812,12336400,18850725,-34.56,664.17,649.83,682.01,606.69,42.74,666.4 - 676.2 (45.1%),644.8 - 657.2 (27.1%),631.8 - 655.2 (15.6%),289.1 - 330.4 (15.6%)
2026-02-17,637.8578591323172,640.9498744421038,627.1853229648948,637.6483764648438,12674700,18633835,-31.98,665.12,650.53,681.07,606.99,42.62,663.3 - 673.2 (31.4%),644.8 - 657.2 (27.9%),631.8 - 655.2 (16.0%),289.1 - 330.4 (15.7%)
2026-02-18,632.1725042393389,643.3437568439427,626.5370489428796,641.5682983398438,14649200,18607815,-21.27,667.07,651.42,680.16,607.3,44.07,732.6 - 742.5 (23.2%),644.8 - 657.2 (28.2%),631.8 - 655.2 (16.3%),289.1 - 330.4 (15.7%)
2026-02-19,636.9302530675583,645.5281132997313,635.0849670695593,643.1243286132812,10035700,18384865,-45.41,668.66,652.35,679.31,607.6,44.67,662.2 - 669.9 (28.2%),648.0 - 660.0 (26.2%),631.8 - 655.2 (16.6%),289.1 - 330.4 (15.6%)
2026-02-20,638.0474161403351,661.6466355641227,637.1397796110642,653.9763793945312,14183500,18024305,-21.31,669.06,653.38,678.53,607.91,48.8,663.3 - 670.0 (29.6%),649.6 - 660.8 (24.9%),631.8 - 655.2 (17.0%),289.1 - 330.4 (15.6%)
2026-02-23,650.8643633551039,656.0111474209717,634.3668572540702,635.6136474609375,8605900,17314715,-50.3,667.98,653.79,677.69,608.18,42.96,664.2 - 669.6 (30.5%),649.6 - 660.8 (25.3%),631.8 - 655.2 (17.3%),289.1 - 330.4 (15.7%)
2026-02-24,631.4543872367445,639.4637360573605,627.364878734925,637.6583862304688,10135600,17005125,-40.4,666.33,653.85,676.91,608.47,43.77,636.0 - 640.0 (18.6%),649.6 - 660.8 (25.7%),631.8 - 655.2 (17.5%),289.1 - 330.4 (15.7%)
2026-02-25,640.8801577475739,652.200989167557,640.4911445683953,652.011474609375,11330700,16906790,-32.98,665.37,654.19,676.22,608.81,49.2,636.0 - 640.0 (19.1%),649.6 - 660.8 (27.0%),631.8 - 655.2 (17.8%),289.1 - 330.4 (15.7%)
2026-02-26,648.8795635426123,659.3027431401059,645.8374072363367,655.322998046875,10637700,16153195,-34.14,664.79,654.35,675.47,609.15,50.39,652.0 - 656.0 (20.4%),649.6 - 660.8 (27.8%),631.8 - 655.2 (17.3%),289.1 - 330.4 (15.7%)
2026-02-27,641.7977899641362,647.7723993687464,636.4814590544522,646.515625,15703000,13945700,12.6,660.29,654.48,674.61,609.5,47.22,652.0 - 656.0 (20.7%),649.6 - 660.8 (27.7%),631.8 - 655.2 (17.7%),287.0 - 328.0 (15.9%)
2026-03-02,635.5238627543893,658.2453970983619,632.870719934867,651.8817749023438,9816100,13249275,-25.91,657.15,654.6,673.8,609.84,49.31,636.9 - 640.2 (20.7%),649.6 - 660.8 (28.8%),631.8 - 655.2 (17.8%),284.2 - 324.8 (17.0%)
2026-03-03,646.6252847330551,657.3476806461185,637.199599354082,653.3978881835938,12263800,13144205,-6.7,654.59,654.86,672.89,610.17,49.92,651.0 - 654.1 (27.7%),649.6 - 660.8 (30.1%),631.8 - 655.2 (18.0%),284.2 - 324.8 (17.1%)
2026-03-04,656.2705097002453,671.0424780902056,655.9812154011644,666.015380859375,10810100,12996675,-16.82,653.4,654.98,672.2,610.51,54.75,651.0 - 654.0 (28.3%),649.6 - 660.8 (30.1%),631.8 - 655.2 (17.7%),284.2 - 324.8 (17.1%)
2026-03-05,660.2303336051802,668.9778340733714,648.6401755256248,658.8738403320312,13341400,12819605,4.07,652.98,654.77,671.46,610.83,51.71,651.0 - 654.0 (28.6%),649.6 - 660.8 (28.8%),631.8 - 655.2 (17.2%),284.2 - 324.8 (17.1%)
2026-03-06,646.2363343546218,647.8022493056128,634.4765699796501,643.2041015625,13159400,12620985,4.27,651.71,654.42,670.55,611.08,45.71,651.0 - 654.0 (28.4%),649.6 - 660.8 (29.1%),631.8 - 655.2 (17.2%),284.2 - 324.8 (17.1%)
2026-03-09,633.1501152642575,646.0867831911829,625.1706567300553,645.7277221679688,13489700,12387505,8.9,651.01,654.27,669.58,611.35,46.78,651.0 - 654.0 (26.3%),649.6 - 660.8 (29.1%),631.8 - 655.2 (17.7%),284.2 - 324.8 (17.2%)
2026-03-10,651.881802754218,658.6044862124207,647.3335142418318,652.3905029296875,9859300,12138595,-18.78,649.86,654.34,668.55,611.65,49.61,651.0 - 654.0 (32.3%),649.6 - 660.8 (28.8%),631.8 - 655.2 (17.9%),283.5 - 324.0 (17.0%)
2026-03-11,653.0786868976891,657.4274764783338,646.695096760678,653.1784057617188,8977200,12064665,-25.59,649.07,654.38,667.56,611.93,49.95,651.0 - 654.0 (38.5%),649.6 - 660.8 (30.1%),631.8 - 655.2 (18.2%),283.5 - 324.0 (17.0%)
2026-03-12,647.084125187776,651.8219280311547,635.2645782351397,636.541259765625,11617500,11929350,-2.61,647.55,654.29,666.39,612.18,43.32,651.0 - 654.0 (38.2%),649.6 - 660.8 (28.7%),631.8 - 655.2 (18.5%),283.5 - 324.0 (17.0%)
2026-03-13,622.2879460132801,627.554356001348,607.9847424867846,612.1340942382812,18957600,12129225,56.3,645.75,653.73,665.03,612.4,35.82,648.0 - 653.4 (29.2%),649.6 - 660.8 (28.5%),631.8 - 655.2 (18.5%),277.2 - 316.8 (17.2%)
2026-03-16,630.9168848948667,633.6621719731276,622.0321132511823,626.3746948242188,15134900,12269150,23.36,645.16,653.25,663.89,612.67,42.12,648.0 - 653.4 (28.2%),649.6 - 660.8 (28.6%),631.8 - 655.2 (18.5%),276.5 - 316.0 (17.2%)
2026-03-17,626.9137783313067,635.4591062750881,620.634579694285,621.5928955078125,10348800,12152855,-14.84,644.36,652.81,662.8,612.93,40.68,648.0 - 653.4 (28.2%),649.6 - 660.8 (27.1%),631.8 - 655.2 (18.5%),275.8 - 315.2 (16.8%)
2026-03-18,615.2837809831337,621.5829648535273,613.5567043186309,614.6248779296875,11726300,12006710,-2.34,643.01,652.01,661.61,613.19,38.6,642.6 - 648.0 (22.8%),649.6 - 660.8 (27.2%),631.8 - 655.2 (18.5%),275.8 - 315.2 (16.8%)
2026-03-19,611.1009505532863,611.9494694911245,601.2278849458298,605.6602783203125,13247700,12167310,8.88,641.13,651.15,660.43,613.41,36.05,642.0 - 648.0 (22.5%),649.6 - 660.8 (27.4%),631.8 - 655.2 (18.5%),275.8 - 315.2 (16.8%)
2026-03-20,602.4957192983555,602.9249750667714,586.2435901825164,592.642578125,21214900,12518880,69.46,638.07,650.03,659.19,613.66,32.68,649.7 - 657.0 (21.1%),648.0 - 660.0 (25.9%),631.8 - 655.2 (18.5%),275.1 - 314.4 (16.7%)
2026-03-23,604.7517959610541,607.5969482872343,597.9834469761715,603.0247802734375,13638000,12770485,6.79,636.44,649.03,658.05,613.92,37.69,649.7 - 657.0 (15.7%),648.0 - 660.0 (24.2%),631.8 - 655.2 (18.7%),274.4 - 313.6 (16.7%)
2026-03-24,598.0732713770465,599.9700396349708,589.9871770786485,591.9038696289062,10739700,12800690,-16.1,634.15,647.8,656.88,614.12,34.71,599.4 - 606.8 (13.7%),648.0 - 660.0 (24.1%),631.8 - 655.2 (18.7%),274.4 - 313.6 (16.7%)
2026-03-25,597.7138608396341,602.6354044215132,592.3830467312241,593.8704833984375,12585000,12863405,-2.16,631.24,646.67,655.87,614.34,35.68,589.6 - 596.3 (22.5%),648.0 - 660.0 (23.9%),631.8 - 655.2 (18.7%),274.4 - 313.6 (16.7%)
2026-03-26,581.4916747262954,582.0008103985165,542.4187412024525,546.6015625,35780100,14120525,153.39,625.81,644.83,654.39,614.57,25.78,588.5 - 599.2 (20.2%),647.8 - 663.6 (23.8%),631.8 - 655.2 (18.6%),274.4 - 313.6 (16.6%)
2026-03-27,539.1743295527585,542.6683311056884,519.368366299545,524.8189697265625,30133000,14842025,103.02,619.72,642.5,652.86,614.75,22.66,601.6 - 614.4 (19.3%),651.2 - 668.8 (29.4%),631.8 - 655.2 (18.5%),274.4 - 313.6 (16.6%)
2026-03-30,535.4607543945312,538.6253045735799,527.6341638126921,535.4607543945312,22795200,15490980,47.15,613.9,640.45,651.38,614.97,27.29,524.8 - 537.6 (21.4%),651.2 - 668.8 (28.0%),631.8 - 655.2 (18.5%),270.9 - 309.6 (14.9%)
2026-03-31,549.0374119135495,572.7067990959439,545.8329522821889,571.1494750976562,32898300,16522705,99.11,609.79,639.16,650.21,615.27,40.21,524.8 - 537.6 (19.6%),651.2 - 668.8 (26.4%),631.8 - 655.2 (18.4%),270.9 - 309.6 (14.9%)
2026-04-01,579.1357866530213,591.5344843799961,572.8366030750008,578.2373046875,23608100,17162605,37.56,605.4,637.85,649.07,615.57,42.4,604.8 - 616.0 (15.4%),651.2 - 668.8 (25.2%),631.8 - 655.2 (18.3%),270.9 - 309.6 (14.8%)
2026-04-02,565.0699110449033,577.5085793033603,558.7408105198895,573.4755249023438,13518500,17171460,-21.27,601.13,636.42,647.76,615.85,41.31,591.6 - 601.8 (15.6%),651.2 - 668.8 (24.9%),631.8 - 655.2 (18.3%),270.9 - 309.6 (14.8%)
2026-04-06,576.6999432469056,581.7911783704857,571.0196924702504,572.0379638671875,9515700,16989275,-43.99,597.57,635.17,646.67,616.11,40.96,591.7 - 601.4 (17.0%),651.2 - 668.8 (24.1%),631.8 - 655.2 (18.7%),270.9 - 309.6 (14.9%)
2026-04-07,571.4988503418972,574.2441373249518,563.7921103124964,574.064453125,9580800,16793830,-42.95,593.99,634.0,645.51,616.34,41.7,567.0 - 576.0 (25.1%),651.2 - 668.8 (23.0%),631.8 - 655.2 (18.7%),270.9 - 309.6 (14.9%)
2026-04-08,604.9614419693103,628.8704088339113,590.8157434643455,611.3704223632812,32036600,17902695,78.95,591.94,633.33,644.72,616.65,53.26,565.5 - 574.2 (23.3%),651.2 - 668.8 (22.5%),631.8 - 655.2 (18.7%),270.9 - 309.6 (14.8%)
2026-04-09,625.8955000086161,636.4074834525468,621.9323328485281,627.3131103515625,19012900,18404480,3.31,590.64,633.12,643.99,616.98,57.17,571.2 - 581.4 (19.6%),651.2 - 668.8 (22.4%),631.8 - 655.2 (18.7%),270.9 - 309.6 (14.8%)
2026-04-10,633.3826022362973,637.4856047359222,623.2600266965629,628.780517578125,13294800,18488345,-28.09,590.26,633.11,643.31,617.31,57.52,572.0 - 582.4 (20.1%),651.2 - 668.8 (21.2%),631.8 - 655.2 (18.9%),270.9 - 309.6 (14.8%)
2026-04-13,628.4212176827168,633.9117922613585,623.3299819911093,633.442626953125,9538900,18017410,-47.06,591.32,633.43,642.64,617.64,58.69,566.8 - 577.7 (23.8%),651.2 - 668.8 (21.3%),631.8 - 655.2 (19.3%),270.9 - 309.6 (14.9%)
2026-04-14,642.117619704398,665.1181727259973,638.2742422102883,661.3546142578125,17818000,18151565,-1.84,593.07,634.13,642.07,618.05,64.88,561.7 - 575.4 (23.2%),651.2 - 668.8 (23.1%),631.8 - 655.2 (19.2%),270.9 - 309.6 (14.9%)
2026-04-15,665.856909197143,677.3372007350248,663.081644256971,670.4290771484375,14952600,18381755,-18.66,595.51,635.0,641.56,618.48,66.63,569.4 - 584.0 (31.3%),651.2 - 668.8 (23.1%),631.8 - 655.2 (19.2%),270.9 - 309.6 (14.9%)
2026-04-16,674.831464225754,676.4187660594131,666.605595861725,675.7099609375,9544800,18272680,-47.76,598.57,636.21,641.1,618.89,67.65,558.7 - 573.8 (21.7%),651.2 - 668.8 (23.2%),631.8 - 655.2 (19.2%),270.9 - 309.6 (14.9%)
2026-04-17,677.4369744478516,690.3348757077041,673.9729506648888,687.3699340820312,16283500,18424470,-11.62,602.65,637.48,640.74,619.34,69.82,562.4 - 577.6 (26.8%),651.2 - 668.8 (23.2%),631.8 - 655.2 (19.2%),270.9 - 309.6 (14.9%)
2026-04-20,680.192296240317,682.2088539380842,666.8552067290691,669.7601928710938,12534000,17990425,-30.33,606.51,637.88,640.18,619.76,62.94,568.4 - 580.0 (38.1%),651.2 - 668.8 (22.9%),631.8 - 655.2 (19.3%),270.9 - 309.6 (14.9%)
2026-04-21,669.8500580611455,675.0411586256739,666.1863646700106,667.6937866210938,8660100,17741530,-51.19,609.74,638.05,639.51,620.19,62.16,667.0 - 678.5 (21.8%),651.2 - 668.8 (23.9%),631.8 - 655.2 (19.2%),270.9 - 309.6 (14.9%)
2026-04-22,673.2042912464699,677.2174214115423,668.6022063234784,673.5636596679688,9215600,17665325,-47.83,613.83,638.1,638.89,620.63,63.54,667.0 - 678.5 (28.1%),651.2 - 668.8 (24.0%),643.8 - 666.0 (20.7%),270.9 - 309.6 (14.9%)
2026-04-23,662.562575853328,668.412518474367,651.9308032468797,658.0203857421875,11667000,17619425,-33.78,617.03,637.88,638.13,621.03,57.58,667.0 - 678.5 (28.4%),651.2 - 668.8 (25.4%),641.7 - 662.4 (18.1%),270.9 - 309.6 (14.9%)
2026-04-24,659.1883568751083,679.5034568571632,652.719481738207,673.8731689453125,13348300,16497835,-19.09,623.4,638.0,638.21,621.48,61.54,667.0 - 678.5 (33.0%),651.2 - 668.8 (23.4%),646.4 - 666.6 (17.2%),270.9 - 309.6 (14.9%)
2026-04-27,669.8500343121515,681.330325511242,669.6903353309991,677.4569702148438,12805200,15631445,-18.08,631.03,637.01,638.47,621.9,62.39,666.7 - 678.0 (38.5%),651.2 - 668.8 (23.5%),646.4 - 666.6 (17.3%),296.8 - 333.9 (12.7%)
2026-04-28,673.0844464119266,677.0176962940845,664.489217253305,670.189453125,10606800,15022025,-29.39,637.76,636.27,638.76,622.3,59.51,668.8 - 676.4 (33.2%),651.2 - 668.8 (23.5%),646.4 - 666.6 (17.2%),296.8 - 333.9 (12.7%)
2026-04-29,667.7636045616339,673.0944797535534,662.6723692427279,667.9732666015625,18947500,14324485,32.27,642.61,635.66,639.11,622.72,58.62,666.0 - 672.0 (33.1%),651.2 - 668.8 (23.0%),646.4 - 666.6 (17.2%),296.8 - 333.9 (12.7%)
2026-04-30,618.2586017744245,619.7859479396749,598.9717055442339,610.8612670898438,52765000,15782330,234.33,644.24,634.35,638.92,623.02,41.41,669.9 - 677.6 (30.4%),663.6 - 679.4 (20.1%),646.4 - 666.6 (17.0%),296.8 - 333.9 (12.7%)
2026-05-01,613.6365485572411,617.8193701850194,605.0712358749745,607.7067260742188,21404000,16176605,32.31,645.95,633.35,638.85,623.33,40.7,664.0 - 672.0 (27.4%),660.0 - 675.0 (18.1%),646.4 - 666.6 (17.0%),296.8 - 333.9 (12.7%)
2026-05-04,606.8981537761392,612.9477660987843,601.7170456287333,609.3638916015625,16203900,16511015,-1.86,647.81,632.37,638.76,623.61,41.27,608.0 - 616.0 (28.0%),662.4 - 676.2 (18.8%),646.4 - 666.6 (17.2%),296.8 - 333.9 (12.7%)
2026-05-05,612.2588828439087,613.2970785161436,599.3310648754198,603.9232177734375,17171300,16890540,1.66,649.31,631.44,638.55,623.88,39.91,605.9 - 614.2 (36.7%),661.5 - 675.0 (16.2%),646.4 - 666.6 (17.1%),296.8 - 333.9 (12.7%)
2026-05-06,600.0199080772063,618.8875416216711,597.0749516023062,611.8296508789062,19915500,16284485,22.3,649.33,630.38,638.44,624.13,42.85,605.9 - 614.2 (43.9%),607.5 - 621.0 (17.7%),646.4 - 666.6 (17.1%),296.8 - 333.9 (12.7%)
2026-05-07,613.6664238202088,623.9088493168618,612.4884534922683,615.7528686523438,12307400,15949210,-22.83,648.75,629.49,638.51,624.4,44.31,605.9 - 614.2 (43.4%),607.5 - 621.0 (19.1%),646.4 - 666.6 (17.1%),296.8 - 333.9 (12.7%)
2026-05-08,614.1456663784968,615.7129829832094,605.0213161255829,608.585205078125,13557000,15962320,-15.07,647.74,628.52,638.52,624.65,42.19,606.8 - 614.2 (49.3%),607.5 - 621.0 (20.6%),646.4 - 666.6 (17.1%),296.8 - 333.9 (12.7%)
2026-05-11,603.533915527778,603.8732987260729,597.0550476209405,597.8336791992188,15940600,16282405,-2.1,645.96,627.68,638.44,624.85,39.17,608.0 - 616.0 (45.1%),607.5 - 621.0 (20.5%),646.4 - 666.6 (17.1%),296.0 - 333.0 (13.3%)
2026-05-12,593.8006394881057,602.7153284632744,591.5844123107358,601.9666137695312,11351600,15959085,-28.87,642.99,627.07,638.45,625.06,40.92,608.0 - 616.0 (44.6%),607.5 - 621.0 (20.5%),646.4 - 666.6 (17.1%),293.6 - 330.3 (14.1%)
2026-05-13,597.8037594995824,618.837657653709,595.6374345129168,615.5732421875,14634400,15943175,-8.21,640.25,626.71,638.62,625.29,46.39,608.0 - 616.0 (49.3%),607.5 - 621.0 (22.0%),646.4 - 666.6 (17.1%),293.6 - 330.3 (14.1%)
2026-05-14,614.944289073115,622.6610217742586,613.9460028895547,617.3701171875,10651200,15998495,-33.42,637.33,626.3,638.86,625.54,47.09,608.0 - 616.0 (49.5%),607.5 - 621.0 (23.2%),646.4 - 666.6 (16.7%),293.6 - 330.3 (14.1%)
2026-05-15,612.9377892034477,620.135455286475,608.2658166797805,613.1773681640625,13272600,15847950,-16.25,633.62,625.8,639.08,625.77,45.6,608.0 - 616.0 (54.5%),607.5 - 621.0 (24.6%),646.4 - 666.6 (16.3%),293.6 - 330.3 (14.1%)
2026-05-18,608.0660990208263,614.5350350972873,602.6554048207697,610.1625366210938,13772400,15909870,-13.43,630.64,625.07,639.23,625.99,44.51,604.8 - 612.0 (52.4%),607.5 - 621.0 (25.6%),646.4 - 666.6 (16.4%),289.6 - 325.8 (15.4%)
2026-05-19,607.8764543920544,612.8778783201094,599.5208032426234,601.5772705078125,11749900,16064360,-26.86,627.34,624.51,639.15,626.21,41.47,609.0 - 616.0 (54.2%),607.5 - 621.0 (25.7%),646.4 - 666.6 (16.4%),289.6 - 325.8 (15.4%)
2026-05-20,599.7304526335664,606.9580352784536,596.7854960328639,604.0230712890625,11329700,16170065,-29.93,623.86,623.95,638.9,626.43,42.67,610.0 - 612.0 (33.8%),607.5 - 621.0 (25.7%),646.4 - 666.6 (16.4%),289.6 - 325.8 (15.4%)
2026-05-21,598.9716935873996,608.5552163125774,593.7905860006466,606.3390502929688,13476100,16260520,-17.12,621.28,623.18,638.69,626.68,43.85,606.0 - 608.0 (16.1%),607.5 - 621.0 (25.7%),646.4 - 666.6 (16.3%),289.6 - 325.8 (15.4%)
2026-05-22,606.838246230648,613.7563625825306,605.9098473363839,609.2141723632812,11688600,16177535,-27.75,618.04,622.42,638.38,626.91,45.35,608.0 - 610.0 (20.0%),607.5 - 621.0 (26.9%),646.4 - 666.6 (16.3%),289.6 - 325.8 (15.4%)
2026-05-26,607.8464888599174,613.4168818935308,604.2626146519137,611.2905883789062,12234200,16148985,-24.24,614.74,621.83,638.16,627.13,46.46,610.0 - 612.0 (24.7%),607.5 - 621.0 (28.4%),646.4 - 666.6 (16.4%),280.8 - 315.9 (16.6%)
2026-05-27,608.3556581766634,637.4057633477772,607.9563193089997,634.1713256835938,23143600,16775825,37.96,612.93,621.53,638.07,627.39,56.87,608.4 - 612.0 (27.1%),607.5 - 621.0 (28.0%),646.4 - 666.6 (16.3%),280.8 - 315.9 (16.6%)
2026-05-28,638.4040398455469,641.8980416273442,628.2315007921775,634.2012329101562,16772400,16667070,0.63,611.25,621.21,638.04,627.64,56.88,608.4 - 612.0 (26.5%),607.5 - 621.0 (27.8%),646.4 - 666.6 (16.2%),280.8 - 315.9 (16.6%)
2026-05-29,632.4143189973911,633.4126052152244,622.281689514161,631.426025390625,19806500,15019145,31.88,612.27,620.64,637.81,627.91,55.36,633.6 - 637.2 (20.0%),607.5 - 621.0 (27.7%),646.4 - 666.6 (16.2%),280.8 - 315.9 (16.5%)
2026-06-01,629.3196151062037,634.6604216515384,598.5025264432778,599.4408569335938,29138800,15405885,89.14,611.86,619.65,637.21,628.12,41.62,598.5 - 602.0 (24.5%),607.5 - 621.0 (27.2%),646.4 - 666.6 (16.2%),280.0 - 315.0 (16.2%)
2026-06-02,602.2061447656582,607.8364934375654,595.6573898697867,596.6057739257812,18252000,15508290,17.69,611.22,618.87,636.64,628.3,40.65,630.8 - 634.6 (27.2%),607.5 - 621.0 (27.0%),646.4 - 666.6 (16.1%),280.0 - 315.0 (16.2%)
2026-06-03,601.9666135784172,623.0803923074952,599.2413115918356,621.912353515625,23020100,15800730,45.69,612.12,618.47,636.37,628.55,51.46,630.8 - 634.6 (26.2%),607.5 - 621.0 (26.7%),646.4 - 666.6 (16.0%),280.0 - 315.0 (16.2%)
2026-06-04,622.601105447702,641.2990464500883,621.3632403719068,626.4944458007812,21469200,15878415,35.21,612.86,618.04,636.19,628.73,53.12,630.8 - 634.6 (25.0%),607.5 - 621.0 (26.5%),646.4 - 666.6 (15.7%),280.0 - 315.0 (16.2%)
2026-06-05,622.3915867034917,628.0718380797523,581.9110292634388,591.9837646484375,30091600,16767625,79.46,611.67,617.02,635.7,628.87,41.57,596.4 - 600.6 (18.5%),607.5 - 621.0 (26.1%),646.4 - 666.6 (15.6%),280.0 - 315.0 (16.2%)
2026-06-08,590.9854370177134,590.9854370177134,578.2273099921849,584.3867797851562,19512400,17065395,14.34,610.46,616.15,635.22,629.0,39.53,630.0 - 635.0 (22.8%),607.5 - 621.0 (25.9%),646.4 - 666.6 (15.7%),280.0 - 315.0 (16.2%)
2026-06-09,589.9871222602228,596.6057643945405,580.0142532419713,583.588134765625,16977400,17117235,-0.82,609.75,615.68,634.7,629.11,39.31,591.6 - 596.7 (18.1%),607.5 - 621.0 (25.8%),646.4 - 666.6 (15.6%),276.8 - 311.4 (16.0%)
2026-06-10,579.7347558037309,590.3066340250939,569.6221111934292,570.00146484375,17064000,17402855,-1.95,608.15,614.74,633.99,629.23,35.7,595.2 - 601.6 (17.4%),607.5 - 621.0 (25.6%),646.4 - 666.6 (15.6%),276.8 - 311.4 (15.9%)
2026-06-11,564.8602908302337,571.1893911411966,556.0553993401948,567.455810546875,17628000,17552535,0.43,605.74,613.83,633.32,629.38,35.05,629.8 - 636.5 (21.6%),607.5 - 621.0 (25.4%),646.4 - 666.6 (15.5%),276.8 - 311.4 (15.9%)
2026-06-12,571.9680395129554,575.0826873049916,559.938704060897,566.0082397460938,14326400,17736295,-19.23,603.17,613.02,632.52,629.54,34.66,564.4 - 571.2 (17.5%),607.5 - 621.0 (23.8%),646.4 - 666.6 (15.5%),276.0 - 310.5 (15.6%)
2026-06-15,579.4427159724761,600.795858737961,578.8431525395191,593.011962890625,17653300,17955330,-1.68,602.16,612.81,631.98,629.76,46.51,591.6 - 598.4 (22.2%),607.5 - 621.0 (23.7%),646.4 - 666.6 (15.5%),272.8 - 306.9 (13.3%)
2026-06-16,593.1818700134238,605.3322537623429,591.5331468141493,599.7366943359375,11344400,17833930,-36.39,601.64,612.93,631.48,630.05,48.99,591.6 - 598.4 (22.3%),607.5 - 621.0 (23.7%),646.4 - 666.6 (15.5%),272.8 - 306.9 (13.0%)
2026-06-17,591.5331725816898,593.3417428489197,565.7435277503374,567.1324462890625,20478300,18270350,12.08,599.92,612.33,630.68,630.25,39.44,564.4 - 571.2 (23.7%),607.5 - 621.0 (22.4%),646.4 - 666.6 (15.5%),272.8 - 306.9 (13.0%)
2026-06-18,572.3682769745303,579.7624046842873,562.6559105294999,576.7647705078125,28824600,19145095,50.56,598.56,612.08,629.94,630.47,42.98,565.5 - 572.0 (22.7%),607.5 - 621.0 (22.1%),646.4 - 666.6 (15.4%),272.8 - 306.9 (12.9%)
2026-06-22,571.5689356803741,575.3559250048318,559.3685422933314,563.4053344726562,15405500,19241565,-19.94,596.41,611.57,629.12,630.63,39.53,567.0 - 573.3 (20.3%),607.5 - 621.0 (22.5%),646.4 - 666.6 (15.4%),579.7 - 613.8 (12.6%)
2026-06-23,561.8066012038755,571.7487666818112,560.5775907162,561.7566528320312,13103300,19312300,-32.15,594.04,611.83,628.33,630.79,39.11,565.5 - 572.0 (26.0%),607.5 - 621.0 (22.5%),646.4 - 666.6 (15.4%),579.7 - 613.8 (12.7%)
2026-06-24,561.4469285838474,568.591253761232,555.1119012433646,557.230224609375,13963600,19398770,-28.02,591.34,612.37,627.43,631.0,37.93,565.8 - 572.7 (27.0%),607.5 - 621.0 (22.4%),646.4 - 666.6 (15.4%),579.7 - 613.8 (12.7%)
2026-06-25,555.1118879211193,555.9013039685537,539.7540133926082,542.44189453125,16968600,19090020,-11.11,586.75,612.48,626.47,631.19,34.28,564.3 - 570.0 (20.7%),607.5 - 621.0 (22.8%),646.4 - 666.6 (15.4%),579.7 - 613.8 (12.7%)
2026-06-26,542.9115767800729,556.4108722579447,539.9738926737891,549.8161010742188,18867700,19194785,-1.7,582.53,612.13,625.64,631.37,37.51,564.3 - 570.0 (21.7%),609.6 - 622.3 (19.3%),646.4 - 666.6 (15.3%),576.3 - 610.2 (11.6%)
2026-06-29,559.5583857816937,570.4498144711828,557.5599629753306,562.1563110351562,15011400,18955030,-20.81,579.07,611.86,624.85,631.58,42.59,564.3 - 570.0 (22.1%),605.0 - 617.1 (23.5%),646.4 - 666.6 (15.4%),606.6 - 640.3 (11.1%)
2026-06-30,560.4976417791106,565.0939897966132,550.9951316644288,562.8457641601562,18111100,18403645,-1.59,577.24,611.68,624.05,631.8,42.87,558.6 - 564.3 (25.8%),605.0 - 617.1 (23.8%),646.4 - 666.6 (15.3%),606.6 - 640.3 (11.1%)
2026-07-01,607.4305787144307,627.784571153574,594.6306830487989,612.4266357421875,45536300,19767860,130.36,578.03,612.36,623.76,632.09,58.51,560.0 - 567.0 (28.4%),605.0 - 617.1 (27.7%),606.0 - 626.2 (15.5%),606.6 - 640.3 (11.5%)
2026-07-02,607.4206544757068,609.5189740900589,579.9622828274885,582.4403686523438,21705900,19702150,10.17,576.05,612.49,623.25,632.28,49.66,560.0 - 567.0 (28.0%),605.0 - 617.1 (27.4%),606.0 - 626.2 (15.5%),606.6 - 640.3 (11.5%)
2026-07-06,594.3709360150443,603.1040338931904,581.301233826573,599.8165893554688,17674100,19512395,-9.42,574.72,612.3,622.82,632.52,54.0,560.0 - 567.0 (24.0%),605.0 - 617.1 (27.2%),606.0 - 626.2 (15.5%),606.6 - 640.3 (11.5%)
2026-07-07,607.1109147253509,624.8768626804635,603.1839600389557,615.0946044921875,18560800,18935855,-1.98,575.88,612.1,622.61,632.81,57.48,562.1 - 569.4 (26.1%),605.0 - 617.1 (28.7%),606.0 - 626.2 (15.8%),606.6 - 640.3 (11.7%)
2026-07-08,613.9055418180343,615.5142576272189,597.5384532703483,602.6444091796875,13606500,18640560,-27.01,576.79,611.66,622.38,633.05,53.9,576.7 - 584.0 (19.6%),605.0 - 617.1 (26.2%),606.0 - 626.2 (15.8%),606.6 - 640.3 (11.7%)
2026-07-09,583.529455055522,632.77062206454,576.6149292518581,630.9819946289062,26579700,19120675,39.01,579.16,611.62,622.53,633.35,60.0,560.7 - 569.6 (24.2%),605.0 - 617.1 (26.0%),606.0 - 626.2 (15.8%),606.6 - 640.3 (11.9%)
2026-07-10,659.8193113874754,677.3254544051542,657.491131647921,668.6823120117188,40608900,20297920,100.06,584.09,611.74,622.94,633.69,66.37,554.4 - 567.0 (25.6%),605.0 - 617.1 (25.4%),606.0 - 626.2 (15.6%),606.6 - 640.3 (11.9%)
2026-07-13,660.858454671636,676.0864269737083,653.6841239854351,656.2120971679688,19840700,20408555,-2.78,588.53,611.51,623.25,633.99,62.81,604.8 - 617.4 (21.4%),605.0 - 617.1 (25.1%),606.0 - 626.2 (15.6%),606.6 - 640.3 (11.9%)
2026-07-14,651.4858277274717,665.9743929146624,648.5381419230179,660.5186767578125,16748200,20529645,-18.42,593.26,611.25,623.73,634.3,63.53,604.8 - 617.4 (21.1%),605.0 - 617.1 (25.2%),646.4 - 666.6 (15.8%),606.6 - 640.3 (11.9%)
2026-07-15,663.0767089741589,685.5390243545221,656.1421789132482,680.7727661132812,19003400,20597150,-7.74,597.64,611.14,624.31,634.62,66.82,607.2 - 621.0 (20.8%),605.0 - 617.1 (25.1%),646.4 - 666.6 (15.7%),606.6 - 640.3 (11.9%)
2026-07-16,676.7459348014426,681.3622866487058,659.6393793096187,664.0159301757812,15816000,20820730,-24.04,600.86,611.05,624.46,634.92,61.85,602.6 - 615.7 (25.3%),605.0 - 617.1 (24.9%),646.4 - 666.6 (16.1%),606.6 - 640.3 (11.9%)
2026-07-17,647.1892801723585,651.68573177941,625.5063791142821,645.5006103515625,22267900,20910210,6.49,604.78,610.68,624.37,635.15,56.82,606.9 - 618.8 (20.6%),609.5 - 621.0 (19.0%),646.4 - 666.6 (16.1%),606.6 - 640.3 (11.9%)
2026-07-20,646.1900645769782,652.784835830389,635.5084916103011,645.3406982421875,10225200,19980240,-48.82,608.2,610.21,624.16,635.4,56.78,601.8 - 613.6 (19.3%),609.5 - 621.0 (19.0%),646.4 - 666.6 (16.1%),640.3 - 674.0 (12.0%)
2026-07-21,653.664124760039,655.3627963853286,642.6928027946103,643.3023071289062,9140500,19666990,-53.52,612.2,609.96,623.92,635.65,56.2,607.6 - 617.4 (21.6%),609.5 - 621.0 (19.0%),646.4 - 666.6 (16.1%),640.3 - 674.0 (12.1%)
2026-07-22,647.189254956408,648.4882176170956,623.5079318845419,626.6754150390625,11019600,19562805,-43.67,615.45,609.18,623.59,635.86,51.55,637.0 - 646.8 (15.8%),609.5 - 621.0 (19.0%),646.4 - 666.6 (16.1%),640.3 - 674.0 (12.1%)
2026-07-23,607.9301851876114,614.1653155952538,596.7490071058414,605.6220092773438,15494800,19639365,-21.1,617.87,607.98,622.5,636.02,46.32,656.1 - 664.2 (20.4%),598.0 - 609.5 (19.0%),646.4 - 666.6 (16.0%),640.3 - 674.0 (12.1%)
2026-07-24,604.8226548171024,609.4989569016461,593.9812354037057,594.7206420898438,11503500,19366110,-40.6,620.48,606.72,621.5,636.16,43.84,662.2 - 670.8 (21.0%),598.0 - 609.5 (19.1%),646.4 - 666.6 (16.0%),640.3 - 674.0 (12.1%)
2026-07-27,606.7411202287035,610.7779733376527,592.6622656813121,593.4016723632812,11195300,18982490,-41.02,622.66,605.48,620.57,636.3,43.54,661.2 - 669.9 (21.6%),598.0 - 609.5 (19.1%),646.4 - 666.6 (16.1%),640.3 - 674.0 (12.2%)
2026-07-28,596.3493616660036,600.5260580457825,586.5370982909723,592.9420166015625,12009300,18832385,-36.23,624.2,605.18,619.76,636.46,43.42,660.0 - 668.8 (28.7%),598.0 - 609.5 (19.1%),646.4 - 666.6 (16.0%),640.3 - 674.0 (12.3%)
2026-07-29,592.7821833537371,599.4968549179539,581.7608519604674,585.148193359375,22371100,19045385,17.46,625.31,604.8,619.08,636.61,41.46,662.4 - 672.0 (21.4%),598.0 - 609.5 (19.0%),646.4 - 666.6 (16.0%),640.3 - 674.0 (12.3%)
2026-07-30,525.58522592167,539.4542858116451,524.0764068649972,538.60498046875,42271500,18882145,123.87,621.62,603.62,618.0,636.66,32.12,667.4 - 681.6 (21.3%),601.8 - 613.6 (22.3%),646.4 - 666.6 (15.9%),640.3 - 674.0 (12.2%)
2026-07-31,543.171288392182,557.8897136701136,539.7939490076644,556.27099609375,24261500,19009925,27.63,620.31,602.83,617.13,636.75,37.85,582.2 - 596.4 (21.7%),601.8 - 613.6 (20.3%),646.4 - 666.6 (15.9%),640.3 - 674.0 (12.2%)
2026-08-03,561.7966164985271,597.0488245114987,558.9188827428958,589.7745361328125,25938100,19423125,33.54,619.81,602.46,616.42,636.9,46.97,582.2 - 596.4 (30.8%),601.8 - 613.6 (18.7%),646.4 - 666.6 (16.0%),640.3 - 674.0 (12.2%)
2026-08-04,581.0414552494501,592.32253050782,577.794018053301,587.4763793945312,17959200,19393045,-7.39,618.43,601.99,615.74,637.06,46.47,582.2 - 596.4 (37.3%),601.8 - 613.6 (17.2%),646.4 - 666.6 (15.9%),572.9 - 606.6 (12.3%)
2026-08-05,599.9865089938204,600.5260612032997,579.6625219517506,588.3057250976562,14897200,19457580,-23.44,617.71,601.65,615.08,637.23,46.69,587.5 - 600.0 (28.4%),590.0 - 601.8 (16.5%),646.4 - 666.6 (15.9%),572.9 - 606.6 (12.4%)
2026-08-06,586.487189429669,594.8405827519979,585.5379263278069,589.4348754882812,11811500,18719170,-36.9,615.64,601.51,614.6,637.39,47.02,588.5 - 599.2 (27.6%),590.0 - 601.8 (16.5%),646.4 - 666.6 (15.9%),572.9 - 606.6 (12.5%)
2026-08-07,585.1781899072663,598.2678350979388,585.1581861630435,591.633056640625,11250300,17251240,-34.79,611.78,601.34,614.21,637.59,47.68,588.5 - 599.2 (33.3%),590.0 - 601.8 (17.6%),646.4 - 666.6 (15.9%),572.9 - 606.6 (12.6%)
2026-08-10,598.657568915248,607.7304260788247,591.5631919202813,594.4508666992188,14967300,17007570,-12.0,608.7,600.99,613.85,637.78,48.57,588.0 - 598.5 (44.3%),590.0 - 601.8 (17.5%),646.4 - 666.6 (15.9%),572.9 - 606.6 (12.7%)
2026-08-11,597.5284100969216,611.9470231090784,592.9320621063698,598.6475219726562,13146900,16827505,-21.87,605.6,600.68,613.49,637.98,49.93,589.6 - 598.4 (33.4%),590.0 - 601.8 (18.6%),646.4 - 666.6 (15.9%),572.9 - 606.6 (12.8%)
2026-08-12,600.5960026412422,604.023290419805,577.7540447074138,578.3934936523438,16186900,16686680,-3.0,600.48,600.1,612.95,638.13,43.88,589.6 - 596.3 (32.7%),590.0 - 601.8 (18.6%),646.4 - 666.6 (15.8%),572.9 - 606.6 (13.0%)
2026-08-13,580.2520897369063,595.380104391766,578.9331233348041,594.5007934570312,11164200,16454090,-32.15,597.01,599.84,612.45,638.28,49.16,588.0 - 594.0 (33.4%),590.0 - 601.8 (19.6%),653.4 - 673.2 (17.7%),572.9 - 606.6 (13.0%)
2026-08-14,596.5092089028919,601.3853654698224,588.8252707092146,589.3848266601562,8758000,15778595,-44.49,594.2,599.63,612.07,638.43,47.63,588.0 - 594.0 (37.1%),590.0 - 601.8 (19.7%),653.4 - 673.2 (17.7%),572.9 - 606.6 (13.1%)
2026-08-17,589.2849441761664,589.774548021712,564.3046582848494,568.5213012695312,17225600,16128615,6.8,590.36,599.04,611.49,638.51,41.89,588.0 - 594.0 (32.0%),590.0 - 601.8 (19.6%),601.4 - 620.8 (16.5%),572.9 - 606.6 (13.2%)
2026-08-18,557.0403796583744,560.2178647510921,542.7816737373303,543.2412719726562,27094900,17026335,59.14,585.36,597.99,610.59,638.53,36.2,588.0 - 594.0 (26.0%),590.0 - 601.8 (18.3%),601.4 - 620.8 (16.4%),571.2 - 604.8 (13.0%)
2026-08-19,540.9131223962278,553.6330639150415,536.8463247077087,545.5994262695312,16971700,17323940,-2.03,581.3,596.93,609.67,638.55,37.06,588.0 - 594.0 (26.5%),590.0 - 601.8 (18.2%),601.4 - 620.8 (16.4%),571.2 - 604.8 (13.0%)
2026-08-20,546.5187091013889,549.5562899225255,538.8847190657524,545.3995971679688,13872200,17242810,-19.55,578.29,595.83,608.83,638.53,37.01,588.5 - 594.0 (23.5%),590.0 - 601.8 (18.2%),601.4 - 620.8 (16.4%),571.2 - 604.8 (13.0%)
2026-08-21,546.4587335768297,553.4332095869578,542.8015857242297,549.4663696289062,13848000,17360035,-20.23,576.03,594.42,607.98,638.51,38.66,588.5 - 594.0 (24.6%),590.0 - 601.8 (18.2%),601.4 - 620.8 (16.4%),571.2 - 604.8 (13.0%)
2026-08-24,549.7661710202622,560.9772946036173,545.8692218355393,558.5792236328125,12990600,17449800,-25.55,574.29,593.16,607.19,638.51,42.31,544.5 - 550.0 (20.1%),590.0 - 601.8 (18.0%),601.4 - 620.8 (16.4%),571.2 - 604.8 (13.0%)
2026-08-25,563.4353464162,570.3498724402046,560.9573215839381,569.6004638671875,9769100,17337790,-43.65,573.12,592.13,606.38,638.53,46.45,544.5 - 550.0 (20.9%),590.0 - 601.8 (18.0%),601.4 - 620.8 (16.4%),567.8 - 601.2 (13.4%)
2026-08-26,589.8444773654404,592.8721171723366,561.4369046651577,575.6856689453125,31416300,17790050,76.59,572.65,591.73,605.69,638.55,48.65,544.5 - 550.0 (19.4%),590.0 - 601.8 (17.9%),601.4 - 620.8 (16.3%),567.8 - 601.2 (13.6%)
2026-08-27,576.0253592943615,587.926001033879,567.1723610665189,570.6495971679688,15221400,16437545,-7.4,574.25,591.3,605.09,638.57,46.93,544.5 - 550.0 (19.1%),590.0 - 601.8 (17.9%),601.4 - 620.8 (16.2%),567.8 - 601.2 (13.7%)
2026-08-28,571.0992793335739,588.7253835559844,570.5497252457161,577.564208984375,16042400,16026590,0.1,575.32,590.56,604.52,638.6,49.56,544.5 - 550.0 (18.7%),590.0 - 601.8 (18.0%),601.4 - 620.8 (16.2%),567.8 - 601.2 (13.8%)
2026-08-31,577.1744781551006,578.2236379136884,568.6911832402849,571.888671875,13383800,15398875,-13.09,574.42,589.65,603.85,638.6,47.48,566.5 - 572.0 (23.5%),566.4 - 578.2 (16.3%),601.4 - 620.8 (16.2%),567.8 - 601.2 (14.0%)
2026-09-01,557.9096596695957,584.4887194481862,555.6614340241316,578.083740234375,15796900,15290760,3.31,573.95,589.42,603.22,638.61,49.95,540.6 - 545.7 (24.2%),566.4 - 578.2 (17.7%),601.4 - 620.8 (16.1%),567.8 - 601.2 (14.1%)
2026-09-02,578.3335366296732,599.9065373056851,576.5449702025707,592.3824462890625,16552700,15373535,7.67,574.16,589.55,602.85,638.66,55.18,540.6 - 545.7 (24.1%),566.4 - 578.2 (17.8%),601.4 - 620.8 (16.1%),567.8 - 601.2 (14.2%)
2026-09-03,604.0133041368691,618.9715308723809,603.8733999005765,610.1984252929688,19737100,15769815,25.16,575.19,590.0,602.84,638.73,60.7,569.5 - 576.2 (28.1%),566.4 - 578.2 (17.8%),601.4 - 620.8 (16.5%),567.8 - 601.2 (14.2%)
2026-09-04,611.8670721034152,616.9730886717387,604.7926993516937,616.2836303710938,15966200,16005610,-0.25,576.43,590.77,602.75,638.78,62.4,569.4 - 576.7 (27.3%),566.4 - 578.2 (18.0%),601.4 - 620.8 (16.9%),567.8 - 601.2 (14.2%)
2026-09-08,615.7241045276966,624.3072966603136,609.2591747857786,612.9962158203125,18909700,16202730,16.71,577.35,591.53,602.68,638.84,60.87,575.1 - 582.2 (27.4%),566.4 - 578.2 (18.3%),601.4 - 620.8 (17.3%),567.8 - 601.2 (14.3%)
2026-09-09,648.1284941622514,657.3411939542544,638.056426220049,653.1744995117188,35900700,17340420,107.03,580.08,592.98,603.0,638.98,70.43,572.4 - 583.2 (25.4%),566.4 - 578.2 (16.5%),601.4 - 620.8 (17.2%),567.8 - 601.2 (14.2%)
2026-09-10,653.1945472302951,662.9768054946985,641.6336632885306,643.8718872070312,21531900,17607670,22.29,583.35,593.83,603.32,639.1,66.38,572.0 - 582.4 (24.6%),566.4 - 578.2 (14.9%),601.4 - 620.8 (17.2%),567.8 - 601.2 (14.2%)
2026-09-11,652.9947023490145,663.716221985592,645.6904688887529,647.51904296875,16925000,17895710,-5.42,586.0,594.62,603.78,639.24,67.18,570.0 - 579.5 (35.3%),566.4 - 578.2 (14.8%),601.4 - 620.8 (17.2%),567.8 - 601.2 (14.2%)
2026-09-14,657.311302577125,668.072768706455,648.708045415434,665.0751342773438,19332300,18424425,4.93,589.79,596.26,604.29,639.4,70.77,570.0 - 579.5 (34.5%),566.4 - 578.2 (14.8%),601.4 - 620.8 (17.1%),567.8 - 601.2 (14.2%)
2026-09-15,658.7801108800835,678.3346866933342,655.6825797136325,669.7114868164062,19502800,18538285,5.2,594.85,597.8,604.94,639.58,71.65,643.5 - 653.4 (26.9%),566.4 - 578.2 (14.7%),601.4 - 620.8 (17.1%),567.8 - 601.2 (14.2%)
2026-09-16,679.3738238485387,684.7695900234191,671.3801323225093,672.779052734375,17217800,18044430,-4.58,601.33,599.63,605.6,639.76,72.24,663.0 - 673.2 (21.4%),566.4 - 578.2 (13.0%),601.4 - 620.8 (17.0%),567.8 - 601.2 (14.2%)
2026-09-17,681.9018750257407,682.6612854975235,666.5239959332205,681.77197265625,15928000,17992245,-11.47,608.13,601.63,606.73,639.99,73.97,660.0 - 671.0 (14.8%),583.1 - 595.0 (16.9%),601.4 - 620.8 (17.0%),567.8 - 601.2 (14.2%)
2026-09-18,688.0769980771287,689.6058209010791,660.278927643704,665.2250366210938,27596400,18678455,47.74,614.13,603.43,607.9,640.18,65.85,660.0 - 671.0 (24.2%),583.1 - 595.0 (16.5%),601.4 - 620.8 (17.0%),567.8 - 601.2 (14.2%)
2026-09-21,680.2999877929688,753.0,679.5999755859375,741.25,48720500,20422080,138.57,623.71,606.74,609.61,640.53,77.87,652.0 - 668.3 (26.8%),574.6 - 591.5 (17.1%),603.9 - 622.2 (16.2%),567.8 - 601.2 (14.2%)
2026-09-22,731.4000244140625,757.27001953125,730.0,736.5999755859375,28122100,21178655,32.79,632.62,609.85,610.99,640.88,76.11,730.1 - 745.0 (23.9%),574.6 - 591.5 (16.9%),603.9 - 622.2 (16.1%),567.8 - 601.2 (14.2%)
2026-09-23,747.5999755859375,763.9000244140625,739.510009765625,744.0999755859375,30829200,22231660,38.67,641.34,612.89,612.37,641.22,77.01,737.0 - 750.4 (23.7%),581.4 - 598.5 (17.4%),644.4 - 662.3 (16.2%),567.8 - 601.2 (14.2%)
2026-09-24,744.3599853515625,779.8200073242188,743.010009765625,777.5900268554688,34808500,22401270,55.39,651.44,616.47,614.07,641.68,80.55,660.0 - 676.5 (23.8%),577.1 - 597.0 (21.0%),601.4 - 620.8 (16.6%),567.8 - 601.2 (14.1%)
2026-09-25,768.8499755859375,769.5700073242188,746.5399780273438,751.6599731445312,25753100,22927855,12.32,660.49,618.79,615.57,642.07,71.38,660.0 - 676.5 (23.2%),577.1 - 597.0 (20.9%),601.4 - 620.8 (16.6%),567.8 - 601.2 (14.1%)
