{
  "0": {
    "count": 13,
    "bands": {
      "D20_slope": {
        "P10": 1.3185273195668046,
        "P25": 1.8280441636705058,
        "Med": 2.453034319030789,
        "P75": 3.0871097774384237,
        "P90": 3.3243336097007647
      },
      "D60_slope": {
        "P10": 0.9208393514007973,
        "P25": 1.246111525459992,
        "Med": 1.660021564309977,
        "P75": 2.1485665009138843,
        "P90": 2.3068329298401036
      },
      "D_diff": {
        "P10": 0.07675653948254986,
        "P25": 0.44880791713477475,
        "Med": 0.7935443810566989,
        "P75": 1.1745805357229688,
        "P90": 1.4956567127834974
      },
      "W20_slope": {
        "P10": 1.8690297821944848,
        "P25": 4.735583153112732,
        "Med": 5.150211761047019,
        "P75": 5.926694471206373,
        "P90": 6.504605348706436
      },
      "W60_slope": {
        "P10": 1.981053084609017,
        "P25": 3.3388911957477507,
        "Med": 4.400132673814916,
        "P75": 5.70329900668205,
        "P90": 5.836845432974069
      },
      "M3_slope": {
        "P10": 6.336230988582008,
        "P25": 9.332993628709051,
        "Med": 12.439482020455394,
        "P75": 16.63761370561394,
        "P90": 19.971824920608178
      },
      "M6_slope": {
        "P10": 11.125499289118551,
        "P25": 18.47396757554445,
        "Med": 25.170163179380346,
        "P75": 36.154087539268744,
        "P90": 42.44113987037533
      },
      "d_DISP20": {
        "P10": 4.099642695454837,
        "P25": 4.668124778334359,
        "Med": 7.098970838422924,
        "P75": 9.76930907529756,
        "P90": 10.414490783823856
      },
      "d_DISP60": {
        "P10": 7.205411381356651,
        "P25": 9.9523224629674,
        "Med": 12.08084021831921,
        "P75": 15.475279304272549,
        "P90": 17.257611781874438
      },
      "D_SPREAD": {
        "P10": 1.9560087595264932,
        "P25": 4.462698222557093,
        "Med": 5.229974447416508,
        "P75": 6.725353969103431,
        "P90": 7.049296580055104
      },
      "w_DISP20": {
        "P10": 4.5568433354731805,
        "P25": 7.748733814460751,
        "Med": 9.811306538195907,
        "P75": 15.644210257212654,
        "P90": 16.861813307014003
      },
      "w_DISP60": {
        "P10": 14.098578412398926,
        "P25": 26.65671187325134,
        "Med": 33.17092511103723,
        "P75": 39.05664439359564,
        "P90": 43.4263363528636
      },
      "w_SPREAD": {
        "P10": 8.98027959018803,
        "P25": 13.664107997230657,
        "Med": 17.25115856749153,
        "P75": 22.823977984673107,
        "P90": 24.53782294019041
      },
      "M_DISP20": {
        "P10": 17.4215967757197,
        "P25": 18.205308515398254,
        "Med": 32.903401025778976,
        "P75": 51.021137036590545,
        "P90": 53.39907518417846
      },
      "D_RSI_END": {
        "P10": 66.0883130366825,
        "P25": 68.94761139323072,
        "Med": 71.2270389303052,
        "P75": 73.0597881742543,
        "P90": 74.82538220477757
      },
      "W_RSI_END": {
        "P10": 58.86420740321638,
        "P25": 62.0988802156104,
        "Med": 68.64829159500371,
        "P75": 70.8969460220986,
        "P90": 73.56405485077482
      },
      "M_RSI_END": {
        "P10": 70.1015446009359,
        "P25": 72.03120431795794,
        "Med": 74.20138879892536,
        "P75": 83.83178547762746,
        "P90": 87.95389067515923
      }
    }
  },
  "1": {
    "count": 4,
    "bands": {
      "D20_slope": {
        "P10": 8.652208361846718,
        "P25": 12.057217459202402,
        "Med": 16.336637486381523,
        "P75": 20.509435833339168,
        "P90": 23.722525906296198
      },
      "D60_slope": {
        "P10": 8.781046987340916,
        "P25": 10.02286831051961,
        "Med": 11.950762453831976,
        "P75": 14.809090104746552,
        "P90": 17.725691741609232
      },
      "D_diff": {
        "P10": -0.12883862549419844,
        "P25": 2.0343491486827903,
        "Med": 4.385875032549547,
        "P75": 5.700345728592616,
        "P90": 5.996834164686968
      },
      "W20_slope": {
        "P10": 34.64895914611639,
        "P25": 35.012683237164794,
        "Med": 37.28694979415323,
        "P75": 43.26125431675385,
        "P90": 50.28504674590418
      },
      "W60_slope": {
        "P10": 26.7729966606555,
        "P25": 26.885110157602654,
        "Med": 29.8026245037843,
        "P75": 33.54014959799298,
        "P90": 35.128282441388784
      },
      "M3_slope": {
        "P10": 70.27827133772024,
        "P25": 73.92361171715493,
        "Med": 82.81542951743347,
        "P75": 92.4639094581506,
        "P90": 97.47124169037471
      },
      "M6_slope": {
        "P10": 171.10324232433183,
        "P25": 171.88083928753807,
        "Med": 177.9682332826166,
        "P75": 198.02538941029223,
        "P90": 223.9485582121733
      },
      "d_DISP20": {
        "P10": 27.451822020742878,
        "P25": 31.20197337582816,
        "Med": 36.387482665189864,
        "P75": 40.07874897938547,
        "P90": 41.13926297917179
      },
      "d_DISP60": {
        "P10": 65.64763499165252,
        "P25": 70.78713415441845,
        "Med": 79.90351254664697,
        "P75": 91.3718861860779,
        "P90": 100.74497679380819
      },
      "D_SPREAD": {
        "P10": 29.962625376177336,
        "P25": 30.165785843487047,
        "Med": 31.869981434462503,
        "P75": 36.578031149072935,
        "P90": 42.188129038925595
      },
      "w_DISP20": {
        "P10": 64.38593121894183,
        "P25": 72.3990911214448,
        "Med": 77.54417607635125,
        "P75": 82.34090877192322,
        "P90": 89.72703460762415
      },
      "w_DISP60": {
        "P10": 180.0133584286713,
        "P25": 186.64720382015568,
        "Med": 191.97451321347364,
        "P75": 201.99049192044257,
        "P90": 217.06394207649873
      },
      "w_SPREAD": {
        "P10": 64.33763059580724,
        "P25": 64.59192755188064,
        "Med": 66.39203957972751,
        "P75": 69.35810249480966,
        "P90": 71.7111110479066
      },
      "M_DISP20": {
        "P10": 136.5609919607494,
        "P25": 154.77985536714664,
        "Med": 188.4903882893045,
        "P75": 217.87799246548968,
        "P90": 228.3155841291361
      },
      "D_RSI_END": {
        "P10": 72.01577107359529,
        "P25": 76.07269837271262,
        "Med": 79.75815730416329,
        "P75": 82.17974437233353,
        "P90": 83.96170231754608
      },
      "W_RSI_END": {
        "P10": 79.21740199387784,
        "P25": 80.83141736725693,
        "Med": 83.52255732229995,
        "P75": 86.19716576300604,
        "P90": 87.78142441057874
      },
      "M_RSI_END": {
        "P10": 76.9210438419674,
        "P25": 83.10369792366666,
        "Med": 86.78577127397264,
        "P75": 87.64128883389405,
        "P90": 88.73614249290108
      }
    }
  },
  "2": {
    "count": 1,
    "bands": {
      "D20_slope": {
        "P10": 37.04291455836175,
        "P25": 37.04291455836175,
        "Med": 37.04291455836175,
        "P75": 37.04291455836175,
        "P90": 37.04291455836175
      },
      "D60_slope": {
        "P10": 23.828369549366514,
        "P25": 23.828369549366514,
        "Med": 23.828369549366514,
        "P75": 23.828369549366514,
        "P90": 23.828369549366514
      },
      "D_diff": {
        "P10": 13.214545008995238,
        "P25": 13.214545008995238,
        "Med": 13.214545008995238,
        "P75": 13.214545008995238,
        "P90": 13.214545008995238
      },
      "W20_slope": {
        "P10": 47.225757557518875,
        "P25": 47.225757557518875,
        "Med": 47.225757557518875,
        "P75": 47.225757557518875,
        "P90": 47.225757557518875
      },
      "W60_slope": {
        "P10": 19.013308730649882,
        "P25": 19.013308730649882,
        "Med": 19.013308730649882,
        "P75": 19.013308730649882,
        "P90": 19.013308730649882
      },
      "M3_slope": {
        "P10": 19.64221044518768,